euid,siteid,treatmentid,sitecode,eucode,State,ACE_mg/g,%OM_LOI,CO2_24hr,M3_Al,M3_As,M3_B,M3_Ba,AA_Ca,M3_Ca,M3_Cd,Texture_Class,M3_Co,M3_Cr,DTPA_Cu,M3_Cu,Salts_mmho/cm,DTPA_Fe,M3_Fe,AA_K,M3_K,AA_Mg,M3_Mg,DTPA_Mn,M3_Mn,M3_Mo,AA_Na,M3_Na,M3_Ni,M3_P,Olsen_P,M3_Pb,pH,M3_S,b_soc,C%_dry_combustion,N%_dry_combustion,DTPA_Zn,M3_Zn,ECEC,C_Mineralization_Pot,OC_H2O_mg/kg,H3A_IN_ppm,H3A_IP_mg/kg,H3A_NH4_mg/kg,H3A_NO3_mg/kg,H3A_OP_mg/kg,H3A_TP_mg/kg,H3A_ICAPAl,H3A_ICAPCa,H3A_ICAPCu,H3A_ICAPFe,H3A_ICAPK,H3A_ICAPMg,H3A_ICAPMn,H3A_ICAPNa,H3A_ICAPS,H3A_ICAPZn,%OM_LOI2,Buffer_pH,WEN_mg/kg,WEON_mg/kg
294,34,144,USAL01,USAL01001,Alabama,5.385084796,1.5924081822408191,35.78893429,584.765,0.13016,0.24264,7.61441,,594.892,0.05,sand loam,0.21209,,,8.33354,0.0561,,103.211,,120.231,,63.8999,,23.3077,,,1.14611,0.26219,197.696,,2.51582,5.31,15.97517,1.23081,1.23081,0.11605,,11.6441,3.820231767,15.5556,73,4.6,41.7,1.7,2.8,1.8,43,130,287,0.94,52,59,47,3.7,13,1.6,3.61,2.3,6.6,8.9,5.2
286,34,142,USAL01,USAL01002,Alabama,5.080453796,1.4687179487179463,21.27990688,622.556,,0.32322,4.32586,,137.886,0.05,sand loam,0.15435,2.72123,,2.22792,0.0449,,93.8848,,64.7654,,24.6085,,9.80345,,,1.46036,0.43394,69.7655,,2.63267,4.22,14.82687,1.39256,1.39256,0.11823,,1.6204,1.066975609,13.049999999999999,76,2.8,8.9,1,1.8,2.3,11,161,67,0.27,55,27,18,3.1,11,2.6,0.54,2.8,6.1,7.7,5.6
278,34,140,USAL01,USAL01003,Alabama,5.452833304,1.8060110803324294,41.59254526,575.252,0.12459,0.2911,7.13689,,664.088,0.05,sand loam,0.18291,,,9.03549,0.0969,,107.866,,126.283,,86.5701,,21.8651,,,1.41171,0.2378,235.179,,2.43636,5.55,16.84087,1.06525,1.06525,0.10991,,13.1381,4.371800752,20.6016,77,4.3,62.6,1.6,2.7,0.7,63,103,329,0.98,40,58,61,2.7,10,1.6,4.22,2.7,6.7,11.9,8.8
270,34,138,USAL01,USAL01004,Alabama,5.095833051,1.4470483948251018,33.8543973,579.122,,0.46571,5.6946,,507.129,0.05,sand loam,0.16304,1.88106,,1.41913,0.0923,,93.7186,,73.9441,,99.859,,12.5366,,,1.49309,0.13694,141.461,,2.77279,5.34,14.97587,0.96898,0.96898,0.09859,,2.19103,3.563899856,15.137999999999998,71,8.5,23.4,5.2,3.3,1.4,25,131,230,0.09,45,37,65,2,10,1.8,0.61,2.6,6.6,12.4,5.8
274,34,139,USAL01,USAL01005,Alabama,4.291260065,1.174011461318045,31.43622607,534.536,0.1365,0.39225,6.36226,,394.141,0.05,sand loam,0.13722,1.18857,,5.75313,0.0688,,180.313,,98.5946,,47.4735,,18.3778,,,1.35162,0.22207,184.648,,2.2319,5.36,12.79967,1.11272,1.11272,0.1023,,7.11189,2.625005141,18.548399999999997,65,4.2,33.5,2.2,2,2.7,36,102,200,1.03,63,46,36,3.3,11,1.5,2.48,2,6.7,8.9,6.4
266,34,137,USAL01,USAL01006,Alabama,3.661883602,0.9832883967260333,29.01805483,548.252,0.14334,0.22011,5.57692,,302.698,0.05,sand loam,0.13521,,,1.42877,0.0503,,145.501,,56.0155,,55.474,,13.2236,,,0.375,0.13693,105.698,,2.45838,5.17,11.23177,0.72271,0.72271,0.0691,,1.55588,2.121040016,16.6344,59,4.3,15.8,2.1,2.2,2.1,18,118,143,0.23,62,22,38,2.7,11,1.4,0.52,1.7,6.6,8.2,3.9
282,34,141,USAL01,USAL01007,Alabama,3.645126487,1.0034801762114698,25.6326151,501.369,0.15261,0.22418,4.98214,,302.443,0.05,sand loam,0.13106,,,1.71842,0.0433,,166.264,,38.8308,,51.6071,,13.4235,,,0.375,0.13298,64.703,,2.28843,5.21,11.22887,0.8424,0.8424,0.07634,,1.60003,2.043476921,10.3704,67,1.7,6.9,0.3,1.3,2.7,10,104,149,0.24,72,14,38,2.9,11,1.5,0.45,2,6.7,7,5.6
290,34,143,USAL01,USAL01008,Alabama,4.960383912,1.1738286235186743,34.33803155,548.392,0.18803,0.32015,6.08667,,437.158,0.05,sand loam,0.14854,,,6.82625,0.0546,,230.864,,80.3934,,46.7546,,21.767,,,1.10797,0.23233,208.827,,2.3591,5.07,13.90277,1.13968,1.13968,0.10215,,8.99154,2.786374362,15.3468,74,2.3,40.4,0.1,2.2,2.6,43,89,229,1.18,78,31,36,5,13,1.7,3.27,2.2,6.6,7.9,5.2
291,34,143,USAL01,USAL01009,Alabama,4.239531152,1.0913627992633352,29.01805483,537.236,0.17516,0.29217,5.87852,,430.07,0.05,sand loam,0.14771,,,6.3302,0.0549,,202.416,,69.785,,46.266,,21.4124,,,1.23773,0.22571,201.976,,2.25312,5.28,13.07297,0.89676,0.89676,0.08707,,8.08189,2.72022258,16.147199999999998,63,1.5,42.4,0.1,1.4,2.2,45,91,242,1.17,67,28,39,3.8,12,1.5,3.02,2.1,6.7,7.7,6.4
283,34,141,USAL01,USAL01010,Alabama,4.782854586,1.2018181818181801,36.27256854,543.213,0.15913,0.35423,4.97163,,293.54,0.05,sand loam,0.14508,1.4447,,1.83735,0.055,,182.097,,51.4429,,44.6717,,15.366,,,1.40968,0.15157,97.6744,,2.20901,4.99,13.12407,1.17496,1.17496,0.10241,,2.1682,1.978008315,11.971199999999998,66,2.2,11,0.5,1.7,2.5,14,89,149,0.29,69,16,33,3.7,11,1.5,0.73,2,6.6,6,4.1
275,34,139,USAL01,USAL01011,Alabama,4.217400345,1.8827562642368991,39.17437402,544.596,0.17501,0.32878,6.34518,,439.568,0.05,sand loam,0.15944,,,6.03368,0.0868,,182.317,,119.211,,53.6441,,22.804,,,1.40927,0.20861,224.669,,2.37516,5.43,13.70397,0.9555,0.9555,0.09619,,8.17886,2.956674374,17.539199999999997,64,2.6,45.5,1.1,1.6,1.9,47,94,230,0.96,57,46,43,4.3,11,1.4,2.77,1.9,6.7,9.3,7.3
267,34,137,USAL01,USAL01012,Alabama,4.755096123,1.550604133545312,42.55981375,606.953,0.15694,0.24996,5.27908,,290.016,0.05,sand loam,0.1606,,,1.53601,0.0536,,172.105,,73.148,,49.8211,,16.362,,,0.375,0.14957,128.164,,2.58199,5.11,12.56727,1.16622,1.16622,0.1039,,1.95644,2.054453005,9.918,66,2.8,17.1,1.1,1.6,2.1,19,108,137,0.21,59,28,34,3.2,10,1.2,0.55,2,6.5,7.6,5.5
271,34,138,USAL01,USAL01013,Alabama,4.291260065,1.6063870381586989,29.98532333,634.624,0.13757,0.16522,6.16875,,297.844,0.05,sand loam,0.22896,,,0.45091,0.0743,,104.427,,42.0029,,46.9972,,18.9428,,,0.375,0.13073,73.4779,,2.52022,5.07,12.99307,0.90474,0.90474,0.07833,,0.74818,1.990202023,13.2936,57,5.8,8.1,1.8,4,2.1,10,114,162,0.01,32,16,37,3,12,1.1,0.17,2,6.6,9.5,4.5
279,34,140,USAL01,USAL01014,Alabama,5.803061752,1.6464339061982727,37.72347128,669.579,0.18408,0.32096,9.8177,,763.032,0.05,sand loam,0.24369,,,9.91008,0.1132,,129.247,,149.541,,90.0704,,31.6555,,,1.95612,0.25817,312.45,,2.88041,5.65,19.95097,1.58375,1.58375,0.14661,,14.8582,4.957692236,19.5576,85,7.6,80.4,3.2,4.5,1,81,98,394,0.86,31,71,68,3.6,12,1.8,4.43,2.7,6.7,15.4,8
287,34,142,USAL01,USAL01015,Alabama,4.84608163,1.8120978829123944,30.46895757,627.781,0.13981,0.17794,5.88439,,391.19,0.05,sand loam,0.2072,,,0.49947,0.0605,,94.7485,,45.076,,70.3359,,18.1321,,,0.375,0.13796,67.8384,,2.84724,5.32,15.06267,1.1158,1.1158,0.09797,,1.13123,2.659297208,12.736799999999999,58,2.6,7.1,0.3,2.3,2.2,9,112,214,0.01,32,18,55,2.6,11,1.4,0.31,2.3,6.7,8.7,6.2
295,34,144,USAL01,USAL01016,Alabama,5.94438592,1.9894904050608018,35.30530005,691.457,0.16278,0.38336,9.00108,,661.767,0.05,sand loam,0.21603,1.12865,,9.4875,0.0886,,134.704,,101.691,,67.634,,30.4927,,,2.28264,0.28423,318.226,,3.17594,5.27,19.88517,1.44052,1.44052,0.12451,,14.9878,4.143127713,12.702,69,3.3,68.3,0.8,2.5,2,70,102,341,0.88,34,43,51,4.1,12,1.4,4.8,2.9,6.6,10.1,6.6
296,34,144,USAL01,USAL01017,Alabama,4.048493969,1.4604534534232523,26.5998836,572.47,0.15261,0.35397,8.21054,,787.64,0.05,sand loam,0.28213,,,7.73467,0.0831,,105.478,,110.687,,115.084,,25.6164,,,1.87323,0.20978,220.609,,2.8035,6.05,18.17157,1.08408,1.08408,0.10268,,9.25068,5.189191523,13.6068,76,7.2,71.6,1.5,5.7,2.1,74,123,443,0.83,41,55,92,2.7,14,2.4,2.97,2.3,7.2,12.9,6.9
288,34,142,USAL01,USAL01018,Alabama,4.271538858,1.5822193608431887,18.37810139,553.35,0.11622,0.15157,5.16167,,334.909,0.05,sand loam,0.21686,,,0.45919,0.053,,75.1791,,30.3485,,67.5901,,15.8302,,,0.375,0.12618,40.9119,,2.41978,5.13,14.37247,1.00132,1.00132,0.09305,,1.00574,2.317250348,11.7276,73,4.7,3.8,1.9,2.7,1.8,6,128,191,0.03,41,17,55,3.1,13,2.1,0.36,2.4,6.6,9.3,6.2
272,34,138,USAL01,USAL01019,Alabama,3.265570145,1.094994904916274,19.34536989,573.184,,0.33802,5.92565,,380.643,0.05,sand loam,0.19671,,,2.9765,0.0636,,92.8679,,66.8049,,58.5306,,16.8126,,,1.64884,0.16818,104.376,,2.4457,5.25,13.21566,0.78736,0.78736,0.08048,,3.30243,2.569439108,9.465599999999998,68,4.2,19.3,1.9,2.3,2.3,22,112,203,0.43,38,29,45,2.5,11,1.4,1.22,1.9,6.7,9.4,6.1
280,34,140,USAL01,USAL01020,Alabama,4.674555933,1.3471063773191956,27.08351784,546.061,0.13991,0.34264,6.53673,,679.895,0.05,sand loam,0.21043,,,7.94425,0.0884,,111.206,,106.449,,88.0335,,21.6511,,,2.4809,0.21893,217.571,,2.44168,5.64,16.05516,1.02967,1.02967,0.09827,,10.2486,4.416822466,10.196399999999999,86,6.5,76.6,1.1,5.4,1.3,78,115,385,0.93,45,57,72,2.9,12,1.9,3.54,2.4,6.7,14.3,8.9
276,34,139,USAL01,USAL01021,Alabama,4.372805843,2.688961448,24.66534661,705.835,0.2207,0.3316,9.0401,,543.354,0.05,sand loam,0.2268,,,6.24055,0.0723,,192.576,,106.564,,66.287,,24.6267,,,5.10873,0.23803,238.18,,3.32832,5.52,15.61266,0.98117,0.98117,0.08134,,7.35243,3.564617582,14.198399999999998,69,6.4,45,1.3,5.1,1.7,47,114,278,0.89,56,44,49,3.2,16,2,2.23,1.9,6.7,11.7,6.5
268,34,137,USAL01,USAL01022,Alabama,4.377758193,1.5682251284446425,32.88712881,759.881,0.19957,0.31141,8.5609,,466.268,0.05,sand loam,0.25357,,,2.15803,0.0847,,192.434,,112.044,,76.0927,,21.5864,,,2.50543,0.17897,162.246,,3.41967,5.32,15.14876,0.99641,0.99641,0.07929,,2.5196,3.263636101,19.000799999999998,72,9.1,21.1,1.1,8,2.5,24,121,227,0.25,57,50,52,3,16,1.6,0.64,2.1,6.6,14.3,5.7
292,34,143,USAL01,USAL01023,Alabama,3.965754955,1.4011353495289938,27.08351784,668.718,0.17831,0.2813,7.83772,,463.907,0.05,sand loam,0.22704,,,6.33035,0.0545,,169.354,,76.2928,,54.0448,,23.8594,,,1.77749,0.23441,170.598,,2.86897,5.25,13.99406,0.86344,0.86344,0.0736,,6.63213,2.973264738,10.196399999999999,66,2.7,32.4,0.7,2,2.7,35,119,225,0.99,63,30,39,3.6,11,1.4,2.2,2.2,6.7,8.1,6.3
284,34,141,USAL01,USAL01024,Alabama,4.070449272,1.445874769797409,25.6326151,651.802,0.15058,0.22987,6.79368,,358.734,0.05,sand loam,0.18666,,,1.87392,0.0501,,146.738,,48.7885,,60.5091,,16.762,,,0.99968,0.15466,87.9228,,2.75216,5.12,13.32756,0.89954,0.89954,0.07714,,1.56262,2.427365239,10.7532,58,2.2,8.9,0.2,2,2.4,11,119,181,0.25,56,18,45,2.9,10,1.2,0.43,2.3,6.6,6.6,4.4
293,34,143,USAL01,USAL01025,Alabama,3.017663212,1.0895098963242238,24.27843921,511.784,0.17994,0.6085,7.28182,,506.86,0.05,sand loam,0.21284,1.23726,,5.20559,0.0572,,135.293,,89.7459,,71.2019,,20.4958,,,2.38921,0.19985,93.6625,,2.14112,5.7,12.49876,0.74504,0.74504,0.06433,,4.51085,3.368156724,12.6672,78,3.7,26.2,1,2.8,2,28,125,253,0.96,72,47,51,3.3,11,1.5,1.76,1.7,6.8,10.4,6.8
285,34,141,USAL01,USAL01026,Alabama,3.791590181,1.3656392467789675,23.31117072,557.619,0.15056,0.36712,6.22647,,358.481,0.05,sand loam,0.17492,,,1.74207,0.0492,,139.267,,56.6765,,64.9146,,14.7368,,,1.13389,0.13064,51.019,,2.21303,5.33,11.88856,0.88003,0.88003,0.07798,,1.17837,2.483618993,10.0224,68,1.9,4.9,0.5,1.4,2,7,111,177,0.28,61,23,44,3,10,1.4,0.35,2,6.7,6.5,4.9
277,34,139,USAL01,USAL01027,Alabama,3.900277592,1.387873651771954,30.08205018,650.799,0.21663,0.30903,9.09631,,551.497,0.05,sand loam,0.26408,,,5.73586,0.0801,,163.135,,123.338,,75.3923,,25.3728,,,2.28155,0.2323,179.106,,3.03364,5.49,14.54196,0.89306,0.89306,0.07176,,6.81851,3.711928467,11.309999999999999,79,4.7,42.7,0.9,3.8,1.5,44,122,279,0.81,58,54,55,3.3,12,1.7,2.21,2.2,6.7,10.7,6.4
269,34,137,USAL01,USAL01028,Alabama,3.973042586,1.4723346303501885,27.66387894,719.594,0.17333,0.25932,9.5501,,385.188,0.05,loam,0.31339,,,2.74366,0.073,,153.486,,102.627,,55.8933,,27.5869,,,1.36148,0.1941,128.635,,3.24821,5.07,13.89596,0.83017,0.83017,0.07345,,2.97152,2.660791643,8.5608,77,5,18.5,1,4,2.2,21,144,200,0.39,60,46,41,4.4,10,1.7,0.98,2.1,6.6,10.8,6.5
289,34,142,USAL01,USAL01029,Alabama,3.251465647,1.0938770685579204,17.50755975,611.217,,0.3149,5.57596,,381.922,0.05,sand loam,0.22054,,,0.5051,0.0448,,90.4009,,31.1327,,75.8617,,15.5685,,,1.26614,0.1149,33.4268,,2.35364,5.41,9.01386,0.74959,0.74959,0.06298,,0.75185,2.627127116,10.613999999999999,63,3.7,3.2,1.4,2.4,1.7,5,135,187,0.02,51,13,51,2.6,10,1.5,0.21,1.7,6.8,7.8,4.7
297,34,144,USAL01,USAL01030,Alabama,4.393535052,1.191319796954302,27.18024469,615.036,0.18775,0.41044,5.83144,,590.974,0.05,sand loam,0.25467,,,7.66426,0.0723,,153.874,,82.7967,,75.4608,,24.7664,,,2.78277,0.22645,197.068,,2.58103,5.6,10.05656,0.96211,0.96211,0.07927,,8.86822,3.808110743,10.6488,73,4.2,50.4,0.8,3.4,1.4,52,124,306,1.02,58,49,58,3.5,12,2.2,2.81,1.8,6.7,11.7,7.5
273,34,138,USAL01,USAL01031,Alabama,2.8958249,1.2276271186440724,17.0239255,610.233,0.1,0.33161,4.44472,,339.688,0.05,sand loam,0.14165,,,0.50885,0.0959,,68.7914,,37.9757,,73.5107,,10.1115,,,1.99687,0.05,73.2069,,2.52331,5.05,9.70016,0.6681,0.6681,0.05965,,0.68433,2.417093712,9.1176,65,13.8,10.9,3.7,10.1,2.4,13,145,188,0.07,44,22,53,2.3,11,1.8,0.23,1.7,6.7,18.4,5
281,34,140,USAL01,USAL01032,Alabama,3.654053214,1.5911382113821146,35.88566114,611.092,0.17517,0.36011,6.82744,,562.834,0.05,sand loam,0.22166,,,8.06419,0.0717,,98.517,,91.0012,,72.9105,,23.2398,,,2.64777,0.23672,212.666,,2.29588,5.5,9.12866,0.78037,0.78037,0.07166,,9.88971,3.666609116,9.987599999999999,75,5.4,58.1,1.4,3.9,2.1,60,131,276,1.05,46,56,51,3,12,1.7,3.38,2.1,6.7,12.4,8.1
298,35,145,USAL02,USAL02001,Alabama,0.781306734,0.9040623734305393,15.86320331,469.659,,0.2506205,4.38974,497.547,598.698,0.025,sand loam,0.163181,,0.162255,0.41961,0.0737,5.0742,37.8626,68.8544,92.7751,98.7918,128.089,2.37062,14.3754,,8.8791,1.65924,0.0995974,156.891,23.9363,1.91428,7.46,8.81914,0.347692568,0.347692568,0.025265112,0.438988,1.11985,4.305997327,2.1923999999999997,110,5.2,120.5,4.4,0.8,6.3,127,98,769,0.13,16,64,138,5.5,9,2.2,0.52,1.1,7.2,9.9,6.2
301,35,147,USAL02,USAL02002,Alabama,4.975464151,2.4059832635983396,34.2413047,519.916,,0.23733,4.45158,,672.553,0.05,sand loam,0.1242,,,0.35724,0.1269,,108.886,,89.5461,,64.9387,,9.1013,,,0.97704,0.11788,122.396,,2.52962,5.44,9.66063,1.501623789,1.501623789,0.116940236,,1.27201,4.137777849,18.5136,155,16.1,37.4,6.5,9.6,5.1,43,368,466,0.19,182,60,58,4.2,10,4.5,0.67,2.3,7.2,26.4,13.1
302,35,148,USAL02,USAL02003,Alabama,6.628620538,2.558191190253045,36.65947594,529.765,0.20712,0.25961,4.14062,,690.185,0.05,sand loam,0.15025,,,0.31086,0.1586,,103.558,,83.7982,,90.0275,,9.35138,,,1.38209,0.05,133.835,,2.04791,5.42,10.56223,1.519815458,1.519815458,0.117748702,,1.54886,4.422034235,19.3836,140,15.5,33.9,5.3,10.2,6.1,40,336,398,0.15,163,64,72,3.8,10,4.1,0.7,2.5,7.2,24.5,10.2
304,35,150,USAL02,USAL02004,Alabama,5.310779083,2.391359223300955,33.27403621,501.726,0.13793,0.33292,4.27645,,641.967,0.05,sand loam,0.10924,,,0.31966,0.1401,,92.1822,,75.5066,,53.0062,,11.0401,,,1.86893,0.11874,110.394,,2.52979,5.2,9.45273,1.426931158,1.426931158,0.112610297,,0.97329,3.853292092,16.9824,139,18.9,30.2,8.5,10.4,4.1,34,239,363,0.16,113,56,45,4.4,10,3.4,0.48,2.3,7.2,26.6,11.7
305,35,151,USAL02,USAL02005,Alabama,4.972897352,3.249125248508935,42.94672115,599.887,0.10543,0.23328,3.78807,,720.265,0.05,sand loam,0.13305,,,0.30808,0.1653,,78.9416,,79.8806,,94.8085,,8.73557,,,1.58172,0.12054,131.755,,2.58215,5.15,13.77513,1.917225203,1.917225203,0.157308921,,1.48741,4.603102008,20.4972,160,18.4,28.8,6.4,12,5.6,34,327,389,0.12,139,60,72,3.3,10,4.7,0.67,3.1,7.2,29.3,12.1
299,35,145,USAL02,USAL02006,Alabama,0.788971817,1.0549162011173256,13.92866632,466.848,,0.12361,4.32662,,405.939,0.05,sand loam,0.1307,,,0.25395,0.0489,,37.6247,,97.0324,,57.9556,,8.66728,,,1.58244,0.05,134.204,,1.92535,6.42,2.69722,0.284871953,0.284871953,0.021856816,,0.57369,2.768339913,4.2456,98,6.3,79.4,5.1,1.2,5.4,85,116,317,0.17,26,66,58,4.6,10,2.1,0.38,1,7.2,9.7,4.6
306,35,152,USAL02,USAL02007,Alabama,5.095363784,2.4661014560826637,28.43769374,491.136,,0.29604,3.87343,,615.878,0.05,sand loam,0.1697,,,0.26777,0.1641,,66.0981,,105.579,,102.471,,10.5449,,,1.4272,0.05,87.325,,2.36991,5.44,9.34403,1.449905321,1.449905321,0.113465948,,1.13522,4.210239233,14.3028,133,29.3,24.2,9.8,19.5,4.6,29,236,375,0.12,109,70,83,4.5,12,4.5,0.58,2.4,7.2,36,11.6
303,35,149,USAL02,USAL02008,Alabama,4.665991962,2.429430122116677,29.88859648,424.7215,0.252034,0.5,3.49646,,647.7501,0.05,sand loam,0.106708,0.5,,0.28969,0.1372,,47.6616,,74.4038,,85.1935,,6.35871,0.5,,400.436,0.25,95.55773,,2.14727,5.22,24.31664,1.2364303,1.2364303,0.099532073,,1.20853,5.88050742,11.797199999999998,127,15.5,36.4,6.5,9,5.9,42,271,363,0.15,136,53,64,3.3,10,5.3,0.67,2.1,7.2,23.8,11.4
307,35,153,USAL02,USAL02009,Alabama,5.89207067,2.644475034997669,41.01218416,432.7725,0.177118,0.5,2.63276,,642.4881,0.05,sand loam,0.161997,0.5,,0.277039,0.1214,,45.1382,,39.5526,,96.6166,,6.48204,0.5,,72.791,0.25,67.87803,,2.40914,5.25,13.06884,1.351999571,1.351999571,0.114470713,,0.92328,4.435483989,18.5136,167,15.3,19.4,7.5,7.8,5.4,25,410,338,0.18,212,40,75,2.8,12,5.1,0.53,2.6,7.2,24.5,13.9
310,35,156,USAL02,USAL02010,Alabama,5.155558599,2.976848681166105,44.88125814,517.987,0.12232,0.33257,4.00753,,669.311,0.05,sand loam,0.16478,,,0.29923,0.0792,,64.507,,27.2245,,102.676,,7.80375,,,1.86559,0.10271,30.9609,,2.28422,5.45,8.92378,1.247023985,1.247023985,0.103041667,,0.93366,4.280109553,20.009999999999998,165,10.6,5.9,8,2.6,3.9,10,307,338,0.16,168,19,65,3.2,11,3.8,0.57,2.7,7.2,21,15.4
309,35,155,USAL02,USAL02011,Alabama,4.313049497,2.7426027397260255,35.69220744,526.487,0.11831,0.24145,3.76921,,620.798,0.05,sandy clay loam,0.1561,,,0.28036,0.0999,,74.2524,,20.8087,,121.007,,6.04679,,,1.60952,0.05,35.9448,,2.02219,5.61,8.50678,1.198717109,1.198717109,0.094812455,,0.72832,4.172737675,11.588399999999998,136,13.5,9.5,5.5,8,3.9,13,284,358,0.14,157,16,87,2.5,10,3.3,0.45,2.6,7.2,22.9,12
308,35,154,USAL02,USAL02012,Alabama,4.737803127,3.2242815674891245,31.82313347,549.283,,0.19016,3.54825,,581.31,0.05,sandy clay loam,0.17911,,,0.29613,0.1416,,76.3836,,58.4972,,69.9723,,6.97236,,,1.4995,0.10445,46.9314,,2.27284,5.14,11.14028,1.354289862,1.354289862,0.104087792,,0.59094,3.64617213,18.8616,155,18.7,10.6,5.5,13.2,3.9,14,295,319,0.16,155,44,54,3,10,4.5,0.33,2.5,6.7,30.3,13.4
300,35,146,USAL02,USAL02013,Alabama,3.726715858,2.3055341586428444,32.30676771,557.969,0.13509,0.16994,3.05415,,580.954,0.05,sand loam,0.13028,,,0.32621,0.0868,,45.6752,,71.8606,,66.8259,,8.63591,,,1.33158,0.05,137.93,,2.34916,5.44,8.06748,1.120938066,1.120938066,0.082307835,,0.84091,3.651703558,10.0224,158,9.9,52.1,5.2,4.7,4.5,57,333,339,0.16,148,53,51,3.8,10,4.2,0.52,1.9,6.8,21,12.5
323,36,160,USAL03,USAL03001,Alabama,4.901860315,1.9052019785655352,29.79186963,471.421,0.68839,0.18701,8.1879,,443.194,0.05,loamy sand,0.31274,,,0.75222,0.0503,,44.6398,,71.0077,,37.97,,65.832,,,1.63851,0.05,37.0434,,3.34448,5.56,5.87298,0.971710406,0.971710406,0.074784049,,1.18099,2.721584403,6.159599999999999,113,6.7,8,6.2,0.5,3.6,12,275,255,0.35,84,53,30,22.6,8,2.1,0.68,1.5,6.8,13.1,9.8
319,36,159,USAL03,USAL03002,Alabama,2.990563201,1.475271565495206,16.25011071,553.99,0.40768,0.13867,9.16465,,249.787,0.05,loamy sand,0.34479,,,0.84868,0.0328,,50.092,,59.8492,,27.255,,73.2476,,,1.24137,0.05,27.3042,,3.55812,5.24,5.50014,0.744873184,0.744873184,0.045908098,,0.86621,1.634922502,5.568,115,5.2,5.2,4.4,0.9,4.4,10,439,162,0.58,131,51,29,26.3,9,2.5,0.68,1.4,6.8,12.5,9.9
324,36,160,USAL03,USAL03003,Alabama,2.687953948,1.1781237911025277,15.28284221,438.762,0.42318,0.24868,6.56311,,257.644,0.05,loamy sand,0.26174,,,0.90675,0.0339,,39.2266,,45.2238,,22.5691,,55.5298,,,1.33452,0.05,21.8811,,2.9082,5.41,4.45261,0.611821993,0.611821993,0.04107882,,0.91597,1.598060446,3.9324,85,7.2,3.4,6.6,0.6,3,6,243,184,0.56,69,39,26,22.5,8,1.8,0.67,1.1,6.8,9.6,6.6
320,36,159,USAL03,USAL03004,Alabama,2.640672868,1.2373913043478093,13.34830522,584.86,,0.3037,9.42209,,168.274,0.05,loamy sand,0.38157,,,0.71237,0.029,,57.7938,,59.747,,22.2433,,75.7371,,,1.44933,0.05,26.5071,,3.89274,5.12,5.15007,0.716045465,0.716045465,0.043506251,,0.93234,1.18623729,4.2804,88,6.3,4.8,5.1,1.2,3.8,9,317,103,0.45,90,53,23,26.8,9,1.9,0.64,1.1,6.8,10.1,7.1
321,36,159,USAL03,USAL03005,Alabama,2.704526056,1.4799651027529979,13.83193947,568.391,,0.20516,9.15142,,285.536,0.05,sand loam,0.35109,,,0.69689,0.0342,,43.4989,,58.9243,,26.8062,,65.201,,,1.4394,0.05,12.5836,,3.28301,5.29,5.60604,0.663375147,0.663375147,0.037905017,,0.95238,1.808416338,4.2456,93,5,1.9,3.7,1.3,2.6,5,325,165,0.45,92,45,29,23.3,9,2.1,0.63,1.5,6.7,10.2,7.1
325,36,160,USAL03,USAL03006,Alabama,2.823524251,1.2815822536317396,15.76647646,513.728,,0.18198,7.38932,,291.813,0.05,loamy sand,0.28667,,,0.85923,0.0353,,39.5074,,54.2136,,26.4614,,53.1858,,,1.32247,0.05,21.537,,3.00703,5.46,5.15153,0.747215301,0.747215301,0.051332169,,1.05098,1.824339234,5.707199999999999,104,4.8,3.9,4.3,0.5,3.7,8,376,188,0.54,111,47,28,21.5,8,2.2,0.82,1.3,6.9,10.3,7.9
326,36,160,USAL03,USAL03007,Alabama,3.41703806,1.412939592150826,17.2173792,471.916,,0.16969,8.68653,,326.268,0.05,loamy sand,0.27591,,,0.57457,0.044,,43.2501,,53.6575,,25.4306,,62.9484,,,1.44829,0.05,26.6753,,3.00204,5.29,4.97307,0.893325537,0.893325537,0.05175171,,1.07811,1.987147042,6.09,111,5.9,5.2,4.6,1.3,3.4,9,254,223,0.3,72,48,25,25.1,10,2.4,0.69,1.3,6.8,12.8,9.8
322,36,159,USAL03,USAL03008,Alabama,2.626871904,1.3820218579235015,13.34830522,575.042,,0.14861,8.0575,,199.642,0.05,loamy sand,0.30215,,,0.64404,0.0278,,45.1992,,59.2309,,21.7885,,61.2782,,,1.30596,0.05,17.0086,,3.20833,5.19,5.00221,0.629559769,0.629559769,0.038974358,,0.83299,1.337339479,4.0367999999999995,97,4.3,2.2,3.9,0.4,3.1,5,354,116,0.45,102,46,20,22,10,2,0.59,1.4,6.8,8,6.6
311,36,157,USAL03,USAL03009,Alabama,2.598920344,1.2110134600158244,17.2173792,494.73,,0.26067,7.87574,,330.5,0.05,loamy sand,0.30381,,,0.75758,0.0333,,44.3567,,42.7926,,20.1989,,59.3905,,,1.36238,0.05,26.5472,,3.83801,5.58,4.16732,0.671843947,0.671843947,0.041505922,,1.12341,1.936474804,4.6284,111,6,5.1,5.4,0.6,3.8,9,271,227,0.48,77,31,22,21.5,10,1.8,0.73,1.3,6.8,11.6,9.1
312,36,157,USAL03,USAL03010,Alabama,2.979275062,1.2503625377643521,20.60281893,496.916,,0.1845,7.19901,,325.525,0.05,loamy sand,0.26615,,,0.74083,0.0333,,48.4093,,41.7496,,24.3845,,57.1116,,,1.41061,0.05,36.2137,,3.40943,5.54,4.1979,0.832906199,0.832906199,0.057913816,,1.24876,1.944015394,5.22,110,4.4,8.4,4.1,0.3,3.9,12,261,218,0.42,73,32,22,20.1,8,1.9,0.75,1.3,6.9,10.9,8.7
315,36,158,USAL03,USAL03011,Alabama,3.851578171,2.1950681198910194,23.98825866,485.182,,0.1737,8.19022,,576.513,0.05,loamy sand,0.251,,,0.7129,0.0481,,47.5368,,41.7365,,30.9936,,62.7744,,,1.36131,0.05,34.2494,,3.39217,5.56,5.11448,0.929687224,0.929687224,0.066539869,,1.51789,3.25378316,5.8464,115,6,6.9,5.6,0.4,3.3,10,208,360,0.3,57,29,27,19.9,9,2.2,0.81,1.4,6.8,11,8.8
316,36,158,USAL03,USAL03012,Alabama,3.504210222,1.269404998016667,20.60281893,465.749,,0.15309,8.24311,,461.412,0.05,loamy sand,0.28663,,,0.78553,0.0398,,48.9443,,36.744,,33.6249,,69.3867,,,1.23274,0.05,46.5574,,3.33419,5.59,4.83073,1.171707131,1.171707131,0.090842409,,2.19281,2.686845194,6.9948,101,5.7,9.1,5.2,0.5,3.7,13,220,268,0.39,59,31,29,21,10,2,2.06,1.4,6.9,10.9,7.4
317,36,158,USAL03,USAL03013,Alabama,4.15466848,1.530479042,26.4064299,486.282,,0.14167,7.83934,,387.974,0.05,loamy sand,0.2657,,,0.81755,0.0431,,51.1431,,42.6576,,28.7845,,65.3723,,,1.19613,0.05,42.3949,,3.45636,5.57,5.05254,0.61222336,0.61222336,0.038904888,,3.28393,2.294322552,9.7092,104,8.4,10,7.1,1.3,3.6,14,172,293,0.35,46,26,29,23.7,12,2.3,1.48,1.5,6.8,10.9,6.2
318,36,158,USAL03,USAL03014,Alabama,3.775256669,1.5414723926380558,23.02099017,485.042,,0.16953,8.05223,,452.258,0.05,loamy sand,0.24192,,,0.72511,0.0436,,46.14,,38.9337,,33.5019,,58.6819,,,1.26341,0.10074,31.9693,,3.26445,5.56,4.55402,1.091911312,1.091911312,0.08807118,,1.3566,2.645798341,7.586399999999999,107,7.1,4.6,6.3,0.8,3.2,8,195,286,0.31,51,26,28,18.9,9,1.8,0.73,1.4,6.9,11.2,7.5
313,36,157,USAL03,USAL03015,Alabama,3.499358003,1.5185898468976458,24.37516606,577.154,,0.55862,8.89109,,382.911,0.05,loamy sand,0.29161,,,0.78725,0.0374,,49.5993,,55.106,,29.9718,,66.994,,,1.85999,0.05,37.5192,,3.76616,5.49,5.2971,0.975402174,0.975402174,0.052899254,,1.03919,2.313707585,9.6744,111,3.8,7.8,3.4,0.4,3.6,11,257,239,0.39,65,37,30,21.6,8,2,0.63,1.4,6.8,12.3,9.5
314,36,157,USAL03,USAL03016,Alabama,3.114683693,1.467301525,21.95699482,571.371,,0.25534,9.79044,,313.443,0.05,loamy sand,0.27867,,,0.67322,0.033,,43.443,,46.5076,,30.2365,,66.6323,,,1.51933,0.05,18.4594,,3.56738,5.42,4.82241,0.836693654,0.836693654,0.045167818,,0.92153,1.945045674,5.707199999999999,108,4.8,3.1,3.7,1.1,3.3,6,334,190,0.39,91,32,25,23.4,10,2.1,0.65,1.4,6.9,10.7,7.6
330,37,162,USAL04,USAL04001,Alabama,5.344994413,2.4301855943437998,35.98238799,603.972,,0.28622,7.51395,,385.847,0.05,sand loam,0.17329,,,1.38759,0.073,,88.7304,,62.2189,,84.3842,,38.211,,,2.23562,0.11766,61.1039,,3.37419,4.95,9.32436,1.355088954,1.355088954,0.107,,1.47566,2.801703615,12.249600000000001,160,6.6,11.7,4.5,2.2,5.3,17,395,212,0.5,147,35,64,13.7,10,4,0.8,2.4,6.7,19.4,14.2
327,37,161,USAL04,USAL04002,Alabama,4.054808748,1.5557142857143003,21.95699482,546.788,0.54688,0.19051,6.20338,,254.767,0.05,loamy sand,0.19219,,,1.88646,0.056,,83.4439,,56.7585,,46.3354,,41.684,,,1.86208,0.10763,66.0652,,2.84408,5.04,7.78137,1.028680391,1.028680391,0.067,,1.2293,1.813603069,7.029599999999999,105,8.9,13.9,6.3,2.6,5,19,317,173,0.83,117,39,45,16.5,11,3.4,0.8,1.8,6.7,12.1,6.9
331,37,162,USAL04,USAL04003,Alabama,5.310510805,3.0545458458889367,27.27697154,688.078,,0.32099,8.82604,,313.754,0.05,sand loam,0.27137,,,1.2041,0.0853,,72.4691,,58.2058,,76.6824,,54.6555,,,2.59462,0.12489,50.3632,,3.13436,4.65,12.42633,1.531276754,1.531276754,0.115,,1.39215,2.368338985,13.467600000000001,176,9.3,7.5,6.2,3.1,4.5,12,386,175,0.38,130,30,61,17.2,11,4.4,0.76,2.6,6.6,18.8,12
328,37,161,USAL04,USAL04004,Alabama,4.177203273,2.6467123287671193,25.8260688,688.965,,0.25638,9.69681,,303.325,0.05,sand loam,0.28322,,,1.29549,0.0475,,73.2943,,46.5287,,66.9849,,52.3455,,,2.91937,0.11272,34.6121,,3.31518,4.82,11.65603,1.16274533,1.16274533,0.088,,0.99955,2.206844908,13.467600000000001,159,7.5,4.8,6,1.5,4.3,9,455,156,0.51,158,25,50,17.8,10,4.9,0.65,2.7,6.6,17.7,13.6
332,37,162,USAL04,USAL04005,Alabama,4.513122798,1.7309507640067865,26.79333729,555.122,,0.18223,8.25895,,272.179,0.05,sand loam,0.30029,,,0.76377,0.0612,,71.3767,,41.6418,,63.7244,,60.516,,,1.86367,0.05,34.2111,,4.09423,4.94,9.78893,1.041616704,1.041616704,0.076,,0.70696,2.006819907,6.751199999999999,131,8,5.5,5.4,2.6,4.4,10,395,158,0.41,135,25,48,21.1,10,4.6,0.54,1.8,6.7,14.1,8.4
329,37,161,USAL04,USAL04006,Alabama,2.701581556,1.426626506024088,17.12065235,525.509,,0.18306,9.42585,,322.759,0.05,sand loam,0.3279,,,1.12303,0.0438,,47.9249,,80.973,,67.7265,,56.7581,,,1.58623,0.05,21.6925,,3.41259,5.46,6.29918,0.835067966,0.835067966,0.059,,0.86284,2.392705696,5.1504,102,6,3.4,4.5,1.5,4.2,8,450,186,0.62,140,49,54,19.2,9,3.4,0.65,1.4,6.9,10.9,7.9
333,37,163,USAL04,USAL04007,Alabama,4.002573519,1.7586363636363467,27.27697154,533.764,,0.21365,8.83125,,360.76,0.05,loamy sand,0.31297,,,1.2731,0.0592,,52.4829,,75.2957,,62.9153,,63.2899,,,1.4586,0.11408,33.8333,,2.89856,5.35,6.46419,0.967303436,0.967303436,0.063,,2.31505,2.52750627,6.055199999999999,101,6.5,6.1,5.6,0.9,4.1,10,327,217,0.6,105,44,49,23.3,8,2.9,1.32,1.8,6.8,10.5,6.4
340,38,166,USAR01,USAR01001,Arkansas,11.80614707,4.532463343108489,56.19829952,763.803,,0.741995,30.7403,,1330.43,0.0678506,loam,1.2173,,,9.02476,0.296,,177.631,,799.805,,281.131,,215.55,,,46.7176,1.21268,571.857,,3.09338,6.02,51.1374,3.978425242,3.978425242,0.378854313,,29.8923,11.24881134,94.72559999999999,157,16.2,96.4,2.4,13.8,13.5,110,179,444,1.02,61,197,110,54.7,23,8.4,5.73,5.9,7.2,30.5,15.1
334,38,164,USAR01,USAR01002,Arkansas,12.20747296,4.581715481171556,67.61206776,804.131,,0.472631,39.0074,,1030.82,0.0792644,loam,1.20764,,,8.39208,0.331,,123.728,,440.204,,189.889,,249.815,,,28.7057,1.79801,428.849,,2.68467,5.46,38.9657,3.210854179,3.210854179,0.328,,20.6907,7.990047397,117.972,158,31.3,123.7,2.2,29.2,19.7,143,193,520,1.25,52,184,142,44.5,29,11.7,7.05,5.4,7.2,42.1,11.2
337,38,165,USAR01,USAR01003,Arkansas,16.25452074,5.302786885245891,83.57199792,820.678,,0.453121,32.5079,,1094.33,0.0672254,loam,1.33631,,,7.42171,0.253,,142.15,,527.08,,176.108,,218.694,,,25.1992,1.41325,416.396,,3.17683,4.93,37.9239,2.335226936,2.335226936,0.243,,19.1652,8.400277334,59.22959999999999,188,10.3,179.7,2.1,8.3,30.2,210,166,579,1.38,84,319,177,61.2,37,17.8,9.29,6.9,7.2,27.7,17.5
341,38,166,USAR01,USAR01004,Arkansas,12.87160506,4.373174603174624,58.42301706,743.586,,0.556668,37.8916,,1070.21,0.0631771,loam,1.31275,,,7.49353,0.206,,165.332,,516.196,,202.599,,220.564,,,23.8622,1.49928,349.048,,2.98741,5.23,34.0999,3.014287705,3.014287705,0.292,,18.7693,8.466709071,78.4392,140,15.3,96.2,2.8,12.5,16.2,112,162,465,1.26,72,204,128,57.8,26,9,6.4,6.2,7.2,27.4,13.3
335,38,164,USAR01,USAR01005,Arkansas,11.45995233,4.266527777777768,69.0629705,758.247,,0.701241,29.7927,,992.831,0.0519694,loam,1.49589,,,7.43717,0.247,,111.506,,486.253,,204.718,,208.95,,,35.1255,1.22871,399.635,,2.70947,5.11,35.5182,3.11171463,3.11171463,0.318,,16.6323,8.069668225,75.58559999999999,147,30.2,114.7,2.7,27.5,19.5,134,180,426,1.43,52,179,123,43.2,31,10.3,5.97,5.2,6.3,41.5,12.4
338,38,165,USAR01,USAR01006,Arkansas,13.77054639,5.012290748898683,68.57933625,736.341,,0.697548,29.5787,,1099.76,0.0547664,loam,1.32005,,,7.86632,0.237,,168.957,,657.729,,227.605,,212.101,,,36.0874,1.06824,452.707,,2.93693,5.52,41.8641,2.061581561,2.061581561,0.209,,20.9829,9.238897708,71.9664,189,8,149.7,3.9,4.1,28.4,178,187,555,1.36,80,318,172,59.5,36,15.5,7.75,5.8,6.2,23.5,17.1
336,38,164,USAR01,USAR01007,Arkansas,12.73815198,4.530496747486702,70.03023899,809.406,,0.479691,36.512,,947.515,0.0650624,loam,1.16762,,,7.29413,0.204,,121.766,,294.632,,174.561,,212.787,,,27.0535,1.39843,346.328,,2.63717,4.9,34.2686,2.685833239,2.685833239,0.267,,16.0159,7.065353169,31.0416,158,21.8,108.7,2.8,19.1,18.1,127,219,476,1.32,56,142,129,38.1,30,9.1,6.4,5.4,6.5,33.9,12.8
339,38,165,USAR01,USAR01008,Arkansas,19.53715671,5.771174398120957,77.2847527,679.1,,1.01451,30.6033,,1366.14,0.0618234,loam,1.04986,,,7.90678,0.293,,163.809,,838.007,,268.612,,183.886,,,60.685,1.10878,527.894,,2.63405,5.7,50.9449,2.917589595,2.917589595,0.292,,28.3454,11.48171905,127.85519999999998,219,10.7,189.7,2,8.7,39.5,229,193,650,1.15,81,445,205,45,56,23.5,9.2,7.6,6.3,28,17.4
342,38,166,USAR01,USAR01009,Arkansas,11.67272489,3.698980526918667,64.71026228,677.039,,0.760202,31.9364,,1037.38,0.0561248,loam,1.42473,,,7.77981,0.283,,163.932,,524.98,,197.537,,205.979,,,34.3164,1.12975,375.2,,2.72461,5.3,36.0554,2.813771175,2.813771175,0.288,,20.663,8.328350982,66.0852,152,25.3,133.7,2.9,22.5,21.6,155,177,513,1.51,79,243,144,56,34,13.5,7.73,5.1,6.5,41,16.4
343,39,167,USAZ01,USAZ01001,Arizona,1.592434486,0.69,6.190518341,355.798,0.123572,1.139375,18.7033,,467.999,0.05,sand loam,0.880679,,,1.57775,0.0682,,31.6061,,105.451,,82.604,,60.2547,,,2.94265,0.244335,11.4921,,1.83414,5.47,9.04188,0.2894,0.2894,0.02819,,0.359529,3.311546365,5.1156,90,4.3,3.8,3.7,0.6,1.3,5,85.2,230,0.15,36.1,73,59,5.8,12,2,0.85,0.8,6.9,9,7.1
344,39,167,USAZ01,USAZ01002,Arizona,1.458863057,0.59,4.739615591,354.906,0.125618,1.139375,19.3084,,427.521,0.05,loamy sand,0.774631,,,1.60666,0.0172,,36.185,,86.8798,,70.667,,54.5742,,,2.1805,0.259651,17.3092,,1.70629,5.33,8.43491,0.29847,0.29847,0.02496,,0.359914,2.958750497,3.5495999999999994,64,4.8,3,4.4,0.4,1.3,4,58.5,183,0.09,24.7,53,45,4.8,11,1,0.27,0.6,6.9,6.6,4.8
345,39,167,USAZ01,USAZ01003,Arizona,2.208000057,0.61,9.092323841,365.269,0.139357,1.139375,14.68,,427.744,0.05,loamy sand,0.821545,,,1.89623,0.0134,,30.9403,,106.219,,69.5131,,50.663,,,1.27333,0.142709,19.6577,,2.00708,5.57,8.52838,0.42229,0.42229,0.03971,,0.59593,2.995891153,6.263999999999999,89,3.5,4.7,2.9,0.6,1.6,6,69.4,232,0.13,25.4,69,53,5,9,1,0.27,0.8,6.9,8.9,7
346,39,167,USAZ01,USAZ01004,Arizona,1.542749147,0.97,6.190518341,366.829,0.115781,1.139375,14.3979,,359.796,0.05,sand loam,0.806438,,,1.70802,0.0216,,29.4902,,114.659,,62.7228,,46.411,,,1.4322,0.169162,14.5064,,1.76094,5.39,7.69327,0.2656,0.2656,0.0247,,0.371066,2.621898466,9.048,80,4.3,4.3,3.8,0.5,1.4,6,73.7,243,0.08,27.2,77,52,5.1,11,2,0.2,0.7,6.9,7.2,5.9
347,39,168,USAZ01,USAZ01005,Arizona,1.555793822,0.75,8.608689614,315.09,0.117377,1.139375,13.437,,399.299,0.05,loamy sand,0.917613,,,1.48037,0.0158,,29.6814,,124.633,,81.9353,,52.3917,,,3.17261,0.189039,9.31148,,1.694,5.82,7.69398,0.28702,0.28702,0.02602,,0.376349,3.012656432,3.5844,68,5.2,1.4,4.6,0.6,0.9,2,63.1,175,0.04,30.4,73,54,5.1,13,1,0.16,0.8,7.2,7.3,5.3
348,39,168,USAZ01,USAZ01006,Arizona,1.9238472,0.7,10.54322659,239.051,,1.139375,10.0689,,349.713,0.05,loamy sand,0.6644,,,1.42474,0.0279,,35.7109,,127.691,,47.3608,,47.9386,,,3.1422,0.179582,16.5043,,1.8312,5.65,6.68974,0.38236,0.38236,0.03224,,0.826193,2.484315132,3.9324,71,6.2,3.3,5.4,0.9,1.5,5,101.6,180,0.12,53,95,44,6.1,10,1,0.42,0.8,7.2,7.1,4.4
349,39,168,USAZ01,USAZ01007,Arizona,1.85331932,0.79,9.575958068,297.525,0.125428,1.139375,13.4729,,480.096,0.05,sand loam,0.884791,,,1.72517,0.03,,38.8786,,114.244,,68.5716,,55.2346,,,4.90726,0.265564,18.4743,,2.01521,5.55,9.57238,0.3127,0.3127,0.02784,,0.525709,3.286182065,3.7235999999999994,84,6.2,3.7,5,1.2,1.6,5,146.2,202,0.13,74.8,85,52,6,12,2,0.33,0.6,6.9,8.6,6.1
350,39,168,USAZ01,USAZ01008,Arizona,1.761055697,0.75,10.54322659,281.22,0.118752,1.139375,11.8958,,347.42,0.05,loamy sand,0.575194,,,2.16998,0.019,,38.6296,,96.6452,,48.6728,,38.3319,,,1.94572,0.18563,18.6594,,1.67172,5.34,6.83048,0.35821,0.35821,0.0281,,0.669342,2.398979095,4.35,70,4.4,3.8,3.9,0.5,1.5,5,92.3,158,0.11,46.8,66,40,5.2,9,1,0.29,0.7,6.9,5.9,4.5
351,41,169,USAZ03,USAZ03001,Arizona,2.047758993,0.86,11.02686082,348.002,0.132688,1.139375,15.8759,,551.768,0.05,sand loam,0.76977,,,1.84587,0.0378,,31.4954,,123.406,,88.3884,,50.8308,,,3.99039,0.224082,17.9601,,1.95855,6.16,10.24328,0.31745,0.31745,0.02183,,0.628991,3.829185855,11.3448,108,3.6,3.4,2.6,1,1.5,5,87.4,363,0.1,32.4,75,65,4.1,11,2,0.26,1,7.2,11.3,9.3
352,41,169,USAZ03,USAZ03002,Arizona,1.636386762,0.89,9.575958068,368.035,0.149472,1.139375,11.0645,,406.698,0.05,sand loam,0.864572,,,2.20307,0.0252,,30.81,,130.036,,88.6732,,49.4375,,,8.33584,0.184899,21.5854,,2.25456,5.82,8.63688,0.41131,0.41131,0.03638,,0.578505,3.142103271,3.7235999999999994,97,3.5,3.6,2.9,0.6,1.4,5,71.1,199,0.09,32.3,72,57,4.4,15,1,0.17,0.7,7.2,8.8,6.7
353,41,169,USAZ03,USAZ03003,Arizona,2.034452802,0.84,14.41230055,370.228,0.116441,1.139375,16.4722,,552.981,0.05,sand loam,0.872395,,,2.07795,0.0286,,35.7427,,121.929,,102.155,,54.8087,,,3.91218,0.235012,25.4152,,2.10748,5.95,10.26878,0.39448,0.39448,0.03111,,0.639144,3.945845728,6.5424,107,4.4,6.5,3.5,0.9,2.2,9,139,236,0.15,62.5,79,68,5.3,14,2,0.32,1,7.2,11.3,9.1
354,41,169,USAZ03,USAZ03004,Arizona,1.573197309,0.74,9.575958068,363.645,0.133033,1.139375,18.1112,,481.273,0.05,loamy sand,0.839223,,,2.03896,0.0222,,33.3363,,111.015,,81.5219,,58.9182,,,1.77629,0.253088,18.3482,,2.04442,5.84,9.27188,0.35974,0.35974,0.03076,,0.465371,3.378092458,2.088,79,3.4,2.5,2.4,1,1.2,4,63.3,207,0.07,25.5,62,51,4.7,9,1,0.16,0.9,6.9,8.8,6.6
355,41,170,USAZ03,USAZ03005,Arizona,1.302637171,0.82,9.092323841,305.186,,1.139375,11.4002,,467.845,0.05,loamy sand,0.856401,,,1.24144,0.0745,,34.2582,,136.205,,70.2648,,64.7721,,,10.34184,0.343436,15.0829,,1.72145,5.96,11.54258,0.1992,0.1992,0.01699,,1.56585,3.318974208,4.35,83,8.7,3.8,4.4,4.3,1.7,5,117.4,214,0.12,56.8,92,51,6.3,22,4,0.61,0.8,7.2,14.1,7.6
356,41,170,USAZ03,USAZ03006,Arizona,1.536229359,0.75,6.674152636,345.381,0.116445,1.139375,19.1238,,495.221,0.05,sand loam,0.796261,,,1.50956,0.2326,,43.2163,,84.2694,,82.5153,,76.2497,,,2.80217,0.295427,15.884,,1.41977,5.33,9.56548,0.36944,0.36944,0.03055,,0.450011,3.39199591,4.2108,72,4.3,3.8,3.8,0.5,1.5,5,93,234,0.11,47.4,55,58,6.9,10,2,0.28,1.1,6.8,6.6,5
357,41,170,USAZ03,USAZ03007,Arizona,1.682244779,0.62,8.608689614,317.761,0.121839,1.139375,15.4518,,469.89,0.05,loamy sand,0.722345,,,1.58188,0.0277,,46.4602,,107.883,,70.9328,,72.6559,,,3.0002,0.265374,18.5072,,1.60873,5.47,9.02608,0.30903,0.30903,0.02787,,0.796823,3.23022748,4.872,77,4.9,4.3,4.2,0.7,1.8,6,106.4,238,0.14,56.2,66,57,7.1,13,2,0.35,0.8,7.2,7.3,5.1
358,41,170,USAZ03,USAZ03008,Arizona,1.796163234,1.1,8.125055386,393.35,0.124619,1.139375,25.9449,,723.923,0.05,sand loam,1.02253,,,1.92904,0.0244,,46.6458,,135.188,,133.869,,95.4614,,,6.27997,0.478659,16.7468,,1.86383,5.39,12.88108,0.33713,0.33713,0.03059,,0.345878,5.109134189,5.4288,79,3.7,4.2,3.1,0.7,1.7,6,88.4,265,0.09,42.5,75,72,4.9,12,1,0.19,1,6.9,7.6,5.7
368,42,173,USCA01,USCA01001,California,2.343048549,2.7225483304042206,35.11184635,481.56,,1.139375,90.0168,,1731.05,0.05,clay loam,3.33007,,,6.74212,0.0692,,102.264,,336.312,,1234.06,,133.7,,,9.66624,13.1373,19.4927,,1.25021,6.07,24.90238,1.05,1.05,0.10923,,2.38744,19.84344978,14.441999999999998,145,2.4,25.6,0.7,1.7,3.1,29,139.7,318,0.33,62.6,73,450,6.1,16,2,0.25,3.7,7.2,13,11
369,42,173,USCA01,USCA01002,California,2.47829953,2.9640441882804915,45.26816554,498.812,0.100641,1.139375,93.057,,1816.37,0.05,silty clay loam,3.29729,,,6.58295,0.0768,,101.246,,371.038,,1292.8,,135.599,,,9.53424,13.873,22.8914,,1.19622,6.04,25.37568,1.10355,1.10355,0.10795,,2.32976,20.84801695,15.8688,145,1.9,29.5,0.6,1.4,3.1,33,138.9,323,0.31,59.1,76,456,5.6,15,2,0.23,3.2,7.2,12.2,10.8
370,42,173,USCA01,USCA01003,California,2.707735654,2.8218586507572208,46.23543403,450.232,,1.139375,84.6913,,1666.8,0.05,loam,3.18655,,,6.67121,0.0823,,109.023,,380.918,,1141.94,,130.51,,,7.64494,13.9072,19.273,,1.31693,6.03,24.25328,1.08926,1.08926,0.10859,,2.72987,18.86011929,13.049999999999999,134,2.3,26.1,0.7,1.6,3.2,29,135.8,322,0.31,70.8,93,432,7,14,2,0.3,3.1,7.2,15.1,13.1
362,42,172,USCA01,USCA01004,California,2.634800565,2.5388888888889016,22.05372167,460.173,,1.139375,84.3443,,1570.92,0.05,loam,3.23539,,,6.2805,0.0707,,104.323,,373.354,,1100.49,,126.33,,,6.80274,15.5432,22.0039,,1.25515,5.79,22.79608,1.06236,1.06236,0.10854,,2.60494,18.0122467,7.1688,121,2.9,24.7,0.8,2.1,2.7,27,139.4,304,0.31,72.3,89,408,8.2,12,2,0.31,2.8,7.2,10.4,8.7
363,42,172,USCA01,USCA01005,California,2.4421571,2.774566210045644,27.37369839,510.191,,1.139375,94.4334,,1752.02,0.05,silty clay loam,3.23624,,,6.33126,0.095,,100.795,,332.854,,1270.12,,130.285,,,7.64684,15.9501,22.8822,,1.23189,5.74,25.06018,1.04947,1.04947,0.10807,,2.37316,20.23115408,10.683599999999998,117,5.1,24.8,0.4,4.7,2.4,27,143.1,298,0.32,65.1,62,430,6.3,15,2,0.25,3,7.2,13.2,8.6
359,42,171,USCA01,USCA01006,California,1.977226191,2.5788367899008247,26.4064299,491.609,,1.139375,91.0913,,1835.87,0.05,silty clay loam,3.37259,,,6.98104,0.0631,,100.644,,334.991,,1252.85,,124.554,,,9.51394,12.7363,21.9168,,1.32112,6.12,25.21618,1.09158,1.09158,0.10026,,2.62812,20.52008366,10.3008,106,1.3,34.5,0.5,0.8,1.5,36,136.6,332,0.29,53.9,62,442,4.6,13,2,0.26,2.7,7.2,7.9,7.2
360,42,171,USCA01,USCA01007,California,1.979440026,2.5318119824646996,33.66094361,513.112,,1.139375,93.2318,,1926.34,0.05,silty clay loam,3.61612,,,6.47659,0.0647,,90.1665,,365.886,,1317.57,,132.519,,,9.27464,14.2588,20.6014,,1.16444,6.17,25.84108,1.03739,1.03739,0.10353,,2.05036,21.58994443,6.9948,103,2.3,33.5,1.1,1.2,2.6,36,133.7,345,0.23,45.7,66,446,4.9,15,2,0.18,3,7.2,7.6,6.6
364,42,172,USCA01,USCA01008,California,2.397056456,2.181633109619686,38.49728608,456.077,0.101882,1.139375,86.0817,,1606.06,0.05,loam,3.15536,,,6.4499,0.0632,,102.217,,247.384,,1123.13,,122.939,,,9.76204,12.8595,11.7526,,1.07313,5.85,23.21408,0.9565,0.9565,0.09744,,2.47296,18.06647968,11.309999999999999,121,6.6,16,2.1,4.5,2.9,19,123.4,291,0.34,60.6,53,378,6.5,15,2,0.23,2.7,7.2,12.9,9.5
365,42,172,USCA01,USCA01009,California,2.35429008,2.327510148849809,33.17730936,452.203,,1.139375,86.812,,1564.38,0.05,loam,3.23968,,,5.42014,0.0912,,101.381,,262.277,,1109.39,,124.949,,,10.14054,12.6972,14.0872,,1.13919,5.81,23.07078,0.86093,0.86093,0.09491,,2.17856,17.78341265,9.2568,106,9,19.2,2.3,6.6,3,22,129.5,284,0.34,64.2,56,376,7.8,15,2,0.25,2.6,7.2,14.5,8.8
366,42,172,USCA01,USCA01010,California,2.787769324,2.4821771217712345,35.59548059,443.765,,1.139375,85.0834,,1581.27,0.05,loam,3.42513,,,5.28497,0.0961,,105.784,,407.244,,1082.78,,136.585,,,8.25154,15.8607,23.6865,,1.434,5.82,23.40008,1.01236,1.01236,0.10494,,2.81094,18.00960983,8.665199999999999,116,6.3,26.3,1.6,4.7,3.2,29,127.8,303,0.29,70.2,92,377,9.3,13,2,0.34,2.9,7.2,13.4,9.5
361,42,171,USCA01,USCA01011,California,2.221976785,2.407312755333641,27.18024469,444.848,,1.139375,85.9151,,1679.39,0.05,loam,3.45129,,,5.56604,0.0756,,99.5773,,369.519,,1130.2,,129.546,,,7.48844,12.8022,24.4434,,1.35757,6.15,23.78098,0.96361,0.96361,0.0958,,2.48507,18.79532709,7.029599999999999,103,2.3,31.9,1,1.4,3.5,35,124.4,326,0.25,55.7,81,411,7,13,2,0.28,2.6,7.2,7.8,6.9
367,42,172,USCA01,USCA01012,California,2.374538241,2.669022801302916,26.2129762,483.809,,1.139375,91.6203,,1650.58,0.05,silty clay loam,3.44006,,,6.45755,0.0894,,113.86,,383.75,,1202.63,,139.171,,,7.02456,15.9037,22.8717,,1.49512,5.85,23.78308,1.06347,1.06347,0.11017,,2.8419,19.289334,7.9344,97,7.4,24.4,3.9,3.5,3.2,28,130.2,316,0.34,66.5,78,414,8.5,13,2,0.33,3,7.2,8.8,5.2
374,43,175,USCA02,USCA02001,California,2.273469276,3.1064485981308225,39.27110087,487.936,0.101426,1.139375,95.7768,,2242.5,0.05,silty clay loam,3.79278,,,6.44811,0.1349,,88.0311,,372.344,,1308.68,,151.713,,,30.28754,15.8518,43.7025,,1.781,6.55,32.05598,1.26911,1.26911,0.13177,,3.19922,23.20458011,13.015199999999998,145,4,36.7,0.1,3.9,4.6,41,142,454,0.29,47,73,508,6.2,29,3,0.38,3.3,7.2,14.2,10.3
371,43,174,USCA02,USCA02002,California,3.299602087,3.1261643835616386,42.17290636,427.348,0.14357,1.139375,86.7553,,2505.05,0.05,clay loam,3.54275,,,8.96361,0.1983,,94.9403,,431.756,,1144.52,,158.882,,,33.75734,11.2678,159.449,,1.47132,6.72,40.57918,1.42172,1.42172,0.16598,,8.98765,23.31675457,40.5768,195,5.4,131.9,0.6,4.8,10.1,142,116,578,0.63,49.6,105,488,10,31,7,1.27,3.5,7.2,23.1,17.4
377,43,176,USCA02,USCA02003,California,1.91090525,2.8164886251236423,34.91839265,471.99,0.124967,1.139375,93.8004,,2238.55,0.05,silty clay loam,3.45963,,,6.36045,0.1471,,89.6546,,374.176,,1320.07,,145.64,,,32.95804,14.6439,66.142,,1.49564,6.87,31.80768,1.13056,1.13056,0.11689,,3.41216,23.29605494,7.1339999999999995,126,6.1,65.1,0.6,5.5,4.7,70,134.1,460,0.29,44.1,68,539,5.8,30,3,0.4,3.2,7.2,13.3,8.4
375,43,175,USCA02,USCA02004,California,2.361037551,3.0845804031879975,32.98385566,461.653,0.146383,1.139375,92.3831,,2151.69,0.05,silty clay loam,3.75117,,,5.95405,0.1559,,91.3386,,384.06,,1234.77,,153.918,,,26.99384,14.6527,56.9929,,1.71133,6.62,31.96248,1.27921,1.27921,0.13455,,4.38337,22.15033399,9.9528,142,4.8,48.9,0.2,4.6,4.6,54,133.6,452,0.29,48.7,79,510,7.1,27,3,0.53,3.3,7.2,16,11.2
372,43,174,USCA02,USCA02005,California,3.549212524,2.981970074812955,43.14017485,399.867,0.123322,1.139375,80.6527,,2472.59,0.05,clay loam,3.47765,,,8.44055,0.221,,88.6368,,563.033,,1086.07,,157.044,,,30.17824,11.8654,167.155,,1.76368,6.87,39.88768,1.49321,1.49321,0.17091,,10.0824,22.98841757,10.718399999999999,204,6.3,150.9,0.5,5.8,12.9,164,109.6,610,0.62,47.1,156,498,9.8,33,9,1.54,3.7,7.2,25.7,20.1
376,43,175,USCA02,USCA02006,California,2.671239767,2.810572792362775,32.98385566,431.848,0.121436,1.139375,88.0452,,2060.26,0.05,clay loam,3.4278,,,5.65174,0.147,,93.876,,402.836,,1148.74,,143.333,,,19.88174,14.043,56.9623,,1.62701,6.65,29.91918,1.40633,1.40633,0.14184,,4.50756,20.99348873,10.7532,167,3.4,51.7,0.1,3.3,4,56,121.6,438,0.3,51.4,94,474,7.6,21,3,0.59,3.2,7.2,16.6,12.9
380,43,177,USCA02,USCA02007,California,2.188454386,2.629922178988314,28.63114743,466.918,0.10868,1.139375,87.8471,,1756.34,0.05,clay loam,3.15597,,,6.11166,0.0948,,110.196,,369.774,,1187.59,,121.641,,,9.03534,11.8844,21.8935,,1.18998,6.48,24.61298,1.0003,1.0003,0.09847,,2.36984,19.66570621,8.839199999999998,152,1.4,29.6,0.1,1.3,3,33,135.9,352,0.31,62.8,90,447,4.9,15,3,0.28,2.8,7.2,11.8,10.5
373,43,174,USCA02,USCA02008,California,3.591873748,3.6249618320610684,42.6565406,421.054,0.195438,1.139375,86.4397,,2638.14,0.05,silty clay loam,3.56608,,,8.74546,0.238,,86.3081,,558.282,,1180.24,,162.177,,,35.27914,11.5118,170.005,,1.84431,6.91,41.52718,1.53417,1.53417,0.17937,,10.6681,24.61091333,29.371199999999998,191,6.1,144.9,1,5.1,14.2,159,115.2,626,0.61,45.7,136,536,9.5,34,8,1.44,4,7.2,23.2,18.6
381,43,177,USCA02,USCA02009,California,2.228686906,2.739283276450503,27.66387894,425.308,0.12767,0.71341,79.052,,1728.57,0.05,clay loam,4.31113,,,4.36428,0.0938,,113.665,,371.066,,1060.85,,146.901,,,8.95236,13.1633,28.1077,,1.50646,6.57,4.12104,1.7823,1.7823,0.1308,,2.39207,18.47364152,9.187199999999999,177,2,42.3,0.1,1.9,3.1,45,129.7,395,0.27,61.5,115,432,7.2,17,3,0.4,2.8,7.2,15.2,13.8
378,43,176,USCA02,USCA02010,California,1.897662841,2.499357798165164,22.34390222,404.177,0.18353,1.19115,78.4033,,1881.61,0.05,loam,3.7281,,,4.20603,0.1291,,100.104,,231.681,,1101.15,,149.203,,,29.55286,13.7927,54.6479,,1.47462,7.01,4.50128,0.94141,0.94141,0.06468,,3.32982,19.30684464,5.568,103,4.1,56,0.1,4,2.7,59,122.5,423,0.3,49.1,64,474,6.6,30,3,0.48,2.5,7.2,11.4,7.3
382,43,177,USCA02,USCA02011,California,2.215268546,2.7268106312292493,30.08205018,430.113,,0.61952,78.0771,,1655,0.05,clay loam,3.85432,,,4.11559,0.0836,,106.358,,315.792,,1078.02,,139.753,,,8.23032,12.8026,25.3051,,1.35822,6.68,3.87738,0.85301,0.85301,0.06368,,2.18728,18.10400729,8.4564,149,1.5,35.1,0.1,1.4,2.1,37,125.4,358,0.25,53.9,122,439,5.5,14,2,0.3,2.8,7.2,11.6,10.5
379,43,176,USCA02,USCA02012,California,1.928573065,2.4096181384248125,24.76207346,420.737,0.1375,1.10763,80.8655,,1889.5,0.05,loam,3.76237,,,4.30981,0.1317,,105.161,,227.795,,1116.82,,151.231,,,26.69066,13.5143,60.1377,,1.47151,6.96,4.58003,0.83201,0.83201,0.06811,,4.00977,19.45446953,6.1944,119,4.7,56,0.1,4.6,4.5,60,132.8,429,0.33,56.3,68,487,6.7,27,3,0.6,2.7,7.2,13.5,8.9
399,44,180,USCA03,USCA03001,California,2.72143628,2.3092528424472176,39.27110087,311.027,0.44735,4.70861,42.4418,4121.84,3876.32,0.10666,clay loam,2.74565,,2.12,3.67943,0.308,8.76,62.3604,581.936,695.065,727.229,805.202,9.4,124.807,,191.062,213.53674,3.9336,104.232,40.6724,1.75231,7.4,14.47654,1.23071,1.23071,0.1072,0.8,1.95604,28.80225526,13.015199999999998,176,4.4,138.7,0.3,4,10.1,149,98,1087,0.32,23.6,166,272,6.8,134,11,0.23,2.5,7.2,16.1,12.3
407,44,181,USCA03,USCA03002,California,2.117096328,2.2575311720698417,46.04198033,251.199,0.41087,6.15599,38.1898,4729.85,3959.46,0.11228,clay loam,2.81725,,2,3.71125,0.461,9.3,55.6583,593.72,667.016,706.098,737.952,8.86,125.059,,293.615,306.19874,3.65648,73.2066,29.905,1.66636,7.62,21.00984,0.93244,0.93244,0.093,0.8,1.75945,28.98849633,15.1032,196,23.9,124.7,0.8,23.1,8.5,133,92.3,1150,0.34,21.6,160,252,8.2,188,17,0.2,2.5,7.2,38.5,15.9
391,44,179,USCA03,USCA03003,California,2.856588645,2.779963293130566,64.90371597,349.013,0.35858,4.55543,54.0276,3918.15,3907.39,0.12078,clay loam,2.7988,,3.36,3.3343,0.334,9.04,57.7254,466.855,564.284,597.957,701.005,9.1,123.227,,275.309,324.42274,3.62187,69.081,22.7844,1.6351,7.48,18.64174,1.11109,1.11109,0.10952,1.02,1.64823,28.23607407,27.4572,206,2.8,126.7,0.8,2.1,9.5,136,97.6,1075,0.33,22.1,132,242,8.5,203,14,0.2,2.9,7.2,16.5,14.7
383,44,178,USCA03,USCA03004,California,3.217780659,2.8437062205959407,56.68193377,344.021,0.37805,4.94973,43.6051,3418.47,3526.78,0.11499,clay loam,2.64416,,2.18,3.30742,0.328,9.2,58.8237,741.347,843.219,693.989,805.652,11.8,120.198,,191.094,224.48474,4.14583,105.128,37.8202,1.69044,7.21,15.25764,1.28856,1.28856,0.11986,1.06,2.24261,27.48578734,31.180799999999994,256,4.3,154.7,0.5,3.8,12.9,168,96.3,905,0.3,23.9,235,259,7.9,133,12,0.29,3.3,7.2,29.4,24.8
384,44,178,USCA03,USCA03005,California,4.205156181,2.948294573643405,60.55100775,323.662,0.33025,4.59416,42.751,3410.88,3428.66,0.10786,clay loam,2.61216,,1.92,3.0163,0.383,9.28,55.8113,687.927,825.244,653.516,755.186,13.56,118.364,,219.69,254.07974,3.94358,81.0813,32.5336,1.59719,7.27,16.37524,1.41455,1.41455,0.14882,1.26,2.34325,26.6572215,14.8248,236,6.4,125.7,0.4,6,9.2,135,93.7,892,0.29,23,214,248,6.3,159,12,0.25,3.3,7.2,26,20.1
400,44,180,USCA03,USCA03006,California,2.817566089,2.5532244008714415,42.6565406,330.556,0.34604,5.07602,39.2782,3488.81,3594.96,0.11128,clay loam,2.80511,,1.92,3.17364,0.321,7.98,57.7788,677.373,832.371,671.655,794.778,12.32,126.156,,172.982,200.99174,3.88277,108.513,43.5356,1.65538,7.4,15.25654,1.10356,1.10356,0.11992,0.96,2.25889,27.60611179,13.363199999999999,195,3.5,134.7,0.1,3.4,8.1,143,88.4,944,0.32,22.6,214,257,6.8,117,11,0.25,2.6,7.2,17.5,14
408,44,181,USCA03,USCA03007,California,2.34529643,2.301914893617007,37.82019813,346.719,0.42979,4.69188,42.26,3920.83,3664.71,0.10441,clay loam,2.98395,,2.98,3.55534,0.398,9,59.8355,470.073,548.703,615.474,680.718,7.64,131.702,,262.816,294.16274,4.00779,68.4256,23.444,1.64664,7.57,18.12524,0.86433,0.86433,0.09499,0.84,1.98393,26.68209923,12.005999999999998,157,19.3,125.7,0.7,18.5,7.9,134,100.4,1045,0.32,23.5,141,242,9.1,187,16,0.19,2.3,7.2,32.8,13.1
392,44,179,USCA03,USCA03008,California,3.473568672,2.8958907363420523,73.60913242,326.556,0.29283,5.18203,46.2248,3556.3,3552.46,0.12182,clay loam,2.90567,,2.04,3.22826,0.35,7.92,54.7522,573.852,668.914,588.596,683.991,14.76,130.274,,288.093,330.71874,3.85449,76.9079,21.3818,1.6047,7.46,19.99594,1.23522,1.23522,0.13372,0.94,1.99454,26.6152967,46.2492,296,4.3,126.7,0.8,3.5,10.5,137,89.9,957,0.33,23.8,171,235,10.9,208,16,0.31,3,7.2,27.8,24.4
401,44,180,USCA03,USCA03009,California,3.108363573,2.2934567901234404,57.64920227,331.928,0.41395,4.03973,35.4222,2930.34,3009.62,0.10755,clay loam,2.55338,,1.7,3.01725,0.259,8.32,60.4433,635.726,740.091,657.87,744.303,10.48,118.035,,151.63,171.80074,4.18952,130.409,46.5966,1.4953,7.27,12.65024,1.00217,1.00217,0.10398,0.9,2.3074,23.89525402,18.096,189,4.8,161.7,0.3,4.5,10.7,172,97.4,840,0.34,26,226,262,8.1,107,11,0.36,2.5,7.2,19,14.4
385,44,178,USCA03,USCA03010,California,3.553948679,2.8000049188391576,47.97651732,317.956,0.22341,2.79902,40.9238,,2843.36,0.13435,loam,2.32987,,,2.65391,0.268,,63.6347,,459.393,,707.746,,110.092,,,155.57086,4.21293,109.596,,1.42591,6.87,13.49376,1.21981,1.21981,0.10904,,2.29203,21.96900928,50.529599999999995,212,9,130.7,0.8,8.2,9.8,141,105.7,758,0.29,27.6,159,252,7.7,125,11,0.33,2.9,7.2,25.1,17.5
409,44,181,USCA03,USCA03011,California,2.767163054,2.1824513618677153,45.07471184,310.604,0.45993,6.31389,36.7705,3346.13,3479.64,0.05,loam,2.92035,2.07935,1.74,3.00528,0.373,6.74,50.5793,536.302,668.56,547.021,663.645,10.2,129.373,,194.257,227.51474,3.81142,63.7844,21.8648,1.52152,7.69,18.31284,0.94952,0.94952,0.10358,0.64,1.57731,25.63202595,15.3816,177,20,103.7,0.8,19.3,3.7,107,85.3,988,0.34,20.2,178,235,10.4,146,15,0.22,2.3,7.2,34.7,15.3
393,44,179,USCA03,USCA03012,California,3.098343891,2.68380999,66.83825296,310.59,0.34174,4.73085,47.4461,3101.43,3201.7,0.10423,loam,2.79283,,1.48,2.91745,0.306,7,50.5214,532.947,648.799,531.759,631.541,13.22,127.275,,206.953,241.68374,3.74076,65.5388,22.4164,1.48496,7.47,17.14474,1.1033,1.1033,0.11838,0.74,1.84741,23.98572775,27.9792,232,5.6,108.7,0.6,5,5.8,115,90.5,912,0.31,22.3,183,225,11.3,157,12,0.24,2.6,7.2,23.1,18.6
402,44,180,USCA03,USCA03013,California,3.051994234,2.022964426877486,41.68927211,331.86,0.37036,3.37021,36.5683,2478.54,2701.63,0.15887,sandy clay loam,2.39112,,1.34,2.68944,0.248,8.4,62.8233,572.049,700.529,606.239,718.307,9.64,109.869,,134.301,164.46274,4.14394,156.05,49.3978,1.48817,7.5,12.51664,0.85445,0.85445,0.08731,1.18,3.4831,22.00532529,16.0776,183,5.5,182.7,0.7,4.8,16.5,199,104.5,828,0.32,29.1,223,270,9,109,10,0.59,2.3,7.2,19.5,15.7
386,44,178,USCA03,USCA03014,California,4.087335621,2.600637488106563,55.23103103,304.876,0.36684,4.46745,35.5236,2772.05,2734.63,0.12179,loam,2.40921,,1.28,2.60844,0.294,8.1,56.7346,769.676,870.206,634.545,700.191,12.52,112.209,,137.335,158.90474,3.95126,102.71,36.73,1.56309,7.31,17.39584,1.3406,1.3406,0.13129,1.22,3.27502,22.43026266,23.176799999999997,254,5.3,132.7,0.7,4.7,8.4,141,93,802,0.28,26.1,307,260,8.6,103,13,0.45,3,7.2,23.5,19.4
410,44,181,USCA03,USCA03015,California,1.845493815,1.808152610441761,38.30383238,306.301,0.36912,4.01274,36.1234,3549.01,3467.62,0.1008,loam,2.68259,,2.12,3.09159,0.36,7.8,54.2044,496.56,598.654,522.403,595.41,7.62,120.195,,168.687,188.68674,3.74309,75.7331,22.949,1.62335,7.68,18.55204,0.72927,0.72927,0.07374,0.8,1.96053,24.65523741,9.744,153,17.5,107.7,0.4,17,5.5,113,85.2,1021,0.32,20.6,170,218,9.1,115,14,0.27,2,7.2,30.8,12.9
394,44,179,USCA03,USCA03016,California,3.33879305,2.4373180263800776,71.67459544,284.687,,4.27284,42.5974,3138.85,3475.07,0.05,loam,2.69037,,1.38,2.68007,0.283,6.38,50.8112,562.446,759.371,486.933,629.992,13.34,123.816,,165.87,196.82674,3.18608,69.6541,21.1336,1.65434,7.61,19.54144,1.10041,1.10041,0.10656,0.94,2.59018,25.42815692,31.842,229,4.3,107.7,1.3,3,7.5,115,82.8,1005,0.32,20.5,206,231,12.3,129,13,0.36,2.6,7.2,19.7,16.7
445,45,192,USCO01,USCO01001,Colorado,1.080157872,0.192595947,15.76647648,21.6961,,0.5487,15.5173,5025.29,4894.5,0.05,sand loam,0.78015,,0.52,1.08982,0.224,2.66,10.0232,214.546,274.017,96.0163,125.372,5.52,54.5594,,5.5281,3.75,0.70953,26.5099,12.3549,1.46116,8.29,5.40789,0.484498681,1.042149533,0.043,0.14,1.25,26.23617871,2.3663999999999996,111,18.8,4.1,7.8,11,1.5,6,22,2818,0.01,4,102,75,0.9,8,2.7,0.01,0.8,7.2,20.2,6.5
439,45,191,USCO01,USCO01002,Colorado,1.327751981,0.246406534,16.2501107,30.8919,,0.63406,12.4846,4728.62,4284.77,0.05,sand loam,0.93751,,0.56,1.20717,0.185,3.42,13.0745,234.919,305.348,101.144,136.095,6.48,71.6282,,5.3494,3.75,0.83239,29.6078,12.9739,1.66401,8.36,5.55298,0.514877425,0.792579287,0.045,0.18,1.25,23.35722294,2.3316,104,12.6,6.5,3.9,8.7,2.5,9,26,2696,0.01,3,101,74,0.9,7,2.5,0.01,0.9,7.2,19.1,6.9
451,45,193,USCO01,USCO01003,Colorado,1.605885378,0.60032491,21.08645318,461.705,,0.93333,58.3922,3670.07,3537.09,0.18485,loam,2.13086,,0.98,2.30604,0.212,5.88,26.7035,647.195,718.94,223.738,256.786,11.32,193.231,,7.0086,3.75,1.86681,99.6358,29.2785,3.9291,7.93,7.42179,0.764523698,0.777453224,0.082,0.34,1.25,21.68507359,5.637599999999999,88,22.7,128.5,4.6,18.1,12.1,141,153,1211,0.15,12,203,105,11.9,11,4.6,0.18,1.7,7.2,29.4,9.2
417,45,183,USCO01,USCO01004,Colorado,0.937744956,0.201688805,12.38103675,11.9353,,0.69328,19.4144,4872.65,5410.99,0.05,sand loam,0.73699,,0.54,1.12199,0.166,2.78,13.3274,185.569,259.913,90.9785,130.808,4.96,49.5906,,5.2912,3.75,0.73052,12.9286,10.1749,1.43949,8.41,5.43117,0.571698581,1.249995578,0.041,0.14,1.25,28.82776461,2.6447999999999996,123,13.1,2.2,4.5,8.6,0.7,3,18,2824,0.01,3,82,69,0.8,9,2.5,0.01,0.8,7.2,18.3,7.3
415,45,182,USCO01,USCO01005,Colorado,1.100894374,0.237914439,14.79920795,31.5963,,0.71888,13.8525,5008.34,4286.53,0.05,sand loam,0.90435,,0.56,1.20423,0.215,4.36,12.5182,228.696,279.712,108.077,134.505,5.98,66.6708,,5.5729,3.75,0.84727,23.3032,9.4512,1.65767,8.26,2.5,0.30139393,0.777321088,0.043,0.36,1.25,23.28703961,1.914,116,21.5,3.1,7.4,14.1,1.7,5,24,2713,0.01,3,94,80,1,7,2.3,0.01,0.9,7.2,25.4,7
419,45,184,USCO01,USCO01006,Colorado,2.049072855,0.59717873,24.47189291,445.779,,1.0695,55.7723,3298.05,3472.28,0.18351,loam,2.11209,,0.98,2.23809,0.163,5.46,25.6356,602.756,739.518,203.877,258.378,12.7,190.64,,8.0693,3.75,1.75125,104.826,28.5476,3.94022,8.11,9.56167,0.837402809,0.837402809,0.085,0.48,1.25,21.42705436,5.881199999999999,93,11.2,126.5,3.6,7.6,7.6,134,143,1077,0.14,12,191,94,13.1,9,4.5,0.22,1.7,7.2,17.5,8
423,45,186,USCO01,USCO01007,Colorado,3.366805361,0.763121238,26.89006411,25.2947,,0.90128,12.1525,4699.72,3969.34,0.05,sand loam,0.95177,,0.4,0.92313,0.142,2.84,13.2082,393.25,473.007,142.062,178.699,9,91.0136,,6.084,3.75,0.5783,38.3805,17.5022,2.06951,8.47,7.09464,1.356578396,1.466223235,0.112,0.38,1.25,22.56500115,6.2988,135,5.5,14.4,2.4,3.1,2.4,17,36,2397,0.01,4,168,89,1.5,7,3.3,0.01,1.4,7.2,15.5,10.9
421,45,185,USCO01,USCO01008,Colorado,3.14349749,0.739366345,25.43916143,147.977,,0.97728,34.589,3733.57,3609.7,0.10767,sand loam,1.11915,,0.48,1.13269,0.139,3.32,16.3765,439.836,535.318,139.851,175.65,9.46,102.701,,5.3602,3.75,0.68772,48.139,18.0001,2.29947,8.35,7.13769,1.005018279,1.034299912,0.092,0.38,1.25,20.90116461,5.742,132,5.5,44.7,3.4,2.1,3.9,49,74,1574,0.05,8,183,91,4.9,7,3,0.15,1.6,7.2,14.1,10.4
425,45,187,USCO01,USCO01009,Colorado,3.72998131,0.74415507,27.37369841,310.357,,0.96716,35.1848,3220.76,2741.48,0.13366,sand loam,1.28917,,0.58,1.24777,0.148,4.32,21.5035,634.007,702.737,180.138,182.542,11.04,117.596,,69.3721,3.75,0.81796,75.4943,7.02428,2.56303,8.23,8.34391,1.041411737,1.041411737,0.101,0.52,1.25,17.04677743,6.438,137,6.8,79.3,2.7,4.1,4.4,84,113,972,0.09,15,258,86,11.1,8,4.3,0.24,1.7,7.2,15.7,10.9
431,45,189,USCO01,USCO01010,Colorado,0.91255758,0.154940778,12.86467098,30.9058,,0.64803,15.258,4728.26,4495.35,0.05,sand loam,0.86018,,0.46,0.98929,0.169,3.68,12.6155,187.006,252.944,90.9353,124.806,5.16,63.9054,,5.3806,3.75,0.76938,23.1044,10.3129,1.64764,8.41,5.69469,0.235350266,0.975728458,0.045339489,0.2,1.25,24.18167871,2.3663999999999996,104,14.8,5,2.5,12.4,1.2,6,20,2734,0.01,2,82,70,0.8,5,2.9,0.01,0.8,7.2,20.1,7.2
427,45,188,USCO01,USCO01011,Colorado,1.207135557,0.204397163,16.2501107,30.2288,,0.77205,16.6337,5034.27,4350.97,0.05,sand loam,1.03157,,0.6,1.26253,0.175,4.34,16.0816,253.91,324.102,112.611,144.156,7.84,76.8233,,6.1324,3.75,0.85754,27.5194,12.0693,1.87383,8.39,5.82339,0.61301367,0.870699126,0.048,0.28,1.25,23.80348512,2.1923999999999997,112,17.1,5.1,3.6,13.5,1.9,7,26,2642,0.01,3,99,75,0.9,6,2.6,0.01,0.9,7.2,21.7,7.3
435,45,190,USCO01,USCO01012,Colorado,2.128083435,0.496757905,23.02099016,387.685,,0.97885,48.5205,3367.15,3732.82,0.166,loam,1.81485,,0.84,1.86319,0.232,6.12,21.4163,583.443,743.692,164.45,218.946,10.06,162.519,,5.3631,3.75,1.33379,89.3855,28.2131,3.51242,8.07,8.43543,0.774993655,0.774993655,0.077,0.54,1.25,22.41185692,4.8372,94,23.8,111.5,3.9,19.9,7.5,119,110,1396,0.1,9,223,97,6,9,3.9,0.22,1.6,7.2,24.9,5.6
424,45,186,USCO01,USCO01013,Colorado,3.09110377,0.751308411,27.37369841,32.3495,,0.81437,31.7269,4371.1,4358.15,0.05,sand loam,1.04284,,0.42,0.89853,0.146,3.36,14.7791,471.802,577.174,161.436,201.209,10.02,100.802,,5.5941,3.75,0.58328,51.7829,19.2374,2.15982,8.43,8.04369,1.036707886,1.088956403,0.093,0.38,1.25,24.96372935,11.1708,125,6.2,32.4,3.6,2.6,3.2,36,52,2229,0.04,6,211,115,3.3,11,4.5,0.18,1.7,7.2,12.2,7.6
422,45,185,USCO01,USCO01014,Colorado,2.128083435,0.741351835,27.85733264,16.05,,0.82692,14.8653,4720.61,4412.94,0.05,sand loam,1.04478,,0.511176,1.11648,0.145,2.7603,15.3764,342.682,432.788,162.349,209.528,10.24642,88.6524,,5.5869,3.75,0.71845,30.0492,13.8897,2.13371,8.51,7.19312,1.115611348,1.183386699,0.086,0.252986,1.25,24.93678384,6.925199999999999,122,5.6,9,2.3,3.3,2.4,11,37,2371,0.01,3,134,108,1.1,6,3.4,0.01,1.6,7.2,11.8,7.5
426,45,187,USCO01,USCO01015,Colorado,3.21603594,0.790833333,28.82460116,309.569,,0.91789,34.6628,2588.64,2363.05,0.1324,sand loam,1.27411,,0.55164,1.2252,0.15,2.98882,21.5505,703.038,759.699,183.961,197.974,13.33198,115.346,,5.68,3.75,0.78874,98.3155,25.7325,2.59344,8.28,7.52916,0.884410741,1.071456952,0.098,0.49249,1.25,15.42928384,9.361199999999998,135,6.2,100.5,3.4,2.8,8.1,109,119,914,0.09,14,330,102,16.7,8,3.7,0.28,1.8,7.2,15,11
432,45,189,USCO01,USCO01016,Colorado,1.096284859,0.169087799,13.3483052,24.0452,,0.6215,9.96687,5464.15,4102.6,0.05,sand loam,1.03217,,0.510474,1.04948,0.254,2.25984,13.0779,267.301,288.075,102.696,116.92,7.08146,81.6028,,6.3846,3.75,0.8402,28.0338,15.0866,1.82116,8.29,6.09361,0.498166714,0.631366443,0.038,0.266322,1.25,22.24229153,2.2967999999999997,84,29.9,8.7,9,20.9,1.4,10,33,2535,0.01,3,102,69,1.9,6,3.5,0.01,0.8,7.2,28.6,4.2
428,45,188,USCO01,USCO01017,Colorado,1.230288146,0.189548179,18.18464768,30.3048,,0.80723,15.2588,5078.92,4429.61,0.05,sand loam,0.94891,,0.578144,1.31106,0.22,2.3147,12.688,281.54,352.823,153.258,190.982,6.75334,69.498,,6.2404,3.75,0.75788,33.4514,16.6031,1.85273,8.28,5.99747,0.656041168,0.888078378,0.052,0.223372,1.25,24.66054538,2.6795999999999998,92,29.7,7.4,5,24.8,2.3,10,25,2594,0.01,2,113,104,1.4,6,2.9,0.01,1,7.2,31.1,5.2
436,45,190,USCO01,USCO01018,Colorado,1.865658871,0.31313099,22.0537217,377.767,,0.93021,47.1907,3570.7,3481.66,0.15624,loam,1.76357,,0.821514,1.84391,0.166,3.20618,21.7593,655.553,733.973,198.082,223.094,10.17118,157.454,,6.00901,3.75,1.2907,94.5919,30.6301,3.42726,8.29,7.75318,0.779490105,0.779490105,0.08,0.430374,1.25,21.16570307,2.9927999999999995,78,9.3,119.5,2.5,6.9,10,130,115,1207,0.09,10,225,95,7.8,7,3.4,0.19,1.5,7.2,11.9,4.7
446,45,192,USCO01,USCO01019,Colorado,1.087068236,0.137936925,15.76647648,28.4769,0.22006,0.50235,14.5246,5259.39,4239.78,0.05,sand loam,1.02004,,0.552692,1.14628,0.182,2.63918,13.1054,230.623,273.431,100.632,120.776,6.43568,80.3023,,6.22101,1.77731,0.93431,19.3521,10.6396,1.73266,8.36,3.71749,0.397388908,0.736088482,0.037106791,0.1242814,0.31623,22.91419923,2.1576,87,16.4,3.7,2.8,13.6,0.6,4,23,2659,0.01,2,75,67,0.9,6,2.6,0.01,0.8,7.2,20.8,4.7
440,45,191,USCO01,USCO01020,Colorado,0.953824167,0.298551203,20.60281895,22.6829,0.16898,0.84654,14.281,5679.55,5145.67,0.05,sand loam,0.82542,,0.71986,1.55005,0.146,3.32776,14.0168,280.976,325.856,241.672,263.225,5.78606,53.3457,,8.88915,5.24166,0.82256,17.4631,8.9892,1.63887,8.46,3.38039,0.711740522,1.191742532,0.056961274,0.1024492,0.125,28.7802097,3.0624000000000002,100,5.9,1.9,2.2,3.7,1.2,3,25,2674,0.01,2,88,133,0.8,8,2.3,0.01,0.8,7.2,9.2,4.1
452,45,193,USCO01,USCO01021,Colorado,1.662278957,0.476001009,24.47189291,150.751,0.19591,0.93297,57.4303,5155.83,4226.77,0.16552,loam,1.93321,,0.99048,2.11399,0.152,4.2986,22.5624,640.753,704.05,249.984,278.863,9.9951,171.204,,6.76627,1.57981,1.59783,55.4121,22.1128,3.66879,8.33,4.44363,0.662968877,0.776876281,0.080830442,0.3371,0.85905,25.26983349,5.0112,77,8.1,48.3,2.1,6,3.4,52,90,1764,0.26,7,171,118,3.1,7,3,0.15,1.6,7.2,11,3.8
418,45,183,USCO01,USCO01022,Colorado,0.911286182,0.270670541,15.76647648,33.6702,0.18291,0.65086,14.8868,5152.84,4277.61,0.05,sand loam,0.81762,,0.465102,1.06887,0.135,2.72024,10.823,212.638,248.914,95.9575,115.563,4.73392,57.5883,,5.73819,1.15813,0.74462,17.1275,9.8898,1.52032,8.49,2.91708,0.625107386,1.044986797,0.05087752,0.253692,0.60148,22.99435138,2.7492,113,8.2,3.1,1.9,6.3,1.2,4,19,2719,0.01,2,82,71,0.8,6,2.6,0.01,0.9,7.2,14.9,7.7
416,45,182,USCO01,USCO01023,Colorado,1.293952148,0.432565073,20.11918466,20.5631,0.19278,1.12038,15.115,5792.29,4955.87,0.05,loam,0.90984,,0.68909,1.53238,0.219,2.97518,15.4084,364.208,413.223,308.813,329.337,4.78596,66.486,,8.50285,5.03168,0.81672,23.2112,10.1451,2.06697,8.35,3.96569,0.645040429,1.058140149,0.07017716,0.24156,0.66073,28.60524803,2.8884,99,21.1,3.5,3.6,17.5,1.5,5,24,2525,0.01,2,114,168,0.7,7,2.9,0.01,1.3,7.2,24.2,5.6
420,45,184,USCO01,USCO01024,Colorado,1.735049413,0.473196347,22.0537217,195.863,0.2127,1.10374,50.2939,4376.65,3749.26,0.14499,loam,1.76675,,0.810562,1.84598,0.205,3.85068,21.8228,548.485,618.991,212.873,245.968,8.11018,153.804,,6.03866,1.77149,1.36631,65.0282,26.6837,3.34272,8.22,5.17229,0.736586364,0.786636665,0.070700684,0.619834,1.7325,22.39089188,3.0275999999999996,87,21,79.6,3.5,17.5,4.9,85,90,1470,0.14,7,165,108,5.1,7,3.4,0.34,1.4,7.2,25.7,5
459,46,195,USCO02,USCO02001,Colorado,2.905510179,2.442655811,25.63261507,519.795,,0.67769,54.1322,,2438.69,0.14864,clay loam,1.20965,,,1.29364,0.1285,,50.5249,,691.946,,479.948,,93.4279,,,4.40312,1.40028,41.3361,,3.69913,6.03,7.018,1.225102094,1.225102094,0.124,,1.60781,17.98638211,28.3272,159,10.7,20.3,1.8,8.9,4.8,25,196,543,0.08,40,236,144,7.5,13,5.7,0.27,2.3,7.2,24.6,14.5
491,46,204,USCO02,USCO02002,Colorado,2.13295096,2.168109864,24.66534661,504.682,,0.74834,58.3284,,3147.74,0.13574,clay loam,1.56159,,,1.52534,0.1852,,34.1782,,693.594,,491.432,,110.755,,,4.53649,1.57836,30.7937,,3.96259,6.92,5.21028,0.983756757,0.983756757,0.103,,0.93176,21.63213681,23.9076,111,6.7,21.1,2.4,4.3,4.3,25,189,682,0.08,22,216,145,7.9,11,3.8,0.13,1.9,7.2,13.1,6.9
475,46,201,USCO02,USCO02003,Colorado,2.537979624,2.256338798,28.53442057,504.681,,0.85805,54.0567,,3310.64,0.13137,clay loam,1.40138,,,1.49261,0.211,,33.8599,,688.409,,501.201,,99.526,,,3.1564,1.49332,38.7134,,3.65389,7.02,6.74002,1.158998429,1.158998429,0.117,,1.46469,22.50874986,23.142,139,8.7,28.8,2.5,6.2,6.3,35,192,851,0.11,19,227,166,6.2,11,5.1,0.18,2.1,7.2,18,10.3
465,46,198,USCO02,USCO02004,Colorado,2.596032579,2.611176471,46.42888773,478.995,,1.18415,56.942,4569.29,4160.24,0.12124,loam,1.42907,,0.86,1.54858,0.209,6.76,27.4433,754.079,757.745,486.016,496.555,12.88,100.908,,8.025,3.75,1.43499,18.1041,11.3823,3.68595,7.4,8.31649,1.292235231,1.561875068,0.136,0.36,1.25,26.89839862,32.224799999999995,177,2.7,8.5,2,0.7,5.5,14,155,1277,0.1,11,198,198,5.1,12,4,0.1,2.6,7.2,13.1,11.4
457,46,194,USCO02,USCO02005,Colorado,2.403044886,1.832072593,35.30530002,24.5076,0.28689,1.21082,32.3367,6406.77,8335.52,0.05,loam,0.56066,,0.63431,1.2874,0.1943,2.33942,8.51173,611.003,695.898,289.078,319.097,9.3299,44.8999,,7.33499,3.48092,0.50028,36.7487,17.1322,2.27358,8.32,8.80879,1.356688865,2.336978326,0.126896173,0.761568,1.58312,46.13622995,13.8156,158,8.9,2.3,2,6.9,1.6,4,21,2997,0.01,2,198,161,0.7,10,3.9,0.01,2,7.2,15.3,8.7
487,46,203,USCO02,USCO02006,Colorado,1.617517018,1.351713085,33.85439727,19.9641,0.2116,1.0948,26.7782,6386.44,7166.51,0.05,loam,0.73296,,0.636816,1.45474,0.1798,2.51524,9.81997,509.438,588.986,234.134,268.908,8.09258,52.5272,,6.6925,2.60696,0.67984,32.0105,14.8398,2.51114,8.37,6.70196,0.890783739,1.61627648,0.098697394,0.283834,0.63378,39.59500513,7.1688,133,5.7,2.7,2.2,3.5,1.9,5,24,2918,0.01,2,156,132,0.7,11,3.5,0.01,1.7,7.2,11.9,7.9
469,46,200,USCO02,USCO02007,Colorado,2.002524367,1.58425486,33.37076305,41.2545,0.29227,1.09956,47.6323,6328.85,5540.32,0.10063,loam,1.04201,,0.614844,1.41394,0.1618,2.70528,13.4968,576.906,639.643,254.024,275.822,8.55054,74.5467,,7.09916,2.24789,0.89281,26.5602,11.3246,2.84912,8.29,6.91173,1.094034835,1.330350786,0.111752953,0.524316,1.19167,31.65000036,9.7092,147,7.1,3.7,1.9,5.1,2.4,6,50,2695,0.01,3,179,139,1.2,7,4.2,0.01,1.7,7.2,13.5,8.2
463,46,197,USCO02,USCO02008,Colorado,3.40343438,2.058531396,57.06884114,42.9054,0.1923,0.96347,46.0218,5333.56,4633.72,0.10028,loam,1.00023,,0.597384,1.07631,0.1628,3.15918,14.1323,429.128,487.412,181.421,197.992,13.42146,81.5227,,7.53855,1.92945,0.75411,14.1108,9.4111,2.8469,8.37,6.42798,3.739273858,3.791456079,0.302988158,0.257756,0.50827,26.07669661,21.2976,193,3.4,2.5,2.7,0.7,3,6,65,2534,0.03,6,140,111,2.9,8,3.8,0.03,2.3,7.2,13.9,12
461,46,196,USCO02,USCO02009,Colorado,3.521355721,2.84244844,48.3634247,119.504,0.19256,1.49086,44.6737,6627.65,6213.92,0.17782,loam,1.21672,,0.835502,1.65304,0.224,3.83592,16.7703,982.133,995.755,260.099,288.295,13.57694,105.917,,12.2536,7.79634,0.87921,117.476,48.0348,4.11356,8.35,10.86619,1.836059059,2.172773328,0.173181106,2.0377,4.47607,36.05917342,18.965999999999998,175,12.6,20.6,2.8,9.9,5.3,26,41,2763,0.01,5,287,130,0.9,10,5.2,0.1,3,7.2,22.5,10.8
495,46,205,USCO02,USCO02010,Colorado,3.544002614,3.037504488,54.1670357,239.025,0.11733,1.33819,51.9442,6732.41,5971.38,0.19111,clay loam,1.33673,,0.956972,1.86602,0.221,4.68702,22.1472,1013.76,1006.32,259.794,277.268,8.71404,119.894,,11.5388,5.45715,1.03881,122.506,56.6633,4.94177,8.21,10.72329,1.711278632,1.876887351,0.174387451,0.914404,2.13608,34.7715011,17.9916,145,9.7,37.7,2.4,7.3,5.6,43,72,2492,0.02,7,248,118,1.6,11,5.8,0.03,3.1,7.2,17.7,8.9
481,46,202,USCO02,USCO02011,Colorado,3.218931503,3.682009512,44.97798498,493.453,0.18102,1.63769,67.5322,6600.37,6164.16,0.25069,silty clay loam,1.45815,,1.233482,2.40373,0.356,6.99144,32.3577,1213.3,1207.45,289.037,308.008,7.20204,137.256,,7.86159,2.45102,1.15335,131.131,63.8427,6.23553,7.87,9.86129,2.229155606,2.229155606,0.217192459,1.471748,3.4196,36.4942156,17.8176,121,19.6,84.2,2.2,17.4,6.7,91,147,1831,0.11,14,282,116,3,10,6.4,0.23,3.6,7.2,26.8,8.4
467,46,199,USCO02,USCO02012,Colorado,5.897680916,5.500994152,71.09423434,244.229,0.14237,1.56091,60.4407,6724.53,5623.26,0.19931,silty clay loam,1.07929,,1.114186,1.91362,0.369,6.8236,27.4918,1287.79,1175.15,311.079,305.395,6.94338,102.774,,18.705,12.02015,0.82763,102.512,52.1488,5.21313,7.83,14.48049,3.009405272,3.009405272,0.287102998,1.240714,2.3686,33.726725,58.255199999999995,196,10.3,63.6,2.4,7.9,6.2,70,117,1625,0.06,14,283,110,3.3,17,10.4,0.18,5.5,7.2,26.1,17.2
466,46,198,USCO02,USCO02013,Colorado,3.038285251,3.244044495,53.19976718,478.959,0.20425,1.16086,58.0001,3486.32,3179.65,0.12295,loam,1.45161,,0.820082,1.341,0.177,6.24838,30.7646,709.155,781.864,515.813,484.71,25.549,102.856,,8.38002,2.70439,1.29056,22.0753,14.4273,3.67843,7.7,6.6511,1.974336964,1.974336964,0.168395374,0.535378,0.96289,21.95403772,52.1652,202,4,16.8,2.8,1.2,4.7,22,172,902,0.07,16,211,169,6,10,4,0.12,3.2,7.2,18.5,15.3
460,46,195,USCO02,USCO02014,Colorado,2.429492613,2.368515134,32.88712882,493.073,0.2695,0.90492,57.2869,3542.46,3292.92,0.13062,loam,1.41519,,0.917756,1.34356,0.209,7.83288,34.3204,720.712,809.161,479.154,456.458,20.46,97.7363,,8.63307,3.54455,1.44466,49.1882,26.4164,3.5737,7.54,6.12999,1.134381376,1.134381376,0.120922049,0.604906,1.12114,22.35859958,33.8604,171,9.1,30,2.9,6.2,5.8,36,165,970,0.08,17,221,164,6.5,10,5.1,0.17,2.1,7.2,20.7,12.5
492,46,204,USCO02,USCO02015,Colorado,2.102062416,2.178602151,36.75620277,131.306,0.2769,1.02107,55.232,5823.5,4945.4,0.12363,loam,1.34671,,0.779108,1.50751,0.197,4.7977,21.3996,807.991,848.522,417.215,414.508,11.60484,96.1148,,8.99507,3.03763,1.37217,28.7852,16.8573,3.36448,8.12,5.82829,1.057048017,1.06778701,0.108281757,0.305582,0.66569,30.37013786,13.223999999999998,150,6.7,16.6,2.2,4.4,5.1,22,118,1893,0.1,11,247,196,4.2,9,4.1,0.09,1.9,7.2,13.8,8.2
476,46,201,USCO02,USCO02016,Colorado,2.311893658,2.13,42.07617948,114.087,0.2763,1.05462,56.5817,5920.29,4729.78,0.12256,loam,1.3882,,0.758602,1.52034,0.209,4.5192,20.5595,748.257,805.149,411.293,401.013,11.94796,102.471,,8.18726,2.24525,1.29699,32.6459,19.1396,3.35162,8.07,6.24076,1.178460172,1.178460172,0.115293649,0.394544,0.89841,29.06492158,19.766399999999997,147,7.4,13.9,1.9,5.4,4.2,18,88,2226,0.08,6,216,195,3.8,8,3.7,0.05,2.1,7.2,14.6,9.2
464,46,197,USCO02,USCO02017,Colorado,3.420960538,2.394035281,55.13430416,418.642,0.25124,1.16871,54.3289,4037.58,3772.88,0.1042,loam,1.22817,,0.756494,1.42431,0.19,4.8173,23.0059,491.822,569.979,281.544,291.007,17.11088,92.097,,7.87165,2.76753,0.98922,16.5602,10.9687,2.9899,7.98,6.73919,1.412883331,1.412883331,0.129059275,0.301454,0.57413,22.7629757,26.7612,140,3.1,7.5,2,1,4.4,12,135,1301,0.07,9,161,137,5.2,10,3.6,0.08,2.5,7.2,10,8.1
458,46,194,USCO02,USCO02018,Colorado,2.964432626,1.695,24.18171239,449.465,,0.25,46.2264,,2218.46,0.11503,loam,1.14363,,,0.97082,0.11,,36.7513,,492.882,,277.908,,87.7261,,,3.75,1.12798,42.0405,,2.9597,6.75,8.3378,1.015824066,1.015824066,0.103,,1.25,14.68830453,14.372399999999997,106,10.9,23.3,2.4,8.5,4.2,28,184,554,0.1,38,157,97,10.1,11,3.5,0.35,1.8,7.2,17.8,8.6
488,46,203,USCO02,USCO02019,Colorado,2.34303981,1.56667841,19.82900414,509.739,,0.25,52.6773,,2403.34,0.05,loam,1.13619,,,0.95405,0.0826,,36.9144,,496.294,,336.668,,83.4996,,,3.75,1.31947,24.6345,,2.59683,6.89,7.60297,0.860920572,0.860920572,0.094,,1.25,16.11111986,15.659999999999998,108,6.6,12.8,2,4.6,3.5,16,189,554,0.06,30,147,107,6.2,10,3.3,0.11,1.6,7.2,12.4,7
470,46,200,USCO02,USCO02020,Colorado,2.295138593,1.61501845,14.99266166,486.159,,0.64803,53.8326,,2402.49,0.11489,loam,1.20186,,,1.0447,0.0985,,35.8223,,505.977,,295.893,,90.5451,,,3.75,1.26559,30.479,,2.89315,6.87,8.56859,0.98310029,0.98310029,0.091,,1.25,15.79190641,18.4092,104,8.9,18.7,2.7,6.3,4,23,185,554,0.07,34,157,100,8.3,10,3.4,0.15,1.8,7.2,14.4,7.1
468,46,199,USCO02,USCO02021,Colorado,6.851172567,5.525347594,70.61060011,290.411,0.17847,1.42564,65.0201,6195.58,5289.46,0.21693,silty clay loam,1.27322,,1.179116,1.8721,0.356,8.11812,30.347,1322.05,1251.25,355.314,349.994,17.54028,119.241,,8.21858,2.21132,0.96476,99.6529,56.4749,5.18468,7.64,10.52829,3.033921244,3.033921244,0.285781043,3.46942,5.58616,32.58186446,74.6112,187,9.7,70,2,7.7,9.2,79,136,1393,0.05,16,296,117,5.5,10,5.3,0.57,5.7,7.2,24.3,15.7
462,46,196,USCO02,USCO02022,Colorado,3.596928797,3.238277946,52.23249873,212.404,0.18132,1.45442,52.877,6608.2,5745.8,0.19742,loam,1.37269,,0.857604,1.81753,0.245,4.73116,21.517,914.824,942.803,234.404,258.693,11.41802,121.305,,7.43494,1.69766,1.00546,101.487,47.3957,4.60002,8.11,9.01959,1.812052755,1.915487828,0.179919431,1.058,2.33043,33.30959973,23.872799999999998,160,13.6,31.7,2.2,11.4,3.8,35,71,2567,0.03,8,247,117,2,9,5.2,0.05,3.1,7.2,24.1,11.8
496,46,205,USCO02,USCO02023,Colorado,3.746257163,3.408511518,45.4616192,289.835,0.17753,1.48381,55.6429,7669.44,6488.43,0.21091,silt loam,1.32718,,1.005032,2.07915,0.227,4.0738,20.0672,970.512,1061.03,279.622,285.334,6.18216,123.245,,11.4067,1.87259,1.07186,122.696,14.5338,5.1049,8.18,9.32639,1.958057057,2.090642321,0.183178548,0.988992,2.42589,37.54866478,19.7316,146,14.3,32.5,1.8,12.6,4.3,37,68,2647,0.02,8,257,123,1.7,12,5.2,0.02,3.1,7.2,23.6,10.4
482,46,202,USCO02,USCO02024,Colorado,3.533934687,3.581659193,44.01071652,311.775,0.162,1.56926,57.0207,7185.09,6565.13,0.21605,silt loam,1.40894,,1.12276,2.20046,0.278,5.78762,23.8892,1074.77,1051.5,272.644,288.704,11.55328,130.751,,10.6216,2.18467,1.15599,121.16,58.0323,5.25511,8,9.46249,2.025003589,2.193936215,0.200963516,1.276684,2.70102,37.93716909,18.896399999999996,144,16.1,31.1,1.1,15,4.2,35,62,2605,0.01,7,250,118,1.5,8,5.9,0.02,3.3,7.2,27.5,11
533,47,216,USCO03,USCO03001,Colorado,1.655011944,0.60958021,26.89006411,501.424,0.29671,0.6111,48.4102,3281.29,3157.87,0.05,loam,0.99237,,0.68174,0.9395,0.252,7.87782,31.2116,561.253,658.715,399.622,390.188,14.603,68.1978,,8.77297,4.43383,1.11265,31.9013,18.1564,2.95851,7.44,5.31704,0.889573044,0.889573044,0.098222371,0.320244,0.60423,20.74920705,17.1216,131,4.6,25.8,0.1,4.5,5.4,31,202,702,0.14,27,177,142,7,11,3.4,0.19,2.2,7.2,13.4,8.3
517,47,213,USCO03,USCO03002,Colorado,2.786348703,1.073303303,19.63555043,538.4,,0.52227,37.9496,,1858.26,0.103,loam,0.82781,,,0.76824,0.0908,,47.432,,609.682,,404.848,,67.2189,,,3.75,1.06754,32.1369,,2.67735,6.45,8.86432,0.858492521,0.858492521,0.095,,1.25,14.24462522,11.414399999999999,112,4.7,17.9,0.1,4.6,4.7,23,263,338,0.23,80,179,119,8.2,10,3.7,0.34,2.1,6.9,14.5,9.1
501,47,207,USCO03,USCO03003,Colorado,2.991241567,0.673441683,27.85733264,522.449,,0.70637,37.1992,,2269.44,0.05,loam,0.99396,,,0.814,0.1566,,40.8491,,717.449,,440.088,,76.8207,,,24.449,1.03549,37.1346,,3.10673,7.05,9.78466,0.947379876,0.947379876,0.095,,1.25,16.96051291,16.182,141,7.6,21.9,0.6,6.9,4.8,27,245,538,0.17,54,221,151,10.1,22,5,0.32,2.3,7.2,17.3,10
507,47,210,USCO03,USCO03004,Colorado,3.08024606,1.236861598,51.55541073,449.967,0.18819,0.7147,41.8949,2828.53,2618.84,0.10553,loam,0.99377,,0.58226,0.81411,0.212,10.655,36.5516,554.188,645.499,366.415,366.628,20.0962,82.4212,,32.3499,28.46125,0.87596,21.8693,14.2712,2.91761,7.69,6.54773,1.224060389,1.224060389,0.1111212,0.292918,0.48266,17.92830356,22.968,172,1.7,10.9,0.6,1.2,4,15,160,826,0.13,26,191,175,8,29,3.6,0.17,2.5,7.2,13.2,11
529,47,215,USCO03,USCO03005,Colorado,1.621123244,0.550416869,30.27550384,329.092,0.23686,0.66575,53.6186,4364.78,3910.15,0.05,loam,0.96888,,0.50332,0.88138,0.154,5.50184,19.6847,510.699,591.991,239.217,257.347,9.38004,79.5334,,7.88665,2.4455,0.87978,30.6302,15.7335,2.66779,8.06,5.08105,0.783219055,0.783219055,0.080062656,0.264846,0.55064,23.22386659,4.8372,109,2.5,21.6,0.1,2.4,5.4,27,122,1336,0.08,9,163,116,4.3,8,3.2,0.09,1.8,7.2,10,7.3
511,47,212,USCO03,USCO03006,Colorado,1.764208865,0.98304791,27.37369841,34.0827,0.26134,1.06134,43.8282,6035.59,6292.43,0.05,sand loam,0.54487,,0.355666,0.74938,0.156,3.25914,8.51044,443.985,508.02,132.861,151.161,6.71726,50.3028,,7.30364,2.3305,0.42,22.7628,9.8862,2.11358,8.29,6.19153,1.008827612,1.568493441,0.095734332,0.701186,1.5881,34.034573,3.9672,151,2.8,3.2,0.1,2.7,1.5,5,39,2753,0.04,3,136,80,1,7,2.9,0.03,2.1,7.2,14.5,11.7
499,47,206,USCO03,USCO03007,Colorado,2.08692509,1.083868613,35.59548061,27.8368,0.29206,1.08275,34.02,6350.72,8584.22,0.05,sandy clay loam,0.39377,,0.475104,0.90606,0.201,4.1654,10.1004,465.111,546.764,222.363,254.986,7.8866,30.3338,,8.80218,4.32237,0.43728,27.5856,14.9492,1.96646,8.34,8.60829,1.149188455,2.234292714,0.104016892,0.856534,1.6676,46.46673523,9.8136,151,6.8,2.4,0.9,5.9,1.3,4,27,2835,0.04,2,143,122,1.1,10,3.9,0.01,2.2,7.2,18.7,11.9
505,47,209,USCO03,USCO03008,Colorado,3.12102955,1.383410162,44.78453127,34.4737,0.2435,1.12151,39.4836,6338.09,6575.01,0.05,loam,0.61203,,0.618322,0.98752,0.19,5.98814,14.8346,449.458,518.443,213.853,235.221,12.24632,46.8262,,7.62348,2.35386,0.62735,16.9552,9.4257,2.44851,8.26,6.73114,1.633356082,2.113186619,0.120885933,0.1655408,0.29621,36.17480021,23.9772,141,0.7,1.6,0.1,0.6,1.3,3,37,2712,0.03,2,121,114,1,7,2.8,0.01,2.9,7.2,10.8,10.2
537,47,217,USCO03,USCO03009,Colorado,3.573696808,1.213298969,23.98825868,524.431,,0.25,50.3532,,1986.24,0.16693,loam,0.91147,,,0.93848,0.128,,51.9679,,724.576,,258.024,,111.367,,,3.75,0.98769,62.2888,,3.33488,6.57,9.52109,1.207974741,1.207974741,0.124,,1.25,13.9555918,30.971999999999998,133,5.2,30.8,0.6,4.6,6.8,38,213,484,0.17,53,228,96,15.3,8,3.5,0.35,2.5,7.2,14.2,9.4
523,47,214,USCO03,USCO03010,Colorado,4.073654669,1.356715867,27.37369841,583.8,,0.25,54.2984,,1874.45,0.18743,loam,0.90153,,,1.04766,0.108,,62.4077,,729.499,,271.594,,116.93,,,3.75,1.10644,62.9239,,3.4175,6.13,10.2817,1.187513588,1.187513588,0.118,,1.25,13.52234868,21.401999999999997,140,7.5,28.9,0.9,6.6,6.3,35,229,399,0.18,60,235,92,14.6,8,3.7,0.45,2.9,6.7,17.7,10.5
503,47,208,USCO03,USCO03011,Colorado,4.802300373,1.596086957,31.24277236,566.433,,0.25,57.7107,,2070.04,0.19661,loam,0.97174,,,1.00609,0.104,,49.9691,,730.826,,288.074,,125.632,,,3.75,1.17145,55.3962,,3.49665,6.11,9.90579,1.383965075,1.383965075,0.135,,1.25,14.64103461,24.742799999999995,140,4.9,22.5,0.2,4.7,5.5,28,224,440,0.19,60,206,95,14.2,10,3.6,0.35,3.2,7.2,16.2,10.7
509,47,211,USCO03,USCO03012,Colorado,4.216716369,1.985665236,37.53001759,543.318,0.118,0.65573,69.0302,,2400.65,0.18201,loam,1.24663,,,1.27519,0.097,,41.3712,,805.741,,336.242,,135.788,,,2.80216,1.11469,39.8917,,3.56283,6.85,6.33269,1.611242907,1.611242907,0.141,,0.70867,16.88345268,30.624,182,0.7,23.5,0.1,0.6,5.2,29,224,596,0.15,51,229,121,16.2,10,3,0.25,3.6,7.2,13.8,13.1
508,47,210,USCO03,USCO03013,Colorado,2.547943337,0.931387632,38.49728605,477.185,0.20352,0.90625,43.3902,2878.4,3079.86,0.1031,loam,0.98252,,0.66778,0.84773,0.264,7.2718,31.2454,605.012,716.16,458.989,464.473,21.1412,80.4615,,93.2254,115.18865,1.04863,13.3214,10.6186,2.80732,7.73,5.42958,1.146944031,1.146944031,0.11192657,0.1717188,0.28263,21.60703626,27.596399999999996,178,0.7,7.2,0.3,0.4,3.4,11,172,723,0.14,28,177,161,9.8,52,2.8,0.15,2.6,7.2,12.1,11.2
518,47,213,USCO03,USCO03014,Colorado,2.113982648,0.799411765,33.66094364,104.083,0.29602,0.85342,35.781,5578.38,4893.2,0.10078,loam,0.74645,,0.63292,0.94146,0.214,5.61338,22.0603,664.37,720.23,363.265,359.074,11.75904,67.2454,,27.6364,24.28875,0.85179,34.9594,20.0638,2.69252,7.93,7.87239,0.968107468,1.112071847,0.104256433,0.71965,1.42466,29.4106302,9.744,149,6.8,10.6,0.1,6.7,3.3,14,82,2170,0.08,10,185,176,3.3,20,5.3,0.1,2.2,7.2,17.6,10.5
534,47,216,USCO03,USCO03015,Colorado,1.883583021,0.745024015,31.24277236,529.324,0.28858,0.70056,43.5499,3396.16,3144.16,0.05,loam,1.01367,,0.677846,0.93573,0.22,6.64966,31.825,626.995,704.851,410.573,398.063,14.56152,76.0547,,8.9142,4.92347,1.11818,42.6254,21.6739,3.04531,7.67,5.98701,0.968252854,0.968252854,0.103581951,0.425598,0.76673,20.86670834,13.0848,139,4.9,30.9,0.1,4.8,6,37,190,858,0.15,23,181,145,7.8,11,3.9,0.18,2.1,7.2,15.1,9.3
502,47,207,USCO03,USCO03016,Colorado,3.475324374,0.973438395,24.47189291,533.783,0.14789,0.51317,31.6891,,1636.46,0.11215,loam,0.84135,,,0.65774,0.136,,48.3987,,748.659,,358.684,,78.7692,,,10.18575,0.97554,53.346,,2.95681,6.2,10.32929,0.908893945,0.908893945,0.098643894,,1.5924,13.1352583,20.6016,155,9.8,26.2,0.4,9.4,5.5,32,277,349,0.21,87,234,119,11.5,14,6.7,0.52,2.1,6.8,24.3,13
506,47,209,USCO03,USCO03017,Colorado,3.519289059,1.342641038,48.6536053,444.659,0.16696,0.72014,56.1543,2899.78,2655.4,0.05,sand loam,1.13946,,0.656612,0.83336,0.123,5.04466,22.3125,484.492,525.867,212.337,213.261,26.086,94.8993,,6.53074,1.98967,0.80082,26.5002,11.9464,3.10592,7.35,5.95348,1.459428187,1.459428187,0.121480604,0.1972014,0.36284,16.41120271,38.3148,181,0.3,21.5,0.1,0.2,5.7,27,173,759,0.1,13,137,75,13,9,3.2,0.08,2.5,7.2,12,11.6
512,47,212,USCO03,USCO03018,Colorado,2.227411175,0.916435453,26.89006411,444.438,0.18569,0.65217,55.5162,3645.17,3183.48,0.11437,sand loam,1.10884,,0.521424,0.88427,0.158,4.64522,19.1262,557.377,596.677,205.403,201.266,17.85874,104.874,,7.94476,2.0957,0.78874,36.0098,16.7614,3.10626,7.88,6.37618,0.944443843,0.944443843,0.095634227,0.297542,0.57932,19.13366944,11.136,129,5.1,34,0.1,5,6.3,40,175,844,0.08,14,161,83,14.9,9,3.1,0.17,2,7.2,15.2,9
530,47,215,USCO03,USCO03019,Colorado,1.942232882,1.078411215,32.21004089,429.623,0.22777,0.87795,61.7978,4595.32,4285.45,0.1066,loam,1.07657,,0.47792,0.95163,0.18,3.24426,13.9724,589.381,673.071,173.614,183.051,12.42348,107.621,,8.27908,2.61473,0.76828,34.7485,16.8863,2.89565,8.05,6.5654,0.996812839,0.996812839,0.095773516,0.34569,0.61827,24.68986648,7.969199999999999,120,5.6,29.9,0.1,5.5,6.7,37,132,1207,0.06,8,178,82,6.7,8,3,0.11,2.2,7.2,13.6,7.7
500,47,206,USCO03,USCO03020,Colorado,3.336140652,1.229781529,26.89006411,508.294,0.19718,0.5135,56.5909,,2278,0.13462,loam,0.99865,,,0.81925,0.121,,33.2203,,718.89,,264.167,,102.514,,,3.16472,0.98759,41.2175,,3.14542,6.42,8.47859,1.192861943,1.192861943,0.116,,1.49657,15.44845939,15.312,135,8.4,22.6,1.2,7.3,5.5,28,223,492,0.13,49,209,94,14.4,10,4.6,0.36,2.5,7.2,18.7,10
510,47,211,USCO03,USCO03021,Colorado,4.17689956,1.965781504,44.97798498,526.135,0.11019,0.63678,66.6109,,2365.09,0.17408,loam,1.08856,,,1.05619,0.129,,38.4052,,817.772,,305.535,,126.03,,,2.54588,1.00776,43.9979,,3.26097,6.83,7.28733,1.764719146,1.764719146,0.156,,0.63721,16.47949547,22.376399999999997,158,3.2,26.8,0.4,2.8,5.7,33,211,565,0.13,46,241,112,16.8,9,3.5,0.27,3.6,7.2,16,12.7
524,47,214,USCO03,USCO03022,Colorado,4.810451313,1.409169771,25.14898084,603.112,0.13548,0.52895,59.9362,,1857.78,0.20401,loam,0.84312,1.16088,,1.00136,0.113,,60.9254,,773.475,,277.221,,117.172,,,3.59301,1.14922,71.873,,3.19662,6.05,9.19529,1.234497489,1.234497489,0.119,,1.20706,13.5979669,18.6876,120,6.6,31,0.2,6.5,6.3,37,225,379,0.18,63,220,87,15.7,9,3.5,0.34,3,6.7,15.9,8
538,47,217,USCO03,USCO03023,Colorado,3.818586653,1.746284585,23.69807809,563.677,0.15065,0.4053,51.2972,,1627.64,0.18898,loam,0.85016,,,0.96111,0.0989,,57.721,,769.354,,251.73,,110.542,,,2.74541,1.10179,74.0773,,3.68604,6.06,7.75499,1.098316787,1.098316787,0.108,,0.88924,12.22059,10.3008,108,5.4,36.1,0.4,5,6.5,43,216,354,0.17,61,234,87,16.2,10,3.7,0.31,2.6,7.2,13.2,6.9
504,47,208,USCO03,USCO03024,Colorado,4.094100095,2.217280799,25.14898084,535.387,,0.40058,48.6222,,1644.44,0.18068,loam,0.81112,,,0.8471,0.1251,,57.1456,,612.842,,248.672,,109.261,,,2.52323,0.9402,70.6273,,3.29355,5.78,8.81578,1.269652397,1.269652397,0.121041509,,1.55457,11.87682864,16.564799999999998,128,9,31.4,0.8,8.2,6.3,38,223,362,0.16,62,233,83,18.3,10,4.2,0.42,2.9,6.6,18.1,9.7
544,48,219,USCO04,USCO04001,Colorado,3.171784872,1.718113208,18.37810139,482.139,0.15462,0.67741,41.4949,,1620,0.12981,loam,1.16563,,,1.34701,0.0901,,60.4004,,635.738,,330.503,,88.3634,,,4.94137,1.21617,42.435,,3.40873,6.59,6.95127,0.934909314,0.934909314,0.106,,0.77701,12.50577358,6.751199999999999,93,3.6,23,0.7,2.9,6.2,29,154,389,0.42,47,190,104,10.1,11,2.8,0.32,2,6.9,11.1,7.2
541,48,218,USCO04,USCO04002,Colorado,3.784371897,2.23452969,19.34536991,534.497,0.16046,0.6966,26.0385,,1875.68,0.14159,loam,0.97992,,,7.32071,0.1616,,101.132,,671.377,,299.207,,76.9845,,,5.51196,1.3725,210.208,,3.18246,6.03,18.34089,1.150032481,1.150032481,0.129,,5.73885,13.61723713,11.2056,111,8.6,96,0.6,8,15.7,112,154,456,1.83,57,195,98,8.1,11,9.6,0.94,2.4,6.8,17.6,9.1
547,48,220,USCO04,USCO04003,Colorado,2.81006108,1.731352657,22.24717534,504.268,0.24555,0.74179,39.4467,,1783.14,0.11892,loam,1.27,,,2.36899,0.1075,,65.0881,,720.731,,380.798,,81.0032,,,14.02875,1.40813,70.1767,,3.35821,6.65,7.52046,0.975461877,0.975461877,0.108,,1.72134,13.99803966,3.828,102,3.3,36.5,0.1,3.2,5.1,42,174,402,0.5,54,208,121,6.6,19,3.2,0.33,2.1,6.9,11,7.2
550,48,221,USCO04,USCO04004,Colorado,3.107416082,1.889173474,21.27990689,546.252,0.2537,0.8643,43.2257,,2053.93,0.12253,loam,1.19226,,,4.20492,0.087,,77.8802,,732.476,,354.663,,78.103,,,6.26825,1.41332,125.159,,3.37721,6.77,7.6381,0.984603095,0.984603095,0.112,,2.81266,15.13057202,6.7164,115,2.8,65.5,0.1,2.7,10.3,76,181,451,1.51,57,212,110,5.5,11,3,0.77,2.1,7.2,12.4,8.6
542,48,218,USCO04,USCO04005,Colorado,3.59188316,1.9575,19.82900414,530.512,0.20792,0.75072,30.3795,,1914.69,0.12616,loam,1.06596,,,6.71004,0.1237,,90.668,,665.479,,317.02,,71.5877,,,6.09966,1.35805,179.836,,3.1947,6.34,11.74414,1.108004089,1.108004089,0.124,,4.81844,13.94816046,8.873999999999999,116,3.4,86.9,0.1,3.3,12,99,176,465,1.67,63,203,103,6.3,10,5.8,0.77,2.4,6.8,13.6,9.2
545,48,219,USCO04,USCO04006,Colorado,2.741760428,1.640361207,19.34536991,486.635,0.26028,1.06775,46.7125,2436.26,2384.85,0.11488,loam,1.44451,,1.023898,1.69966,0.1694,8.57796,41.1195,673.052,801.566,389.617,399.05,13.03526,91.1758,,12.3785,6.58217,1.43924,36.075,19.6014,3.42144,7.64,6.41448,0.950289947,0.950289947,0.109865418,0.31004,0.66238,17.33358226,8.526,108,3.4,22.8,0.7,2.6,4.6,27,166,585,0.26,33,238,133,6,11,3.1,0.17,2.1,7.2,11.8,8.4
546,48,219,USCO04,USCO04007,Colorado,2.746632797,1.871236021,27.08351782,464.278,,1.07788,41.7883,2904.17,2883.69,0.113613,loam,1.44872,,1.16,2.22711,0.1995,9.72,39.4387,582.9405,685.819,341.685,365.41,8.98,93.1267,,13.4203,8.28788,1.3109,56.5589,27.6649,3.40136,7.84,41.3506,1.08123217,1.08123217,0.122,0.54,1.20645,19.25807787,8.9088,101,3.8,38.4,0.6,3.2,6.7,45,153,668,0.3,26,193,128,7.4,10,3.2,0.22,2.3,7.2,11.4,7.8
543,48,218,USCO04,USCO04008,Colorado,2.383827666,1.809159503,21.27990689,514.227,,1.32554,41.1053,3586.19,3779.65,0.111361,loam,1.16139,,2.3,4.25921,0.23,13.02,49.7504,598.6736,715.031,450.65,460.313,7.18,74.2309,,50.3698,11.6568,1.51551,96.9009,34.9123,3.17792,7.66,52.1697,1.089859984,1.089859984,0.13,1.24,2.92522,24.61828625,9.6744,134,3.3,60.3,0.6,2.7,10.6,71,159,755,0.63,27,179,145,4.4,10,4.3,0.45,2.6,7.2,12,8.3
548,48,220,USCO04,USCO04009,Colorado,3.058016968,2.315454545,41.10891102,126.343,,1.67775,32.0309,5297.34,5204.49,0.137295,loam,1.00817,,4.3,7.21466,0.221,12.16,47.7917,755.2736,858.817,289.929,331.717,6.96,73.4274,,25.7523,8.72398,1.13758,192.992,76.3407,3.58996,7.99,68.9036,1.467801636,1.538896449,0.154,2.66,6.23397,31.02678356,8.004,144,3.8,44.7,0.4,3.4,7.5,52,68,2229,0.43,10,229,145,1,10,3.9,0.13,2.7,7.2,12.7,8.6
551,48,221,USCO04,USCO04010,Colorado,2.554897782,1.989948849,31.43622607,318.061,,1.38956,41.7052,4097.01,4099.07,0.11796,loam,1.33589,,1.4,2.68358,0.19,8.66,31.4668,693.0976,806.131,293.991,338.739,6.8,88.0026,,17.4915,7.30799,1.23132,57.6595,25.4429,3.69424,8.06,54.6822,1.186033027,1.186033027,0.131,1.18,3.91747,25.41695144,8.526,144,5.2,39.4,1.1,4.1,7.1,47,115,1295,0.25,13,223,135,2.5,9,3.3,0.43,2.6,7.2,14.9,9.3
549,48,220,USCO04,USCO04011,Colorado,2.470421335,2.197983539,29.50168909,501.107,,1.46057,38.9833,3780.15,4005.43,0.123288,loam,1.22996,,3.14,6.04711,0.192,12.56,53.9247,681.2026,809.37,323.839,366.073,5.64,79.4571,,16.3116,9.02432,1.46311,144.45,55.7495,3.45363,7.89,54.2409,1.279532436,1.279532436,0.144,1.94,4.6223,25.19230221,9.0132,131,4.1,68.2,0.9,3.2,13.1,81,122,1167,0.58,18,216,144,2.5,13,3.7,0.57,2.7,7.2,13,9.1
552,48,221,USCO04,USCO04012,Colorado,2.666360942,2.28497006,30.46895755,488.111,,1.42428,43.2124,3172.56,3369.11,0.119079,loam,1.44083,,2.38,4.45422,0.189,11.14,47.3186,643.9896,769.715,317.313,354.179,6.68,91.3359,,15.3411,9.76667,1.40256,103.245,40.9717,3.62873,7.81,46.7754,1.287226572,1.287226572,0.147,1.7,3.74102,21.81313367,11.658,116,3.6,70.3,0.2,3.4,12.4,83,147,837,0.61,25,215,125,5.4,12,3.5,0.62,2.7,7.2,11.7,8.2
556,49,225,USCO05,USCO05001,Colorado,2.829040439,6.6346408839779585,50.87832281,351.337,,0.598484,26.8904,,1992.82,0.0716102,sand loam,0.334497,,,0.671617,0.0674,,35.097,,361.098,,271.488,,27.6643,,,143.681,0.50697,17.3011,,1.45286,6.8,8.50288,1.18,1.18,0.104,,0.598537,13.77709247,27.909599999999998,200,12.8,10.8,11.4,1.4,2.3,13,163,398,0.18,56,86,94,4.3,9,3.8,0.33,2.1,6.8,13.7,8.1
553,49,222,USCO05,USCO05002,Colorado,3.770403324,5.1119226957383495,62.00191049,390.664,,0.493622,26.3529,,2039.59,0.0930026,sandy clay loam,0.253603,,,0.764645,0.0567,,49.0412,,338.926,,259.481,,27.594,,,145.371,0.502253,32.1791,,1.75337,6.28,9.33113,1.159,1.159,0.1,,0.824929,13.86138104,16.4256,189,19.7,21,17.4,2.2,0.5,21,143,324,0.17,52,107,75,6.9,8,3.5,0.32,1.9,6.7,15.1,7.4
554,49,223,USCO05,USCO05003,Colorado,4.053711774,4.026314312,36.85292964,383.229,,0.3921,23.676,,1322.83,0.114119,sand loam,0.308286,,,0.698838,0.0592,,58.4554,,317.43,,158.844,,38.3444,,,140.158,0.459482,54.4241,,1.82328,5.92,10.0611,1.174,1.174,0.103,,0.898943,9.361156888,19.2792,188,17.6,20,15.4,2.2,0.6,21,173,398,0.15,62,99,94,4.6,8,3.6,0.38,2.1,6.8,16.8,8.4
555,49,224,USCO05,USCO05004,Colorado,3.122163063,5.550645161290251,46.52561458,313.474,,0.424311,23.3894,,1516.81,0.0926013,sand loam,0.378962,,,0.691283,0.0604,,38.9996,,302.474,,183.746,,36.462,,,136.459,0.432544,35.2875,,1.66337,6.45,8.34586,1.09,1.09,0.092,,0.783013,10.48414138,30.2412,246,16.8,27.7,11.6,5.2,1.9,30,129,541,0.11,46,204,96,4.9,10,4.8,0.27,3.3,6.7,22.9,13.6
562,50,227,USDE01,USDE01001,Delaware,6.587823655,1.44,25.53588825,702.638,0.149298,2.52472,6.82069,,866.21,0.05,loamy sand,0.05,,,4.31581,0.08,,127.339,,136.96,,61.9461,,8.62766,,,21.39634,0.144455,131.19,,3.06767,6.17,20.31418,1.40575,1.40575,0.0936,,6.2551,5.291475228,9.8136,102,1.3,22.8,0.1,1.2,2.8,26,78.1,471,0.09,24,69,51,2,15,2,1.14,1.9,7.2,10.2,8.7
563,50,227,USDE01,USDE01002,Delaware,6.864316286,1.87,27.95405945,665.74,0.183408,1.139375,7.45874,,991.435,0.05,loamy sand,0.05,,,4.95882,0.084,,132.321,,124.12,,73.2196,,9.16877,,,11.39304,0.160955,129.085,,3.12859,6.03,21.95628,1.45059,1.45059,0.09507,,8.97066,5.935130633,9.883199999999999,97,3.9,22.7,1.5,2.4,2.9,26,73.1,504,0.12,23.7,58,56,1.6,14,2,1.56,2,7.2,10.7,7.8
564,50,227,USDE01,USDE01003,Delaware,5.924144532,1.78,25.53588825,516.268,0.176175,1.139375,5.79754,,765.447,0.05,loamy sand,0.05,,,4.57455,0.089,,122.956,,103.633,,53.0697,,10.6893,,,3.92116,0.14092,128.985,,2.67498,6.06,17.70128,1.16046,1.16046,0.08127,,8.56938,4.552257534,9.2568,98,4.5,33.2,1.9,2.6,3.4,37,61.2,510,0.13,20.5,59,53,2,14,2,2.34,1.8,7.2,12.9,8.1
565,50,227,USDE01,USDE01004,Delaware,6.154222886,1.75,31.82313348,546.188,0.166296,1.139375,5.57411,,734.954,0.05,loamy sand,0.05,,,5.16857,0.0825,,115.864,,123.993,,52.5533,,12.0573,,,3.30934,0.142926,169.884,,3.16966,5.68,17.84948,1.36255,1.36255,0.0988,,10.6236,4.44503546,12.319199999999999,92,3,34.4,0.6,2.4,4.1,39,67.5,449,0.12,19.1,65,47,2,13,2,2.8,1.8,6.7,10.7,8.1
566,50,227,USDE01,USDE01005,Delaware,5.315087961,1.42,24.56861973,617.117,0.183607,1.139375,5.33256,,637.052,0.05,loamy sand,0.05,,,4.05278,0.0671,,101.583,,105.904,,43.1829,,9.40385,,,2.50762,0.153164,116.847,,2.85756,5.62,16.27328,1.14353,1.14353,0.08044,,7.20932,3.827571312,10.8924,83,2.9,19.6,1.1,1.9,2.5,22,70.3,392,0.1,17,57,42,1.8,13,2,1.74,1.6,6.7,8.9,5.8
557,50,226,USDE01,USDE01006,Delaware,5.900766835,1.7,32.3067677,656.014,0.202202,1.139375,6.47307,,892.458,0.05,loamy sand,0.05,,,2.52006,0.0673,,133.983,,93.6058,,44.0492,,5.99561,,,3.06312,0.14341,97.4192,,2.65164,5.97,18.92538,1.13601,1.13601,0.06745,,3.75697,5.082700523,9.6048,90,2.4,13.1,1.3,1,2.9,16,81.5,502,0.03,27.2,48,40,1.4,12,2,0.51,1.6,7.2,8.2,6.4
558,50,226,USDE01,USDE01007,Delaware,6.419061063,1.7,22.63408275,713.617,0.183245,1.139375,6.96057,,810.651,0.05,loamy sand,0.05,,,2.10015,0.0629,,133.466,,107.726,,41.6537,,5.11938,,,5.20176,0.134773,82.3496,,2.82627,5.75,18.28308,1.01722,1.01722,0.05852,,3.42221,4.699207806,9.2568,95,3.4,7.4,1.8,1.7,2.4,10,94.6,482,0.01,30.6,54,38,1.2,13,2,0.38,1.9,7.2,9,6
559,50,226,USDE01,USDE01008,Delaware,5.207007831,1.27,22.63408275,525.76,0.166931,1.139375,5.66889,,724.679,0.05,loamy sand,0.05,,,2.2275,0.0613,,111.432,,89.337,,39.213,,5.64783,,,3.16615,0.129254,61.8257,,3.2473,5.87,15.93368,1.18322,1.18322,0.06301,,4.04803,4.193006449,7.621199999999999,84,2.6,6.5,1.1,1.5,2.1,9,65,433,0.01,18.3,50,38,1.2,15,1,0.65,1.8,7.2,8.9,6.6
560,50,226,USDE01,USDE01009,Delaware,4.980166628,1.27,23.11771705,510.545,0.109736,1.139375,4.70936,,608.463,0.05,sand,0.05,,,2.17477,0.0712,,94.2381,,87.3395,,29.1069,,6.40043,,,2.3798,0.128962,89.0301,,2.57146,5.81,13.86028,0.98813,0.98813,0.06259,,4.09127,3.519168441,7.5516,73,2.5,12.9,1.1,1.5,2.6,16,64.8,379,0.01,15.4,52,31,1.3,16,1,1.02,1.6,6.7,7,5.2
561,50,226,USDE01,USDE01010,Delaware,4.05421873,1.1,20.21591155,480.66,0.149312,1.139375,4.43593,,535.383,0.05,loamy sand,0.05,,,1.53979,0.0538,,82.7495,,83.0098,,28.218,,5.51066,,,1.75974,0.122154,75.2167,,2.07656,5.19,11.99798,0.76023,0.76023,0.04688,,3.57155,3.132568141,8.9436,78,3.1,9.5,1.7,1.4,2.2,12,60.2,370,0.01,12.9,52,32,1.1,12,1,0.83,1.5,6.7,7.9,4.6
569,51,229,USFL01,USFL01001,Florida,3.158081562,0.6743927648578886,19.53882359,422.242,0.27644,0.24616,4.57073,,335.34,0.05,loamy sand,0.2778,,,0.53095,0.0469,,67.5131,,49.8908,,40.4181,,100.75,,,1.28071,0.11286,64.0761,,1.52783,5.97,4.70689,0.69364,0.69364,0.04617,,2.81284,2.147012004,6.5424,69,6.3,24.1,4.1,2.2,3.5,28,156,261,0.24,42,41,46,61.8,12,1.6,1.7,1.3,6.8,11.4,6
567,51,228,USFL01,USFL01002,Florida,3.331069403,0.6405790905557723,21.47336058,428.1,0.2668,0.21267,4.27377,,269.765,0.05,loamy sand,0.23853,,,0.44125,0.0388,,65.8478,,38.947,,19.9851,,89.4906,,,1.1357,0.10238,57.7848,,1.85298,5.7,4.17151,0.84601,0.84601,0.05798,,2.4589,1.620171424,7.5168,74,6.9,18.1,4.1,2.8,4.1,22,183,233,0.24,41,42,27,52.2,12,2,1.51,1.2,6.8,12.2,6.3
570,51,229,USFL01,USFL01901,Florida,3.151097673,0.6109279204639577,18.57155509,398.848,0.25139,0.19926,6.70826,,210.619,0.05,loamy sand,0.26841,,,0.40609,0.0405,,67.9446,,41.5188,,25.4708,,101.724,,,0.88601,0.12464,66.6569,,1.94219,5.5,5.11007,0.71309,0.71309,0.05168,,3.2565,1.375665508,4.1411999999999995,56,9.1,24.9,5.8,3.4,3.4,28,156,176,0.25,40,41,33,52.4,12,2.3,2.2,1.2,6.6,9.9,3.7
568,51,228,USFL01,USFL01902,Florida,4.151794057,0.9494670846395024,26.30970305,476.437,0.28845,0.24802,10.8177,,358.955,0.05,loamy sand,0.42216,,,0.55989,0.0475,,90.1813,,45.8025,,31.5824,,172.09,,,1.22782,0.16055,65.9629,,2.6609,5.52,6.35894,1.07431,1.07431,0.073,,3.50907,2.180745342,10.509599999999999,76,9,21.8,5.6,3.4,3.1,25,178,266,0.25,51,44,37,86.3,12,2.1,2.08,1.5,6.8,11.8,5.3
571,52,230,USFL02,USFL02001,Florida,4.538604041,1.8912121212121225,35.98238799,650.759,,0.29702,7.21904,,540.283,0.05,loamy sand,0.05,,,0.27493,0.0817,,99.9645,,96.4183,,90.4411,,30.5497,,,1.43861,0.05,90.0326,,2.77934,5.43,8.43363,1.43431601,1.43431601,0.09,,5.35908,3.708575785,11.936399999999999,87,11.3,15.1,5.4,5.9,4.7,20,252,288,0.09,79,49,70,8.2,9,3.1,2.37,1.8,6.8,16.3,6.9
572,52,230,USFL02,USFL02002,Florida,4.482587306,1.9101273885350332,38.40055923,600.28,,0.41189,7.47848,,563.19,0.05,sand loam,0.05,,,0.27101,0.0933,,87.414,,119.888,,94.9891,,34.0509,,,2.21467,0.05,78.3452,,2.40206,5.44,7.91458,1.324110238,1.324110238,0.082,,5.42377,3.924563592,10.579199999999998,109,12.9,15.8,5,7.8,5.2,21,261,303,0.08,82,65,73,10.2,12,3.3,2.58,2,6.7,22,10.2
573,52,230,USFL02,USFL02003,Florida,3.630756649,1.7253072625698174,33.08058251,582.212,,0.33875,6.61629,,506.62,0.05,loamy sand,0.11153,,,0.29544,0.0819,,92.7762,,86.771,,92.2051,,39.9984,,,1.62914,0.05,85.4521,,2.49075,5.48,7.7006,1.160715993,1.160715993,0.078,,5.30761,3.531052106,14.6508,98,9.9,15.2,4.8,5.1,5.1,20,267,282,0.09,82,48,72,12,10,3.1,2.55,1.8,6.8,17.7,8.3
574,52,231,USFL02,USFL02004,Florida,4.126151553,1.6929192291922965,27.27697154,601.236,,0.29599,7.61494,,410.595,0.05,loamy sand,0.10682,,,0.26418,0.0832,,90.8137,,107.194,,49.553,,42.438,,,1.34257,0.10246,92.5815,,2.72289,5.16,7.45874,0.964121106,0.964121106,0.065,,4.57945,2.746617256,8.978399999999999,96,14,19.9,6.4,7.6,4.9,25,272,231,0.1,81,61,39,13.6,13,3.1,2.3,1.7,6.7,22.7,10.4
575,52,231,USFL02,USFL02005,Florida,4.21764441,1.9721812080536965,28.72787428,605.626,,0.31715,10.1869,,607.495,0.05,loamy sand,0.1314,,,0.28908,0.0835,,78.1488,,123.088,,95.9105,,47.5446,,,1.44473,0.05,81.8903,,2.56053,5.63,6.86742,1.182020264,1.182020264,0.075,,4.27665,4.158623202,7.5516,96,11.8,18.5,5,6.7,4.7,23,257,321,0.09,71,64,71,12.6,12,2.8,1.97,1.7,6.9,17.7,8.5
576,52,231,USFL02,USFL02006,Florida,4.133554426,2.019471458773799,30.17877703,646.151,,0.31817,8.63657,,571.096,0.05,sand loam,0.10147,,,0.34157,0.0752,,90.866,,136.687,,79.5849,,37.8367,,,1.49372,0.10032,80.745,,3.40285,5.51,7.45916,1.382028965,1.382028965,0.086,,3.20738,3.875664512,9.569999999999999,99,9.5,15.8,4.5,5,5.1,21,299,323,0.11,85,75,60,10.2,10,2.9,1.62,1.9,6.7,16.4,9.1
578,53,233,USGA01,USGA01001,Georgia,3.683678221,1.0252126772310044,26.79333729,300.533,0.43941,0.51636,8.74609,,901.636,0.05,sand,0.11391,,,0.47611,0.122,,89.6288,,60.157,,69.4885,,31.6944,,,1.77732,0.05,60.7664,,2.73268,6.68,5.68897,1.05,1.05,0.08,,6.5953,5.249227238,8.5956,82,5.2,27,3.2,2,3.4,30,104,432,0.2,77,56,66,19.4,14,1.4,4.17,1.6,7.2,10.4,6.1
577,53,232,USGA01,USGA01002,Georgia,2.212463456,0.5769164265129565,18.08792085,306.617,0.52915,0.40055,6.29867,,493.816,0.05,sand,0.05,,,0.52566,0.0853,,119.254,,61.4184,,44.5762,,23.8214,,,1.34624,0.05,72.4816,,3.02975,6.57,4.09054,0.59,0.59,0.05,,3.85651,3.003884897,6.159599999999999,69,6.7,35.8,4.9,1.8,3.3,39,138,300,0.32,102,59,46,15.9,16,1.6,2.45,0.9,7.2,11.3,6.6
579,54,234,USIA01,USIA01001,Iowa,7.462988957,4.396436782,86.86071082,731.642,,0.864237,9.876,,3218.68,0.156719,silty clay loam,0.819677,,,2.08241,0.107,,107.993,,568.114,,422.194,,90.2113,,,176.194,2.25336,41.7729,,2.38952,6.26,17.9293,2.524,2.524,0.215,,2.56034,21.83444732,90.9324,237,2.5,5.6,2.4,0.1,4.6,10,209,516,0.25,90,105,161,8.2,10,3.1,0.52,4.9,6.7,17.8,17.3
580,54,234,USIA01,USIA01002,Iowa,5.030966613,3.723738569,52.03904502,744.138,,0.821055,93.5039,,3021.38,0.0837422,silty clay loam,0.4761,,,2.03627,0.0783,,108.887,,469.361,,417.329,,76.3911,,,171.549,1.69667,30.3248,,2.44177,6.49,16.0835,2.257,2.257,0.201,,1.6523,20.53399695,43.5,189,2.8,4.1,2.6,0.2,4,8,219,503,0.24,89,87,163,5,13,2.8,0.35,4,6.8,15.5,15
581,54,234,USIA01,USIA01003,Iowa,6.501563917,4.287490953,70.41714641,651.571,,0.770551,92.6704,,3026.08,0.0991886,silty clay loam,0.667786,,,2.30259,0.0764,,121.089,,387.346,,416.905,,93.4395,,,171.4,2.23291,22.8352,,2.32663,6.51,14.9483,2.162,2.162,0.191,,1.63222,20.34302091,72.0012,161,2.2,3,2,0.2,3.1,6,158,514,0.28,83,67,158,7.1,12,2.2,0.34,4.5,6.8,13.9,13.7
582,54,235,USIA01,USIA01004,Iowa,4.35575044,3.438763103,29.79186961,813.596,,0.665909,112.384,,2897.99,0.115302,silty clay loam,0.679321,,,2.18944,0.0646,,123.696,,356.19,,395.24,,108.401,,,170.492,2.41931,24.1732,,2.75409,6.29,16.9945,1.941,1.941,0.176,,1.32717,19.43819444,29.8236,130,3.3,4.1,2.3,1,3.5,8,187,511,0.21,80,59,155,7.2,12,2.5,0.28,3.7,6.8,12.5,11.1
583,54,235,USIA01,USIA01005,Iowa,4.888069727,3.275420754,34.62821209,673.592,,0.679047,87.3059,,2913.32,0.11292,silt loam,1.09559,,,2.59629,0.0749,,149.695,,254.76,,389.925,,127.478,,,172.422,2.65811,24.2404,,2.72549,6.31,15.7815,1.785,1.785,0.171,,2.05244,19.21886713,31.2156,125,3.5,7.2,1.7,1.9,3.8,11,165,545,0.27,90,36,164,7.7,15,2.7,0.39,3.7,6.8,13.6,11.7
584,54,235,USIA01,USIA01006,Iowa,4.876440619,4.026243214,40.91545732,873.764,,0.623074,10.238,,2824.87,0.14861,silty clay loam,0.494685,,,2.15596,0.0582,,131.996,,280.785,,388.051,,101.859,,,163.598,3.12782,23.9143,,2.51216,5.66,19.2436,2.052,2.052,0.189,,1.88323,18.78936771,30.798,149,2.8,2.6,1.6,1.2,3.4,6,211,442,0.26,88,37,134,6.1,12,2.6,0.34,4.1,6.7,14.3,12.6
585,54,236,USIA01,USIA01007,Iowa,5.485502779,3.889911991,44.78453127,676.457,,0.879146,92.6718,,2953.38,0.164805,silt loam,0.877409,,,2.93059,0.0859,,191.387,,328.581,,391.618,,136.321,,,167.016,3.59449,42.4876,,3.20985,6.16,16.3195,2.044,2.044,0.183,,3.17599,19.59905593,37.757999999999996,127,5.2,14.3,1.2,4.1,5.2,19,151,585,0.23,92,62,170,10,13,3.4,0.47,4.4,6.7,18.6,12.9
586,54,236,USIA01,USIA01008,Iowa,5.589988907,3.882856312,55.42448475,815.347,,0.623079,94.035,,2823.85,0.0999955,silty clay loam,0.656577,,,2.12533,0.0811,,122.097,,299.815,,419.823,,111.272,,,163.017,2.56096,22.6587,,2.5433,5.97,16.8011,1.996,1.996,0.181,,1.252,19.09530205,32.1204,132,6.1,5.6,1.7,4.3,4.1,10,171,502,0.25,79,47,169,8.7,14,3.3,0.31,4.6,6.8,18.7,13.4
587,54,236,USIA01,USIA01009,Iowa,5.836557336,3.898488678,41.88272584,702.853,,0.671168,86.07,,3280.82,0.109846,silty clay loam,0.648322,,,1.88608,0.0979,,114.713,,317.163,,388.988,,89.0186,,,165.128,2.06176,30.5546,,2.63243,6.2,26.0151,1.924,1.924,0.161,,2.32935,21.17685359,28.292399999999997,154,5.6,10.4,2,3.6,4.2,15,189,575,0.2,86,52,149,6.1,12,3.5,0.51,4.2,6.7,19.9,15.4
604,55,241,USIA02,USIA02001,Iowa,5.240451264,6.068200514,35.98238802,439.213,0.13595,0.86426,50.3544,,4574.44,0.14762,clay loam,0.24731,,,2.54919,0.18,,92.2977,,237.329,,539.65,,23.7561,,,5.33863,1.63916,41.3644,,2.77251,6.28,65.90751,2.716,2.716,0.205,,1.70261,28.00103119,26.935200000000002,197,8,18.6,1.9,6.1,4.4,23,130,1021,0.11,41,57,199,1.4,15,5,0.24,4.6,7.2,19.7,11.9
605,55,241,USIA02,USIA02002,Iowa,5.016995526,4.571097394,45.17143868,402.898,0.13009,0.81332,43.6002,,3905.09,0.1078,loam,0.53298,,,1.84642,0.178,,99.51,,225.28,,352.323,,57.1868,,,3.21385,1.54118,32.3979,,1.89956,6.88,57.45731,2.152,2.152,0.157,,1.62074,23.05308942,14.476799999999999,156,6.3,10.9,2.3,4,3.3,14,122,951,0.1,47,61,149,3.7,14,3.9,0.33,3.4,7.2,13.4,9.3
606,55,241,USIA02,USIA02003,Iowa,4.468691307,4.558598575,37.916925,360.73,,1.11987,42.7789,,4365.01,0.12886,loam,0.431,,,1.98955,0.187,,54.2323,,221.592,,289.065,,51.1298,,,2.90308,1.23503,32.5371,,2.73566,6.81,62.44791,2.372,2.372,0.189,,1.62846,24.81473186,20.6712,153,7.7,18.4,1.3,6.3,4.5,23,94,1059,0.05,20,66,117,2.1,13,4.3,0.19,3.7,7.2,16,10.1
607,55,241,USIA02,USIA02004,Iowa,5.052853381,4.355465711,44.68780445,423.611,0.13139,0.69385,45.1935,,4214.46,0.13367,loam,0.30988,,,2.11106,0.198,,119.301,,319.112,,297.075,,37.5347,,,2.48155,1.49386,76.3873,,2.31212,6.86,60.18341,2.483,2.483,0.173,,2.24565,24.37695038,25.090799999999998,193,8.6,42.1,1.8,6.7,8.5,51,122,1188,0.09,51,112,137,2.4,14,4.5,0.46,3.8,7.2,21.5,14.8
588,55,237,USIA02,USIA02005,Iowa,4.822191375,5.21370229,39.36782775,363.739,,1.08713,46.9136,,4498.14,0.13235,loam,0.40935,,,2.21426,0.165,,62.9383,,206.697,,460.1,,42.9028,,,4.91512,1.46265,27.2898,,2.52443,6.73,64.55571,2.347,2.347,0.181,,1.60719,26.87622925,12.7716,189,4.7,10.9,1.5,3.2,3.8,15,118,988,0.11,29,59,173,2.1,14,5,0.24,4,7.2,15.8,12.7
589,55,237,USIA02,USIA02006,Iowa,5.158441521,5.094751317,44.68780445,419.662,0.14082,0.80803,48.9603,,4240.81,0.12053,loam,0.34336,,,1.87788,0.188,,108.244,,193.74,,308.682,,39.8367,,,4.49953,1.47065,32.2752,,2.05002,6.72,61.31631,2.469,2.469,0.172,,1.9382,24.2927326,30.971999999999998,178,6.8,15.8,1.9,4.9,5.2,21,123,1106,0.09,49,59,139,2.9,15,6,0.43,4,7.2,16.5,11.6
590,55,237,USIA02,USIA02007,Iowa,5.050460685,4.671315789,39.85146198,454.574,,0.7052,51.0175,,3752.28,0.10724,loam,0.26788,,,1.78407,0.139,,98.9871,,189.616,,345.923,,27.6971,,,3.98422,1.48989,26.3976,,1.72529,6.51,55.30411,2.332,2.332,0.16,,1.29299,22.14760954,29.266799999999996,186,5.9,8.2,1.7,4.2,4,12,137,919,0.1,56,54,135,2.7,14,4.7,0.35,3.9,7.2,18.1,12.9
591,55,237,USIA02,USIA02008,Iowa,4.300131409,3.539520732,45.65507291,381.65,0.125,0.64415,38.2906,,3854.01,0.05,loam,0.33977,,,1.60644,0.17,,83.4896,,194.737,,276.776,,51.878,,,3.18839,1.47163,24.3401,,1.55304,6.96,54.74771,2.118,2.118,0.148,,1.32529,22.08970498,12.980399999999998,152,5.2,11.7,1.4,3.9,3.7,15,108,1099,0.09,34,66,128,3.3,14,4.3,0.25,3,7.2,13.7,9.8
600,55,240,USIA02,USIA02009,Iowa,4.803294942,6.008981391,57.26229484,409.9,0.10932,1.17452,49.5905,,4589.92,0.13174,clay loam,0.41754,,,2.40946,0.139,,72.9933,,192.804,,486.63,,42.5562,,,5.23998,1.43336,14.2874,,2.43808,6.59,64.52581,2.696,2.696,0.201,,1.04652,27.52200201,36.574799999999996,208,1.7,4.3,1.2,0.5,3.3,8,118,905,0.07,35,43,158,2.9,14,3.7,0.14,4.3,7.2,13.1,12.2
601,55,240,USIA02,USIA02010,Iowa,6.122409502,6.984765101,70.32041952,440.197,,1.22194,49.8651,,4830.52,0.16306,clay loam,0.47228,,,2.78505,0.138,,87.2855,,257.958,,523.369,,46.4226,,,5.46695,1.67378,25.3626,,2.94713,6.24,69.94271,3.454,3.454,0.234,,1.58422,29.19920903,75.7944,213,2.5,9.6,1.7,0.9,4.3,14,107,1017,0.08,32,50,175,2.8,15,5.8,0.14,5.3,7.2,13.8,12.5
602,55,240,USIA02,USIA02011,Iowa,5.168070651,4.856042065,75.156762,409.572,0.10399,0.81346,45.7565,,3931.1,0.10485,loam,0.51469,,,1.80203,0.209,,92.1632,,185.898,,362.83,,54.2105,,,3.83642,1.46873,20.0835,,1.77306,6.84,56.88951,2.548,2.548,0.172,,0.88683,23.1724251,38.349599999999995,200,3.2,3.8,2.3,0.9,3.3,7,119,986,0.1,51,50,172,3.5,14,4.4,0.18,3.8,7.2,13.5,11.8
603,55,240,USIA02,USIA02012,Iowa,4.171823142,3.04618165,62.58227161,483.37,,0.48405,38.371,,2190.75,0.05,sand loam,0.38517,,,1.04458,0.1,,102.054,,125.846,,173.061,,41.6608,,,2.73246,0.81607,27.2634,,1.503,6.59,35.11351,1.568,1.568,0.121,,0.9201,12.73048757,16.9824,173,2.8,12,2.1,0.7,4.8,17,135,944,0.11,63,68,121,6,13,4.5,0.39,2.8,7.2,11.5,10.4
592,55,238,USIA02,USIA02013,Iowa,5.284017917,5.315831414,55.32775786,335.253,,1.33348,42.1531,,4369.23,0.11959,loam,0.551164,,,1.94052,0.198,,58.1319,,221.647,,332.973,,59.1316,,,4.09979,1.35919,23.1106,,2.40624,6.97,61.11143,2.20965,2.20965,0.19513,,1.50376,25.20707592,21.4716,167,4.5,8.8,1.5,3,3.4,12,110,947,0.06,31,52,130,3.2,18,4.7,0.22,3.9,7.2,14.7,11.3
593,55,238,USIA02,USIA02014,Iowa,4.808017256,3.237959074,35.98238802,435.179,,0.535508,42.1806,,3052.48,0.05,loam,0.38002,,,1.31441,0.1247,,108.109,,202.722,,187.363,,43.091,,,2.4985,1.11948,29.8435,,1.63183,6.79,45.09693,2.28096,2.28096,0.15083,,2.05901,17.35442154,26.900399999999998,147,5.3,12.8,2,3.3,4.1,17,128,940,0.12,64,63,94,5.1,13,4.8,0.63,3,7.2,12.7,9.3
594,55,238,USIA02,USIA02015,Iowa,6.018564285,5.441867136,51.45868391,390.54,0.108593,0.711896,42.4187,,3490.35,0.125127,loam,0.517562,,,1.73761,0.0981,,93.1405,,191.636,,255.047,,47.6637,,,4.02191,1.63259,24.3016,,2.30059,6.44,50.42033,2.166,2.166,0.17306,,1.7662,20.08600295,32.990399999999994,218,3.2,8.1,1.6,1.6,5,13,127,1062,0.1,47,51,152,2.7,13,5.5,0.34,4.6,7.2,16.8,14.7
595,55,238,USIA02,USIA02016,Iowa,5.373901005,4.949856115,38.88419345,414.35,0.107269,0.797731,47.4059,,4354,0.124538,loam,0.381459,,,1.9096,0.1788,,79.4794,,239.022,,363.115,,33.8974,,,4.55012,1.4743,24.8267,,2.07549,6.72,61.18653,2.28047,2.28047,0.18666,,2.06476,25.42861858,29.8932,170,6.5,8.5,1.9,4.6,4,13,120,1055,0.06,36,58,142,2.3,14,6,0.27,4,7.2,15.4,10.8
596,55,239,USIA02,USIA02017,Iowa,6.089415789,6.766155958,77.57493327,75.4143,0.143279,1.87973,43.7254,,5565.9,0.153284,clay loam,0.41835,,,2.462,0.269,,52.4965,,339.838,,436.093,,46.4744,,,5.15514,1.20429,43.4784,,3.13717,7.04,77.74173,2.8853,2.8853,0.23374,,1.57738,32.35740156,46.666799999999995,230,2.8,20.3,1.6,1.2,5,25,93,1022,0.09,22,70,168,1.8,14,5.4,0.19,4.9,7.2,17.3,16
597,55,239,USIA02,USIA02018,Iowa,6.656492618,6.17077821,61.61500309,305.437,,0.976787,43.7919,,4111.55,0.114814,loam,0.394985,,,1.94906,0.246,,78.9924,,289.224,,438.778,,35.5065,,,4.96128,1.41064,33.0402,,1.94688,6.87,59.80263,2.4768,2.4768,0.19858,,1.64971,24.97740425,37.5492,206,3.1,11.3,1.4,1.7,3.8,15,105,969,0.07,37,64,173,2.5,15,6.5,0.26,4.2,7.2,16.3,14.2
598,55,239,USIA02,USIA02019,Iowa,6.936663005,4.983946117,59.68046611,470.283,,0.652429,44.7416,3398.84,3390.78,0.0853199,loam,0.435325,,0.889932,1.5102,0.1688,35.6428,111.123,219.175,276.208,332.371,320.764,17.87632,41.2373,,7.83561,4.31164,1.28404,45.3437,33.8397,1.70707,7.31,48.58734,2.491453572,2.491453572,0.199389639,0.722662,1.25143,20.35390528,32.1552,191,5.5,12.3,1.9,3.7,4.9,17,107,1034,0.07,39,68,156,2.6,15,6.9,0.25,3.8,7.2,18.1,13.8
599,55,239,USIA02,USIA02020,Iowa,6.119869297,6.288771331,62.09863732,364.652,0.10934,1.07149,47.2356,,4454.65,0.14555,clay loam,0.44819,,,2.29149,0.182,,79.6265,,337.993,,559.416,,33.4272,,,4.92684,1.32531,48.4918,,2.49004,6.04,66.10811,2.94,2.94,0.23,,2.62294,27.82312067,53.209199999999996,243,4.5,19.2,1.9,2.6,6,25,91,1075,0.1,28,75,211,2.1,17,7.7,0.27,4.4,7.2,20.8,18
608,55,242,USIA02,USIA02021,Iowa,4.595588154,6.267313141,46.42888773,100.94,0.12644,2.07227,42.7181,,5511.58,0.16748,clay loam,0.66163,,,2.76517,0.21,,40.8855,,239.61,,430.516,,66.1962,,,4.91203,1.32202,25.5089,,3.59734,6.83,75.96881,3.26,3.26,0.26,,1.56145,31.78127475,29.6496,190,4.8,18.9,1,3.8,4,23,66,1595,0.05,12,60,168,1.5,21,6.5,0.34,4.8,7.2,16.9,12.6
609,55,242,USIA02,USIA02022,Iowa,5.22303142,4.213249059,39.17437405,441.66,,0.73016,46.3163,,3932.35,0.10878,loam,0.39143,,,1.69634,0.171,,97.7142,,215.861,,320.127,,44.853,,,3.68699,1.36963,39.6862,,2.01235,6.61,57.19611,2.45,2.45,0.19,,1.92462,22.89899538,21.401999999999997,143,5.9,13.3,1.8,4.1,3.9,17,100,1016,0.05,36,50,122,3.2,16,4.5,0.33,3.3,7.2,14,9.9
610,55,242,USIA02,USIA02023,Iowa,4.871981663,4.159438944,44.01071652,463.836,,0.7271,50.0912,,3979.1,0.1019,loam,0.42785,,,1.73393,0.193,,100.098,,200.854,,348.344,,37.1606,,,3.93831,1.41861,35.5103,,1.74727,6.55,56.98771,2.25,2.25,0.18,,1.62995,23.33050029,20.706,155,5.8,8.7,2,3.9,3.9,13,103,1058,0.09,37,40,131,2.8,13,4.3,0.27,3.3,7.2,14,9.8
611,55,242,USIA02,USIA02024,Iowa,4.769163374,3.398440367,43.043448,412.391,0.10817,0.60085,43.2655,,3285.37,0.05,sand loam,0.41249,,,1.43108,0.163,,102.989,,174.058,,255.786,,45.0103,,,2.85833,1.20941,33.6759,,1.72226,6.74,48.50981,1.93,1.93,0.15,,1.61708,19.01713027,18.8616,146,5,17.8,1.9,3.1,4.8,23,88,1182,0.06,36,63,129,3.9,14,4.2,0.46,2.9,7.2,13,9.3
612,56,243,USIA03,USIA03001,Iowa,5.5630783,4.051045752,40.43182309,479.66,,1.02811,49.6231,,4484.8,0.167404,loam,0.26764,,,2.34765,0.484,,116.383,,426.99,,331.965,,47.1372,,,108.826,2.18811,93.283,,3.16474,5.54,21.756,3.058,3.058,0.246,,6.03715,26.75838056,38.2452,202,9.1,24,3.4,5.8,5.8,30,139,913,0.11,70,87,132,4.5,12,10.6,0.6,4.2,6.8,21.3,13
613,56,243,USIA03,USIA03002,Iowa,6.36829895,4.608546922,36.07911484,424.84,,1.40255,50.4404,,4649.43,0.179932,loam,0.75,,,2.47108,0.289,,108.117,,327.396,,337.578,,56.2613,,,109.196,2.09374,66.1397,,3.65333,5.84,19.0486,3.358,3.358,0.253,,3.90479,27.37454359,31.598399999999998,229,14.5,38.6,2.9,11.7,7.3,46,138,796,0.14,90,80,146,4.8,13,11.1,0.74,5.3,6.5,30.2,16.4
614,56,243,USIA03,USIA03003,Iowa,5.743047262,3.504655335,37.53001759,357.52,,0.954353,35.4462,,4358.6,0.134817,loam,0.75,,,2.20547,0.281,,90.5804,,337.161,,289.317,,36.9375,,,109.131,1.87287,47.1905,,2.83217,6.23,17.0415,2.432,2.432,0.189,,2.17131,25.54297358,27.909599999999998,200,53.7,25.2,9.2,44.6,6.2,31,122,931,0.11,62,88,147,6,13,8.8,0.57,4.4,6.8,62.4,13.4
615,56,243,USIA03,USIA03004,Iowa,5.042667849,4.446806084,37.53001759,651.132,,1.19505,33.0529,,3159.98,0.250448,loam,0.75,,,4.1242,0.407,,185.016,,298.873,,327.262,,21.3915,,,106.711,1.46952,19.6568,,3.61949,6.03,13.2254,2.978,2.978,0.242,,1.64588,19.75738616,28.118399999999998,207,63.3,37.1,3.8,59.5,7.2,44,86,1142,0.06,21,77,172,5,11,7.9,0.35,5.3,7.2,73.6,12.1
616,56,244,USIA03,USIA03005,Iowa,6.046005482,4.483134187,47.20270255,345.925,,1.59668,47.0935,,4894.6,0.149215,loam,0.75,,,2.58856,0.1766,,85.3457,,411.145,,352.972,,49.2144,,,113.791,1.62624,76.6396,,3.03025,6.65,17.5698,3.453,3.453,0.276,,4.55016,28.96339498,30.484799999999996,260,8.9,36.9,2.8,6.1,8.5,45,107,1016,0.1,36,100,175,2.9,15,8.8,0.55,5.5,7.2,27.9,19.2
617,56,244,USIA03,USIA03006,Iowa,5.268997557,3.637041199,36.07911484,464.816,,1.05584,45.5693,,4028.72,0.10877,loam,0.75,,,1.88488,0.159,,99.9352,,354.543,,254.407,,72.4349,,,110.704,1.47446,63.4673,,2.40184,6.68,18.2666,2.86,2.86,0.226,,3.90468,23.6540649,14.546399999999998,195,9.3,33.3,2.5,6.8,6.9,40,119,1037,0.11,51,93,140,6.4,16,10.7,0.78,4.5,7.2,22.1,12.1
618,56,244,USIA03,USIA03007,Iowa,4.800982454,4.581229429,49.13723952,33.5969,,2.13706,40.8743,7803.33,6654.65,0.221964,clay loam,0.458167,,1.536844,3.30962,0.294,20.8736,61.2439,320.854,471.012,510.517,347.38,10.01232,54.6111,,15.5628,112.671,1.90539,74.2569,9.5899,4.48123,7.26,19.4886,3.646917264,3.646917264,0.267,2.16352,3.69518,37.86568038,10.405199999999999,232,7.8,20.2,1.7,6,4.4,25,42,2350,0.07,12,92,194,2.2,14,10.1,0.25,5.2,7.2,23.2,14.5
619,56,244,USIA03,USIA03008,Iowa,5.110056891,4.996158038,55.90811898,62.6114,,2.39063,41.9342,7382.4,6191.78,0.191114,loam,0.512324,,1.319012,3.05946,0.278,21.7924,68.2011,282.755,410.328,463.911,321.701,13.5645,80.5197,,16.6984,112.026,1.64217,80.6107,10.37992,3.89618,7.22,19.386,3.5513593,3.827034501,0.293,2.09354,4.26582,35.17893437,24.081599999999998,262,11.6,43.4,1.8,9.7,6.4,50,71,1555,0.08,21,85,167,2.4,13,8.5,0.4,5.6,7.2,29.2,17.7
620,56,245,USIA03,USIA03009,Iowa,4.913611031,3.849181495,36.07911484,422.534,,1.65243,47.6995,,4867.43,0.136017,loam,0.75,,,2.38677,0.157,,82.0816,,289.892,,313.282,,55.9558,,,113.054,1.7188,60.4101,,2.8073,6.68,17.9064,2.98,2.98,0.238,,3.30593,28.18268549,21.401999999999997,217,6.9,39.1,2.4,4.5,5.8,45,113,1063,0.1,40,65,151,4,16,9.7,0.77,4.5,7.2,20.6,14.1
621,56,245,USIA03,USIA03010,Iowa,5.41383725,3.909784946,38.98092034,421.583,,1.21446,45.7347,,4418.63,0.120824,loam,0.75,,,2.03196,0.164,,91.6324,,278.479,,309.242,,40.3037,,,112.403,1.59629,72.4638,,2.33879,6.5,15.7365,3.009,3.009,0.236,,3.88232,25.8729244,31.807199999999998,201,6.5,40.5,2,4.5,5.8,46,125,1036,0.1,48,67,133,4.1,15,9.2,0.96,4.4,7.2,19.5,11.9
622,56,245,USIA03,USIA03011,Iowa,5.57371631,4.985827338,66.54807239,26.914,,2.88229,12.4922,8323.64,6473.25,0.183865,loam,0.588935,,1.145704,2.85442,0.266,9.97368,35.3473,189.15,304.506,389.466,288.328,11.46062,77.2825,,19.0491,113.475,1.50164,51.1351,6.56316,3.80891,7.57,16.5601,3.338206236,3.613881437,0.259,1.662164,3.25286,36.04313754,30.310799999999997,233,8.1,24.3,1.7,6.4,4.8,29,37,2485,0.06,9,85,154,2.1,14,9.3,0.22,5.9,7.2,23.7,14.7
623,56,245,USIA03,USIA03012,Iowa,5.05934011,5.436163901,41.39909155,191.768,,3.43337,46.1617,,5803.21,0.212451,loam,0.75,,,3.16557,0.183,,88.0081,,413.657,,357.839,,86.2704,,,116.486,1.98041,109.438,,4.27502,6.8,23.3305,3.403,3.403,0.268,,5.01911,33.56516167,40.89,258,13.2,65.5,2.6,10.5,10.3,76,88,1230,0.07,22,74,188,2.8,16,12.4,0.44,6.4,7.2,29.4,16.8
624,57,246,USID01,USID01001,Idaho,3.910154015,2.536648619,50.29796168,47.0597,0.25413,1.8328,31.4833,5596.09,5369.99,0.29266,silt loam,1.21649,,1.46,2.8666,0.505,6.84,35.2798,691.861,831.622,517.045,607.379,15.3,155.041,,70.539,73.74194,1.34828,134.935,62.9842,3.88182,7.4,20.73124,1.148051918,1.95404,0.14173,4.04,9.89155,34.36442294,22.306799999999996,148,67.7,28.7,2.7,65,5.9,35,29,2513,0.1,5,245,275,1.2,45,7.9,0.01,2.3,7.2,76.7,8.5
628,57,247,USID01,USID01002,Idaho,5.890912648,3.302904503,72.06150286,31.5847,0.29959,2.62081,24.4156,4996.66,4993.84,0.27564,silt loam,1.03332,,2.32,3.80051,0.734,9.86,42.3052,1677.24,1649.3,619.457,724.746,16.58,142.44,,252.829,271.02074,1.11024,358.198,207.98,3.78927,7.89,44.52774,1.713773076,2.58925,0.2036,7.2,17.3736,36.41607542,37.2012,340,65.2,90.6,2.8,62.4,17.8,108,29,2195,0.14,7,700,322,1.7,158,20.8,0.01,3.3,7.2,85.8,21.4
632,57,248,USID01,USID01003,Idaho,2.740820921,2.070109529,37.23983707,65.282,0.2581,1.43335,37.1487,5837.53,5306.93,0.29283,silt loam,1.29143,,1.18,2.47503,0.202,7.34,36.7434,257.873,319.234,484.716,558.003,10.24,155.674,,49.0402,47.48374,1.49733,59.5982,23.2172,3.86159,7.81,10.91444,0.918706779,1.52032,0.10246,3.02,7.2734,32.20967478,10.509599999999999,107,8.7,8.5,1.5,7.2,2.2,11,33,2543,0.01,4,73,263,0.7,37,5,0.01,1.8,7.2,12.8,5.1
636,57,249,USID01,USID01004,Idaho,2.733957191,1.929779614,36.27256855,83.9869,0.24842,1.45431,39.8258,5790.84,5231.78,0.31286,silt loam,1.42248,,1.08,2.47072,0.248,3.96,34.9649,239.401,309.85,476.71,562.982,8.36,168.903,,51.2515,51.62564,1.57964,71.3486,26.7552,4.07242,7.69,12.00974,0.872550435,1.37843,0.10551,2.28,6.66154,31.86936317,10.3008,111,29.9,12.3,2.6,27.3,3.9,16,41,2505,0.03,4,63,250,1,36,5.3,0.01,1.8,7.2,35.1,6.3
637,57,249,USID01,USID01005,Idaho,2.58577082,1.917685907,35.30530002,90.9611,0.26692,1.43909,41.1363,5691.04,5137.07,0.31092,silt loam,1.44694,,1.08,2.43405,0.25,4.08,34.4732,259.812,320.699,473.6,555.945,8.18,172.418,,53.9439,51.26434,1.56822,73.1756,26.7336,3.97091,7.65,11.19434,0.994361291,1.35107,0.10593,2.18,6.32695,31.36341859,11.0316,103,32.3,13.7,2.9,29.4,4.1,18,46,2488,0.01,4,68,261,0.9,40,5.1,0.01,1.9,7.2,36.8,6
629,57,247,USID01,USID01006,Idaho,6.269332406,3.292527794,66.25789186,30.9223,0.18702,2.83138,23.9807,5051.82,5057.08,0.27601,silt loam,1.07547,2.31247,2.12,3.65241,0.584,6.06,36.864,1549.99,1577.38,621.77,739.619,13.46,149.587,,171.556,187.74674,1.07107,344.663,186.9758,3.74257,7.94,37.87954,1.669098915,2.43351,0.18418,6.24,17.5899,36.30974595,38.8368,259,55.9,93,4.8,51,20.6,114,28,2265,0.12,6,669,350,1.6,116,17.6,0.01,3.2,7.2,73.2,20.4
633,57,248,USID01,USID01007,Idaho,2.622154359,2.013589744,34.33803157,53.1068,0.24301,1.56767,37.1334,5814.27,5319.59,0.28209,silt loam,1.30443,1.24704,1.1,2.65962,0.199,3.86,31.6666,265.181,332.459,494.843,571.714,7.5,160.786,,46.952,46.84574,1.41708,62.6316,23.4372,3.85295,7.96,12.61894,0.882719457,1.50991,0.09772,2.48,6.96577,32.41836945,10.091999999999999,122,10,9.7,1.5,8.5,2.3,12,33,2625,0.01,3,78,277,0.8,34,5.2,0.01,1.8,7.2,18.3,8.7
625,57,246,USID01,USID01008,Idaho,3.609389225,2.350128205,43.043448,54.392,0.24804,1.75478,36.0181,5558.7,5004.03,0.28147,silt loam,1.34546,,1.28,2.81875,0.349,3.02,32.2721,599.969,713.818,522.568,603.377,5.64,163.26,,74.9494,77.85304,1.37991,109.955,47.474,3.90149,7.78,19.26074,1.012225699,1.48982,0.11361,3.06,8.98661,32.21708573,19.0356,152,38.5,25.8,3,35.5,6.9,33,38,2463,0.17,4,198,284,1.3,50,8.5,0.01,2,7.2,52.8,15.1
634,57,248,USID01,USID01009,Idaho,2.323774889,2.059356984,34.8216658,,,,,,,,,,,,,,,,,,,,,,,,,,,,,,,,,,,,,10.8924,117,9.2,8,1.8,7.4,2.7,11,54,2438,0.03,5,55,268,0.9,41,5.1,0.01,1.7,7.2,15.5,6.6
626,57,246,USID01,USID01010,Idaho,3.645170682,2.383636364,45.4616192,60.1441,0.30825,1.81222,33.7083,5488.2,5023.11,0.28121,silt loam,1.28696,,1.56,2.97434,0.375,8,35.822,653.169,770.438,520.659,604.909,14.94,163.644,,76.2153,80.89984,1.30833,124.125,60.5224,3.86779,7.59,20.88014,1.222351602,1.64514,0.12263,3.86,9.01518,32.48367885,16.3908,149,42.6,27.5,3.3,39.3,6.9,34,36,2502,0.15,4,251,291,1.3,52,9.3,0.01,2.1,7.2,49,8.3
638,57,249,USID01,USID01011,Idaho,2.947748994,1.922217742,39.65800827,71.3005,0.25058,1.45855,36.7935,6029.85,5336.79,0.33834,silt loam,1.27067,,1.16,2.46928,0.308,8.02,36.7492,333.65,422.6,477.811,545.38,11.36,158.695,,46.6881,46.64944,1.50595,83.2794,37.058,3.88011,7.81,12.93494,1.058556948,1.580067873,0.108443795,2.78,7.08607,32.51519674,15.2076,116,36.6,14.9,4,32.5,3.4,18,35,2692,0.01,4,109,259,0.8,36,6,0.01,1.9,7.2,42.8,8.1
630,57,247,USID01,USID01012,Idaho,6.318557645,3.22873105,77.8651138,34.8547,0.23596,2.64747,24.8577,5014.1,4868.02,0.27664,silt loam,1.05602,,2.42,3.92059,0.59,10.4,42.5153,1595.51,1588.92,646.545,749.371,16.32,144.117,,186.842,200.74674,1.09089,364.368,220.006,3.74772,7.93,37.16014,1.779256505,2.33707,0.18802,7.4,17.9339,35.5318241,46.70159999999999,272,52.5,89.5,2.9,49.6,18.3,108,32,2223,0.11,7,638,330,1.8,114,14.9,0.04,3.5,7.2,71.7,20.4
639,57,249,USID01,USID01013,Idaho,2.924659,1.891212121,37.23983707,86.7505,0.31682,1.66385,38.7247,5780.14,5165.41,0.30778,silt loam,1.33293,,1.18,2.47507,0.282,8.7,37.6676,312.659,400.048,453.244,538.226,12,163.836,,49.8213,52.02184,1.52038,70.0117,29.2324,3.94757,7.82,12.89044,0.925227149,1.40793,0.10222,2.7,6.47922,31.5642127,21.367199999999997,118,26.6,12.8,2.2,24.4,2.9,16,39,2560,0.01,4,92,248,0.9,33,5.1,0.01,1.8,7.2,33.7,7.1
631,57,247,USID01,USID01014,Idaho,6.203904716,3.463147362,73.51240555,,,,,,,,,,,,,,,,,,,,,,,,,,,,,,,,,,,,,45.10079999999999,241,60.7,96.2,4,56.7,20.3,117,30,2186,0.09,7,577,392,1.5,95,17.4,0.01,3.8,7.2,72.2,13.1
627,57,246,USID01,USID01015,Idaho,3.81296893,2.30739931,48.3634247,60.8523,0.28353,1.94169,32.4334,5917.18,5049.16,0.27496,silt loam,1.21393,,1.62,3.04319,0.379,8.94,37.1296,658.595,775.467,575.798,626.442,13.22,151.707,,83.1495,86.07254,1.27201,132.909,61.8854,3.80715,7.83,22.19164,1.123159289,1.68431,0.13179,4.52,10.0362,32.82875537,19.801199999999998,179,34.9,30.3,3,31.9,5.4,36,34,2438,0.1,4,245,302,1,58,11.1,0.01,2.3,7.2,45.9,12.8
635,57,248,USID01,USID01016,Idaho,2.76600647,1.964092827,42.07617948,72.6022,0.2485,1.44046,38.7728,6395.37,5167.6,0.28132,silt loam,1.27358,,1.22,2.49023,0.197,8.7,36.4321,272.818,330.245,531.288,555.548,10.64,155.601,,49.9762,47.70854,1.4603,49.4004,19.7046,3.79453,7.68,10.99514,0.905495617,1.36902,0.09842,3.02,6.56529,31.52177717,13.7808,111,9.5,7.6,1.7,7.8,2.2,10,39,2474,0.01,4,75,265,0.8,37,5,0.01,1.9,7.2,15.1,6.2
640,59,250,USIN01,USIN01001,Indiana,4.747024529,3.388956438,35.98238802,606.778,0.11037,0.74374,48.4681,,3145.26,0.11458,silty clay loam,0.30061,,,3.31134,0.119,,162.635,,343.756,,747.52,,21.4875,,,3.8809,1.13415,70.4688,,4.1765,6.79,47.59421,2.488535613,2.488535613,0.203432136,,1.66174,22.85393261,6.229199999999999,169,5.4,36.1,1.5,3.9,6.6,43,139,847,0.19,53,122,328,2,15,4.3,0.41,4.3,7.2,15.3,11.3
658,59,256,USIN01,USIN01002,Indiana,4.849787879,3.547345649,30.66241125,610.981,0.13129,0.76555,47.6453,,3155.27,0.12511,silty clay loam,0.20887,,,3.34634,0.129,,130.464,,308.162,,743.053,,14.517,,,3.65959,1.23039,47.1136,,10.961,6.46,49.90481,2.85911353,2.85911353,0.245485366,,2.06719,22.77452892,7.969199999999999,207,7.2,18,1.9,5.3,5.5,23,154,777,0.22,63,86,315,1.6,13,5.4,0.57,5.1,7.2,19.8,14.5
649,59,253,USIN01,USIN01003,Indiana,4.636719226,3.037130089,25.34243455,644.944,0.1281,0.70139,50.3389,,3164.51,0.11103,silty clay loam,0.25743,,,3.35658,0.109,,194.991,,242.866,,736.513,,21.8673,,,4.3265,1.18263,40.9154,,3.73688,6.71,47.05061,2.451778494,2.451778494,0.210668723,,1.26761,22.60170273,6.438,170,2.7,18.3,1.9,0.8,5.7,24,169,776,0.24,87,65,314,2.5,12,4.8,0.33,4.1,7.2,11.8,10.5
641,59,250,USIN01,USIN01004,Indiana,4.217016244,3.409575972,54.84412364,629.236,0.10434,0.87292,46.3079,,3365.4,0.13076,silty clay loam,0.24568,,,3.45029,0.151,,116.452,,280.954,,770.366,,20.118,,,3.95615,1.25079,77.1143,,3.70098,6.79,49.76981,2.643524135,2.643524135,0.219601651,,1.78198,23.98431235,9.291599999999999,198,2.3,34.5,1.4,0.9,7.4,42,163,846,0.19,50,74,339,2.2,15,3.7,0.36,4.4,7.2,13.2,12.4
642,59,250,USIN01,USIN01005,Indiana,5.007636537,3.450656054,34.53148527,592.905,,0.86517,42.9671,,2936.1,0.13916,silt loam,0.32435,,,2.64684,0.114,,123.424,,314.506,,736.943,,31.6656,,,3.52784,1.44203,55.581,,3.25253,6.65,45.63501,2.636219684,2.636219684,0.219979592,,1.93509,21.64345597,9.8484,224,4.6,19.1,1.7,2.9,6.4,25,157,713,0.14,60,108,311,3,15,4.7,0.43,4.8,7.2,18.7,15.9
643,59,250,USIN01,USIN01006,Indiana,5.296552662,3.712687747,31.14604555,634.126,,0.84453,48.3473,,3221.01,0.12881,silty clay loam,0.28171,,,2.89713,0.131,,118.231,,295.627,,772.821,,21.8634,,,4.5466,1.14657,44.1785,,3.58639,6.64,48.24691,2.668794622,2.668794622,0.228799238,,1.76812,23.323011,13.223999999999998,221,5.8,15.3,1.9,3.9,4.1,19,166,779,0.22,58,76,329,2.6,15,5.4,0.34,4.7,7.2,19.8,15.6
659,59,256,USIN01,USIN01007,Indiana,7.365308806,3.780773751,36.94965648,737.15,,0.85204,42.7049,,2597.42,0.12976,silt loam,0.21376,,,2.44847,0.104,,149.932,,316.046,,713.81,,17.6861,,,3.10788,1.22413,66.3532,,3.18289,5.85,45.23964,2.676111892,2.676111892,0.226994466,,1.81335,19.75940496,33.6168,238,5.6,28,2.1,3.5,7.3,35,193,652,0.12,69,123,288,2.2,13,5.6,0.43,4.9,7.2,19.6,15.5
660,59,256,USIN01,USIN01008,Indiana,8.98719016,4.868140496,44.68780445,685.836,,0.95765,44.1052,,3332,0.16303,silty clay loam,0.18361,,,3.16988,0.133,,122.886,,326.789,,775.542,,13.111,,,3.58756,1.22772,69.9808,,4.52946,6.16,54.40004,3.593685557,3.593685557,0.298105431,,3.06493,23.97636929,17.156399999999998,190,7.7,19.5,2.5,5.2,5.8,25,187,720,0.17,60,80,304,1.4,15,5.9,0.52,5.6,7.2,23,17.6
650,59,253,USIN01,USIN01009,Indiana,4.722760716,3.059728682,27.27697152,620.544,,0.68453,51.7693,,2922.14,0.10401,silty clay loam,0.25431,,,2.61875,0.102,,142.463,,238.902,,727.89,,28.8687,,,4.21193,1.26083,30.178,,2.93111,6.56,44.14014,2.14300133,2.14300133,0.179753303,,1.26536,21.30733225,9.883199999999999,157,5.8,11.2,2,3.8,5.5,17,175,730,0.21,70,69,294,2.7,16,4.6,0.33,3.6,7.2,13.1,9.6
651,59,253,USIN01,USIN01010,Indiana,4.596509892,3.47835609,28.72787427,676.813,,0.7993,55.5272,,3355.7,0.11475,silty clay loam,0.25517,,,3.11131,0.12,,151.195,,225.422,,749.305,,21.7222,,,5.08309,1.15897,44.6892,,3.25313,6.58,49.61014,2.319863843,2.319863843,0.195730424,,1.29109,23.62281412,12.458399999999997,150,5.4,12.7,1.6,3.8,4.6,17,170,776,0.18,64,51,306,2.2,15,4.5,0.25,4.1,7.2,13.2,10.1
644,59,251,USIN01,USIN01011,Indiana,4.517151603,3.650903491,35.0151195,651.356,0.10078,0.79678,43.0618,,3158.44,0.12739,silty clay loam,0.2263,,,2.82649,0.136,,124.929,,267.41,,735.862,,21.3156,,,3.46508,1.24916,81.2755,,3.42621,6.71,48.39734,2.603571399,2.603571399,0.210860092,,1.9583,22.62511576,17.330399999999997,177,6.3,33.7,1.8,4.6,6.6,40,162,798,0.15,52,69,333,1.8,13,4.6,0.37,4.3,7.2,16.5,12.4
645,59,251,USIN01,USIN01012,Indiana,3.974764393,3.5490111,35.49875373,651.369,,0.84771,45.6056,,3257.28,0.12134,silty clay loam,0.26,,,3.05141,0.143,,113.522,,252.828,,748.671,,19.1005,,,4.01073,1.21836,57.6225,,3.87085,6.67,49.52274,2.737730109,2.737730109,0.232224693,,1.82379,23.19104009,15.694799999999999,163,6.2,25.6,1.5,4.7,6,32,160,812,0.15,47,69,336,1.8,15,4.9,0.35,4.3,7.2,15.8,11.5
661,59,257,USIN01,USIN01013,Indiana,4.153148557,3.468765432,29.6951428,728.212,,0.74616,45.7257,,3233.36,0.1259,silty clay loam,0.17837,,,3.22944,0.102,,116.109,,231.02,,737.849,,10.422,,,4.65505,1.31683,48.1557,,3.87103,6.22,51.05224,2.493562144,2.493562144,0.206878083,,1.498,22.92814059,31.319999999999997,193,6,19.7,1.7,4.3,5.6,25,169,718,0.21,48,61,281,1.3,13,4.4,0.39,4.8,7.2,17.4,12.5
662,59,257,USIN01,USIN01014,Indiana,5.236021498,3.579034908,41.78599895,669.784,,0.80188,44.5319,,2912.44,0.13669,silt loam,0.18579,,,2.7082,0.105,,144.497,,244.195,,710.603,,13.1026,,,3.74152,1.44153,47.5491,,3.40957,6.1,47.71314,2.699405109,2.699405109,0.205165567,,2.13113,21.12630096,38.0712,211,6.9,19.7,1.9,4.9,6.2,26,173,740,0.16,65,78,298,1.5,15,4.9,0.48,4.6,7.2,19.7,14.1
663,59,257,USIN01,USIN01015,Indiana,4.599497514,3.756013986,33.08058252,685.762,,0.89949,40.1567,,3100.11,0.12905,silty clay loam,0.21011,,,2.87555,0.15,,113.111,,329.695,,738.949,,13.0128,,,3.25697,1.19304,66.8955,,4.17378,6.31,50.05994,3.039548847,3.039548847,0.2591,,2.32147,22.51799136,49.79879999999999,228,9.7,33.4,2.3,7.4,7.8,41,158,833,0.16,48,120,331,1.3,14,5.5,0.6,5.5,7.2,22.3,14.4
652,59,254,USIN01,USIN01016,Indiana,3.531623052,3.16710686,30.66241125,664.542,0.13336,0.76209,49.9158,,3466.98,0.11301,silty clay loam,0.30925,,,3.32107,0.135,,131.758,,250.62,,755.429,,23.9727,,,4.54226,1.2128,45.4735,,3.48428,6.73,49.22264,2.314481648,2.314481648,0.183080358,,1.2879,24.29250619,14.8248,149,7.4,20.8,2,5.4,5.1,26,178,866,0.21,56,65,331,2.1,14,4.8,0.26,4,7.2,14.1,9.8
653,59,254,USIN01,USIN01017,Indiana,4.022352124,3.195299323,29.2115085,623.271,0.10002,0.75874,48.1282,,3095.25,0.11528,silty clay loam,0.22483,,,2.72597,0.0976,,136.329,,278.939,,718.317,,20.0113,,,4.66662,1.30924,45.6979,,2.9793,6.66,45.30224,2.164223561,2.164223561,0.173308375,,1.49377,22.19774308,13.398,162,5.1,19,1.7,3.4,5.3,24,165,780,0.15,62,80,300,2,15,4.1,0.32,3.8,7.2,13.4,9.8
654,59,254,USIN01,USIN01018,Indiana,3.441161653,3.043001508,31.62967977,671.164,,0.8108,48.2725,,3213.57,0.05,silty clay loam,0.3111,,,2.92683,0.115,,103.957,,212.029,,731.406,,22.7008,,,4.94662,1.05047,28.3987,,3.29784,6.72,46.83454,2.113181859,2.113181859,0.182696874,,1.09633,22.72807134,10.196399999999999,139,5.1,12.6,1.5,3.7,3.2,16,176,763,0.16,47,53,284,2.2,15,4.2,0.23,3.6,7.2,12.5,9.1
646,59,252,USIN01,USIN01019,Indiana,3.416777806,3.543784355,31.14604555,676.345,0.11133,0.96264,45.6402,,3554.21,0.1545,silty clay loam,0.29484,,,3.91659,0.157,,98.7112,,431.109,,731.707,,16.8566,,,5.00752,1.1889,86.3744,,4.12651,6.5,50.29814,2.690078036,2.690078036,0.220306111,,1.79937,24.99578817,13.363199999999999,161,7.2,41.8,1.2,6,6.4,48,168,865,0.21,37,148,311,1.2,13,3.6,0.28,4.3,7.2,16.5,11.2
647,59,252,USIN01,USIN01020,Indiana,3.394855908,2.963633952,31.14604555,584.787,,0.80045,46.1892,,2913.43,0.11042,silt loam,0.23109,,,2.31022,0.129,,83.8981,,251.924,,650.552,,21.4035,,,3.30444,1.04654,71.6349,,2.39155,6.51,42.24574,2.119459066,2.119459066,0.174394892,,1.36707,20.64874308,13.502399999999998,157,4.8,37.4,1.3,3.5,6.1,43,157,787,0.18,38,81,300,1.7,13,3.5,0.28,3.5,7.2,14,10.7
648,59,252,USIN01,USIN01021,Indiana,3.176849825,3.183809754,35.0151195,595.745,,0.90539,48.6785,,3288.48,0.11639,silty clay loam,0.32329,,,2.97207,0.151,,90.0128,,245.473,,715.329,,34.1913,,,3.59163,1.17087,71.995,,3.1241,6.55,47.04454,2.263131886,2.263131886,0.179842166,,1.79379,23.04850901,7.4124,173,6.6,38.5,1.1,5.5,5.6,44,151,867,0.15,34,63,310,2.2,14,3.4,0.31,3.8,7.2,17.6,12.3
664,59,258,USIN01,USIN01022,Indiana,4.144439351,4.451411269,37.4332907,676.564,0.13546,0.92638,47.5136,,4041.05,0.19948,silty clay loam,0.20583,,,4.38886,0.143,,110.959,,273.395,,814.908,,10.0444,,,3.95998,1.33093,88.7059,,4.35776,6.29,56.98224,3.091588965,3.091588965,0.251728139,,2.05336,27.71438064,26.030399999999997,213,5.4,42.5,0.9,4.5,7.1,50,153,900,0.2,40,61,336,0.8,14,4.7,0.33,5.5,7.2,18.9,14.5
665,59,258,USIN01,USIN01023,Indiana,4.392308533,3.257544484,33.08058252,604.803,,0.92857,47.3933,,3217.65,0.11824,silt loam,0.20363,,,2.47301,0.108,,94.2913,,210.944,,726.978,,17.5042,,,3.54547,1.1834,40.3711,,2.44053,6.23,47.91844,2.540127796,2.540127796,0.208033248,,1.56727,22.70269773,22.3416,195,5,17.7,1.3,3.6,5.2,23,153,818,0.15,44,65,313,1.6,14,4,0.3,4.2,7.2,16.3,12.9
666,59,258,USIN01,USIN01024,Indiana,4.164973553,3.34827476,34.53148527,637.743,,0.89853,48.9623,,3262.72,0.1109,silty clay loam,0.24501,,,2.70122,0.132,,97.0863,,243.864,,728.874,,18.8853,,,4.25562,1.10309,67.2911,,2.93874,6.43,49.07604,2.393780514,2.393780514,0.191484193,,1.65351,23.03134537,19.3488,191,1.2,33.4,1.1,0.1,5.6,39,161,833,0.16,42,67,311,1.6,14,4.4,0.32,4,7.2,16.8,13.2
655,59,255,USIN01,USIN01025,Indiana,3.693624715,3.805785288,31.62967977,685.587,0.12603,0.92414,50.0446,,4170.79,0.19388,silty clay loam,0.24734,,,4.99793,0.199,,120.591,,255.195,,805.612,,13.3149,,,4.94008,1.3184,84.8183,,4.33978,6.41,57.53554,2.763713802,2.763713802,0.232239388,,1.74865,28.24320848,14.476799999999999,149,5.6,35.6,0.9,4.7,6.1,42,162,852,0.23,43,51,297,1,13,2.8,0.24,4.6,7.2,14.9,9.6
656,59,255,USIN01,USIN01026,Indiana,3.580302035,2.930422671,24.85880032,610.403,0.10752,0.7644,49.5713,,3123.65,0.05,silt loam,0.24931,,,2.33665,0.107,,89.8523,,192.613,,682.462,,21.2627,,,4.37277,1.12514,44.4032,,2.46807,6.5,45.23901,1.91,1.91,0.143,,1.22131,21.81832518,9.918,139,4.6,19.6,1.2,3.3,3.7,23,162,761,0.15,40,47,274,1.6,13,2.5,0.22,3.5,7.2,11.5,8.1
657,59,255,USIN01,USIN01027,Indiana,3.02095287,2.786393443,23.40789757,632.082,,0.80861,54.2615,,3114.13,0.05,silty clay loam,0.37337,,,2.78662,0.114,,98.9551,,220.586,,697.567,,34.1068,,,4.78324,1.08257,47.042,,2.76244,6.7,44.39731,1.845,1.845,0.136,,1.16704,21.97011036,8.0388,120,3.9,22.4,1,2.9,3.5,26,169,775,0.15,43,54,279,2.6,13,2.9,0.21,3.4,7.2,9.8,6.9
667,60,259,USKS01,USKS01001,Kansas,3.723857116,2.608299951,21.18318,606.767,,2.099,58.9832,,2107.65,0.20495,silt loam,0.5243,7.66377,,1.26234,0.0625,,100.105,,259.482,,196.462,,49.3136,,,7.38917,1.60082,16.9892,,2.12002,5.24,32.22594,1.547349887,1.547349887,0.137865934,,5.30866,12.87290438,18.27,112,6,25.1,3.7,2.3,4.6,30,178,568,0.19,78,171,97,9.8,16,2.9,1.54,2.8,6.6,10.2,7
668,60,259,USKS01,USKS01002,Kansas,3.85835967,3.004086242,17.79774027,689.416,,0.65705,59.6711,,2284.11,0.17927,silt loam,0.58298,1.55711,,1.18175,0.0811,,98.9964,,264.816,,279.746,,47.1463,,,5.7189,1.31328,15.822,,2.38056,5.16,35.51394,1.570279997,1.570279997,0.145619239,,3.73255,14.45565375,21.924,139,6.8,8.9,3.5,3.3,3.4,12,202,513,0.25,86,97,98,6.2,16,3.4,1.19,3,6.8,12.8,8.1
669,60,259,USKS01,USKS01003,Kansas,3.649761546,2.628499525,23.11771705,705.824,0.10287,0.44264,52.2243,,2089.03,0.13962,silt loam,0.4156,,,1.23475,0.0553,,104.026,,224.661,,262.349,,32.6424,,,6.45307,1.36959,14.8327,,2.34681,5.05,32.73674,1.453529996,1.453529996,0.137565103,,3.53764,13.23551125,15.242399999999998,112,6.6,4.8,4.2,2.4,3.1,8,217,439,0.23,98,77,90,4.3,16,3.8,1.06,2.3,6.5,9.9,6.8
670,60,259,USKS01,USKS01004,Kansas,3.981595337,2.61230406,25.05225402,675.382,,0.42613,50.128,,2053.45,0.14746,silt loam,0.48867,,,1.1737,0.0627,,106.039,,243.559,,265.103,,40.5823,,,7.30548,1.34214,17.4521,,2.02713,5.11,32.81794,1.404391605,1.404391605,0.136378083,,4.30598,13.13272264,21.610799999999998,114,7.3,10,4.1,3.2,3.6,14,213,489,0.21,95,102,101,6.2,20,4.1,1.43,2.5,7,10.5,6.6
691,60,261,USKS01,USKS01005,Kansas,4.000991465,2.956930905,26.50315677,652.657,,0.38244,58.6332,,1972.59,0.20036,silt loam,0.46447,,,1.26361,0.0705,,109.335,,262.261,,206.161,,42.492,,,3.82966,1.62544,14.1555,,2.12093,4.99,31.42984,1.645632724,1.645632724,0.149107023,,3.16826,12.27008336,22.237199999999998,124,6.8,3,3.2,3.6,3.2,6,189,480,0.2,90,87,82,6.5,18,3.2,0.93,2.9,6.5,10.6,6.2
692,60,261,USKS01,USKS01006,Kansas,4.025261626,3.174255319,30.85586495,658.856,,0.75585,59.2977,,2332.03,0.1846,silt loam,0.5866,1.9524,,1.32144,0.0746,,109.549,,234.593,,263.094,,48.7509,,,7.18375,1.54555,13.1441,,2.41369,5.2,35.71024,1.563790563,1.563790563,0.147144154,,4.48991,14.48536052,22.6896,128,7.6,4.3,3.5,4.1,3.3,8,188,487,0.24,93,74,87,7.8,18,3.4,1.54,3.1,7,13.7,7.8
693,60,261,USKS01,USKS01007,Kansas,4.25968726,3.187322835,23.11771705,680.55,,0.53519,55.5714,,2142.31,0.16579,silt loam,0.53553,,,1.12302,0.0883,,104.825,,225.079,,259.513,,44.6632,,,6.63014,1.37041,16.3467,,2.0937,5.08,33.68444,1.610169329,1.610169329,0.153539944,,4.32122,13.48011899,22.0632,131,7.5,4.4,3,4.6,4.1,8,224,484,0.22,100,74,93,6.7,15,3.9,1.26,3,6.5,13.8,8.4
694,60,261,USKS01,USKS01008,Kansas,3.85835967,2.627881137,26.986791,597.665,,0.46742,46.6327,,2218.74,0.14858,silt loam,0.63741,,,1.0771,0.0752,,87.2526,,201.352,,245.704,,49.5121,,,7.54604,1.15372,11.9447,,2.04238,5.56,33.35824,1.437795422,1.437795422,0.142073687,,3.99819,13.69033214,23.872799999999998,126,8.5,3.6,3.1,5.3,2.5,6,188,548,0.2,81,65,93,7.3,18,3.4,1.22,2.7,6.8,14.3,8.7
679,60,260,USKS01,USKS01009,Kansas,3.882467341,2.702330827,23.11771705,652.862,,0.37413,56.2525,,1914.68,0.20009,silt loam,0.45467,,,1.20679,0.0572,,106.262,,276.416,,201.921,,44.2966,,,3.04684,1.65511,18.7393,,2.0288,5.1,30.72074,1.576167422,1.576167422,0.145381013,,4.81816,11.97808905,17.921999999999997,107,5.3,4.7,2.9,2.5,3.3,8,198,438,0.25,94,91,75,6.2,15,2.9,1.42,2.9,6.4,9.8,6.4
680,60,260,USKS01,USKS01010,Kansas,3.721462944,2.616975089,21.18318,689.493,,0.35774,54.3007,,1865.04,0.1958,silt loam,0.50284,,,1.14288,0.0551,,107.339,,250.219,,212.983,,43.4321,,,3.3286,1.47601,15.7803,,2.33306,4.97,29.86704,1.343966999,1.343966999,0.125980704,,2.94819,11.7561284,17.2608,102,6.1,4.2,2.9,3.2,3.1,7,224,427,0.24,104,88,78,6,14,3.7,0.94,2.8,6.5,8.5,5.3
681,60,260,USKS01,USKS01011,Kansas,3.566410454,2.624077253,21.18318,632.192,0.11098,0.40502,47.769,,2094.3,0.14159,silt loam,0.53424,,,1.07997,0.0587,,95.1125,,192.578,,224.197,,42.0124,,,5.90026,1.20285,13.389,,2.03231,5.3,31.64714,1.353538891,1.353538891,0.132774692,,3.36746,12.85925639,15.172799999999999,118,5.6,3.9,2.9,2.7,2.7,7,209,521,0.19,90,68,89,6,18,3.8,0.95,2.6,6.7,10.3,7
682,60,260,USKS01,USKS01012,Kansas,3.877643625,2.748723404,24.56861973,654.494,,0.50587,47.3528,,2007.46,0.14711,silt loam,0.50615,1.57729,,1.08037,0.0611,,100.576,,207.695,,220.631,,39.8176,,,6.4791,1.19812,17.7161,,2.64201,5.21,31.09734,1.387369218,1.387369218,0.140113691,,3.37504,12.43661911,16.8432,112,4.7,6.2,2.7,2.1,3.8,10,196,443,0.22,88,69,78,5.8,17,3.7,1.07,2.6,6.7,9.9,6.1
703,60,262,USKS01,USKS01013,Kansas,4.164136567,2.958188188,29.8885965,624.59,,0.41467,62.0844,,1994.02,0.24196,silt loam,0.56191,,,1.248,0.0787,,101.48,,345.601,,188.647,,55.5678,,,2.86788,1.56355,19.554,,2.29634,5.2,32.07454,1.73846011,1.73846011,0.157024783,,4.00188,12.4407901,23.420399999999997,126,7.9,3.8,3.2,4.7,3.7,8,216,539,0.21,98,130,86,8.5,16,3.8,1.25,3,6.5,12.3,7.3
704,60,262,USKS01,USKS01014,Kansas,4.254776615,3.123293413,25.05225402,684.023,0.11524,0.44345,56.8218,,2285.82,0.17602,silt loam,0.60629,,,1.31302,0.0742,,111.569,,244.284,,276.918,,48.8897,,,6.76361,1.46923,12.3536,,2.30065,5.24,35.96294,1.678959864,1.678959864,0.155485306,,4.8591,14.39253199,15.799199999999999,134,8,2.1,3.5,4.6,3.3,5,211,531,0.19,97,77,101,6.8,18,3.9,1.56,3.1,6.7,12.2,7.9
705,60,262,USKS01,USKS01015,Kansas,3.815034391,2.822325581,23.60135127,654.505,0.13192,0.43564,48.985,,2316.67,0.1406,silt loam,0.64281,,,1.22052,0.0835,,100.728,,215.87,,273.029,,47.1509,,,6.46768,1.20713,11.7902,,2.13246,5.52,35.09054,1.436490479,1.436490479,0.141237303,,3.75509,14.44022785,22.968,115,8.7,3.2,4.1,4.7,2.4,6,216,530,0.21,90,64,99,6,18,3.8,1.19,2.8,6.7,11.8,6.8
706,60,262,USKS01,USKS01016,Kansas,3.993715837,3.223947368,25.53588825,702.462,,0.39118,51.0699,,2031.85,0.14647,silt loam,0.47455,,,1.1761,0.0821,,105.833,,236.259,,278.135,,40.7289,,,6.93689,1.2961,15.0396,,1.99808,5.06,32.90094,1.5615839,1.5615839,0.151830196,,3.95548,13.11300308,22.9332,134,5.6,3.1,3,2.6,3.2,6,234,426,0.27,109,74,91,5.6,19,4.1,1.16,3,6.6,12.1,8.7
715,60,263,USKS01,USKS01017,Kansas,4.015550223,3.010379253,25.53588825,587.905,,0.44478,54.8725,,2151.35,0.21364,silt loam,0.60979,,,1.20523,0.0895,,98.5241,,327.815,,203.641,,56.3681,,,6.21183,1.49412,21.7699,,2.21925,5.47,34.44904,1.647191641,1.647191641,0.150991202,,8.98724,13.32132096,19.6968,125,7.4,7.9,3.7,3.8,3.9,12,194,580,0.2,90,124,90,8,20,4.7,2.8,3,6.7,12.2,7.5
716,60,263,USKS01,USKS01018,Kansas,4.29163459,3.065395758,31.82313348,619.211,,0.58885,57.722,,2012.48,0.25114,silt loam,0.62871,1.2678,,1.17897,0.0963,,96.2928,,435.11,,209.844,,57.8618,,,4.42049,1.37521,24.6848,,2.48772,5.42,34.27104,1.746739376,1.746739376,0.164655411,,7.21259,12.94598999,36.9576,145,6.7,7.2,4.1,2.6,4.3,11,194,526,0.19,87,154,87,9.1,16,4.6,2.28,3.2,6.7,12.3,9.1
717,60,263,USKS01,USKS01019,Kansas,3.950114412,2.827389538,37.62674441,593.468,0.1,0.53808,45.5247,,2135.74,0.16589,silt loam,0.63468,,,1.07287,0.1042,,92.7931,,284.982,,227.893,,48.5923,,,9.68735,1.14213,21.6399,,2.15662,5.6,35.33734,1.629267917,1.629267917,0.1569143,,11.5642,13.35065284,35.321999999999996,120,7.9,7.9,3.3,4.6,3.6,12,191,564,0.19,82,108,94,8,20,4.7,4.35,3.1,6.8,12.3,7.2
718,60,263,USKS01,USKS01020,Kansas,3.71428203,2.963773484,29.8885965,697.597,,0.48563,53.9092,,2283.01,0.14814,silt loam,0.51193,,,1.201,0.0791,,99.3293,,260.007,,270.732,,40.7993,,,8.84125,1.23348,16.6929,,2.07725,5.48,36.81684,1.455424085,1.455424085,0.145007835,,4.16839,14.37627814,20.323199999999996,130,5.9,5.3,3.5,2.4,3.1,8,211,533,0.18,82,79,99,5.4,19,5.2,1.58,3,6.7,11.6,8
727,60,264,USKS01,USKS01021,Kansas,4.484353848,2.95699187,35.2085732,593.008,,0.46534,56.9564,,2038.88,0.24628,silt loam,0.71337,,,1.22557,0.117,,101.878,,451.661,,191.429,,64.0604,,,4.01728,1.52296,19.4909,,2.43699,5.24,34.94724,1.862511369,1.862511369,0.170602376,,13.632,12.96521898,29.266799999999996,131,8.8,4.6,3.3,5.6,4.1,9,199,571,0.18,92,178,87,10.1,18,5,4,3,6.7,13.2,7
728,60,264,USKS01,USKS01022,Kansas,4.713995419,3.402589517,41.01218414,639.437,,0.52451,53.9154,,2354.49,0.20076,silt loam,0.64482,,,1.21661,0.0919,,102.601,,346.657,,287.138,,54.2464,,,7.53652,1.36038,19.1903,,2.30199,5.28,37.06274,1.5956095,1.5956095,0.152390053,,8.38625,15.0869035,36.2268,156,5.1,6.1,2.4,2.7,3.4,9,193,523,0.2,89,104,98,8.3,19,4.7,2.47,3.5,6.7,13.9,9.6
729,60,264,USKS01,USKS01023,Kansas,3.916263984,3.058590604,32.3067677,663.308,0.10083,0.48475,54.3029,,2215.57,0.16729,silt loam,0.61351,,,1.1276,0.0834,,99.9754,,301.978,,257.209,,49.5491,,,5.90082,1.32375,17.394,,2.1615,5.25,34.51434,1.619630104,1.619630104,0.155291026,,6.17065,14.02122226,26.2392,127,6.2,5.5,3.1,3.2,3.5,9,206,506,0.19,92,95,91,7.6,16,3.9,2.11,3.1,6.7,11.6,7.1
730,60,264,USKS01,USKS01024,Kansas,3.800612136,2.89599681,32.79040193,674.052,0.11542,0.60961,54.619,,2281.93,0.16221,silt loam,0.55297,,,1.14273,0.0795,,93.0998,,321.39,,276.172,,43.4668,,,7.27272,1.24862,13.349,,2.11526,5.31,35.91564,1.561575693,1.561575693,0.15575633,,3.85378,14.56678568,26.8656,131,7.6,7.4,4.3,3.2,3.5,11,252,639,0.2,96,177,121,4.9,20,7.6,0.85,3,6.8,9.7,7.5
743,61,266,USKS02,USKS02001,Kansas,3.244603779,2.237513269,35.0151195,483.059,0.149323,0.781535,55.5823,,3344.74,0.193168,silt loam,1.11795,,,1.36972,0.382,,41.1178,,912.042,,323.007,,126.246,,,2.55142,1.10562,77.0009,,3.56853,6.56,49.08643,1.2838,1.2838,0.11419,,1.43549,21.76508764,30.9372,113,26.2,71.5,8.4,17.8,5.9,77,176,803,0.22,29,315,114,14.8,13,4.8,0.3,2.4,7.2,32.1,10
755,61,267,USKS02,USKS02002,Kansas,3.516831484,2.651516206,19.53882361,522.44,0.129126,0.666894,46.8611,,2571.33,0.198516,silt loam,0.822313,1.00345,,1.30273,0.283,,62.7596,,900.65,,295.845,,104.616,,,6.22303,1.13492,96.7394,,3.84063,6.03,40.62963,1.35394,1.35394,0.11159,,1.8611,17.65844156,23.037599999999998,108,22.7,57.2,5.1,17.6,4.8,62,174,608,0.17,38,307,98,11.4,19,7.9,0.37,2.3,7.2,29.5,9.8
739,61,265,USKS02,USKS02003,Kansas,3.949933243,3.779664447,34.04785098,485.5,,0.770932,56.5217,,2858.16,0.201713,silt loam,1.15332,,,1.37845,0.169,,42.2049,,661.415,,304.76,,129.079,,,2.37592,1.0079,55.1227,,4.1147,6.55,42.66133,1.52915,1.52915,0.12984,,1.47947,18.53673293,24.4296,131,4.2,39,1.5,2.7,6.2,45,164,781,0.12,23,206,111,11.9,12,4.1,0.27,2.8,7.2,13.3,10.5
767,61,268,USKS02,USKS02004,Kansas,4.576963678,2.852613295,24.85880032,539.964,,0.504655,50.8175,,2484.38,0.228573,silt loam,0.864813,,,1.25633,0.292,,61.5651,,906.993,,304.571,,118.781,,,2.34098,1.21176,98.8969,,3.60967,5.74,39.56463,1.49536,1.49536,0.11908,,1.45144,17.29579474,9.465599999999998,119,25.6,55.2,2.5,23.1,6.2,61,188,571,0.15,42,317,101,11.5,12,4.6,0.3,2.5,6.8,32.8,8.4
756,61,267,USKS02,USKS02005,Kansas,3.868979578,3.258307291,27.76060582,481.253,,0.735577,47.7063,,3458.24,0.196853,silt loam,1.08437,,,1.33123,0.4,,42.3508,,905.043,,287.98,,125.333,,,2.34476,1.05091,85.0665,,3.96591,6.73,50.90773,1.39973,1.39973,0.11753,,1.72784,22.02185121,26.796,124,15.4,63.1,2.6,12.8,4.7,68,162,768,0.13,28,286,99,12.5,12,5.2,0.27,2.3,7.2,27.7,13.6
744,61,266,USKS02,USKS02006,Kansas,4.977025996,2.61793701,18.08792086,610.765,0.105134,0.391551,40.1398,,1839.72,0.227399,silt loam,0.613264,,,1.07484,0.201,,88.0473,,826.706,,279.479,,101.563,,,2.99192,1.25356,134.054,,3.27864,5.2,32.34613,1.33763,1.33763,0.11757,,1.43107,13.6603653,19.662,112,11.5,56.8,2.9,8.7,5.3,62,176,367,0.14,52,271,82,10.5,12,3.8,0.26,2.3,6.7,19.8,9.6
740,61,265,USKS02,USKS02007,Kansas,4.198614184,3.446999289,42.75326748,528.714,,0.608143,53.2225,,2591.7,0.204759,silt loam,0.971477,,,1.32861,0.153,,55.0977,,645.499,,317.977,,117.105,,,2.1782,0.966126,76.9535,,3.68441,6.36,39.81783,1.58543,1.58543,0.13017,,1.57546,17.27290485,27.944399999999998,119,3,34.8,1,2,4.3,39,157,557,0.13,33,185,104,11.9,13,3.9,0.32,2.7,7.2,13.6,11.5
768,61,268,USKS02,USKS02008,Kansas,4.167104935,2.241973094,18.57155509,555.479,0.119543,0.449261,43.135,,1739.24,0.199674,silt loam,0.646633,,,1.055,0.153,,73.0541,,766.556,,272.369,,93.7214,,,2.64836,1.27028,87.8072,,2.72256,5.43,27.69143,1.07797,1.07797,0.1145,,1.05078,12.9429882,17.2956,104,12.5,43.2,1.6,10.9,4.3,47,177,361,0.18,54,268,83,10.7,12,4.1,0.25,2.1,6.7,18.5,7.1
769,61,268,USKS02,USKS02009,Kansas,4.817280815,2.739203951,22.44062905,561.753,,0.55068,51.3793,,2219.67,0.234099,silt loam,0.732285,3.7883,,1.23551,0.243,,69.202,,902.289,,297.195,,110.091,,,4.1247,1.31038,101.14,,3.25595,5.14,36.00563,1.33249,1.33249,0.13082,,1.38407,15.90647726,19.5576,116,16.5,49.6,1.8,14.7,4.3,54,173,424,0.12,47,293,84,11.4,11,3.8,0.27,2.6,6.6,25.9,10.3
770,61,268,USKS02,USKS02010,Kansas,4.303985221,2.644289324,16.63701811,544.415,0.112674,0.593507,56.3608,,2509.61,0.221865,silt loam,0.987916,,,1.37069,0.239,,55.6908,,871.787,,335.754,,120.711,,,2.47348,1.31957,78.6095,,3.77399,5.61,38.67763,1.24504,1.24504,0.10702,,1.40066,17.592108,16.3908,106,17.1,45.8,2.4,14.7,4.7,50,187,475,0.15,46,285,97,11.2,12,4,0.25,2.3,6.8,26.6,10.8
741,61,265,USKS02,USKS02011,Kansas,4.765916129,3.267813866,25.34243455,516.947,,0.672879,56.004,,2648.51,0.230917,silt loam,1.07889,,,1.36597,0.168,,53.4685,,853.515,,336.586,,125.348,,,2.01521,1.06181,85.7271,,4.21512,6.24,41.05453,1.44016,1.44016,0.12836,,1.9984,18.24469569,21.7848,123,2.6,45.2,0.2,2.5,4.1,49,162,630,0.15,31,248,111,13.2,13,3.6,0.35,3,7.2,14.9,12.5
745,61,266,USKS02,USKS02012,Kansas,4.551033146,2.467247706,16.15338389,614.794,0.110514,0.420553,42.5871,,1808.22,0.239432,silt loam,0.659729,,,1.18792,0.241,,88.4084,,832.465,,276.355,,106.836,,,2.65208,1.3333,112.726,,3.03887,5.31,32.31723,1.09262,1.09262,0.08861,,1.33289,13.49011965,14.616,99,16.4,48.3,2.6,13.8,3.7,52,190,394,0.13,56,283,88,12.2,13,4.6,0.28,2.3,6.7,23.5,8.3
757,61,267,USKS02,USKS02013,Kansas,4.007651144,2.488865598,16.15338389,598.721,0.109304,0.446577,45.7711,,1944.84,0.220136,silt loam,0.711273,,,1.20215,0.259,,78.754,,845.789,,291.37,,103.325,,,2.23432,1.70077,105.559,,3.47835,5.37,33.34023,1.32641,1.32641,0.10457,,1.53197,14.33069178,12.4236,104,22.9,48.6,8.2,14.7,4.5,53,187,408,0.14,51,296,88,10.6,13,4,0.29,2,6.8,29,10
746,61,266,USKS02,USKS02014,Kansas,3.893369863,2.3369383,15.18611536,597.709,,0.645687,42.4373,,1809.41,0.20552,silt loam,0.631969,1.17787,,1.05569,0.226,,81.2056,,861.167,,293.936,,101.009,,,3.70424,1.2751,110.101,,3.00114,5.29,30.84553,1.18983,1.18983,0.09543,,1.27521,13.7207477,9.6744,100,12.6,40.4,2.6,10,3.4,44,147,336,0.1,45,274,80,7.4,12,3.2,0.22,1.9,6.7,21.3,10.1
758,61,267,USKS02,USKS02015,Kansas,3.787424856,2.275681818,11.31704141,559.21,,0.530213,46.4977,,1951.06,0.189757,silt loam,0.686647,,,1.2654,0.229,,69.088,,738.132,,284.913,,95.8444,,,2.70006,1.17283,89.0423,,2.91708,5.5,31.11153,1.17359,1.17359,0.11683,,1.29896,14.03396371,12.736799999999999,89,22.3,37.8,6.1,16.2,4.5,42,140,401,0.09,37,259,86,7.2,18,3.5,0.25,2,6.8,26.8,7.5
742,61,265,USKS02,USKS02016,Kansas,3.230103949,2.618200313,25.34243455,536.826,,0.53279,54.4536,,2401.21,0.169974,silt loam,0.844174,,,1.37583,0.108,,55.4422,,583.775,,317.014,,99.192,,,2.47991,1.01686,54.3284,,2.86784,6.17,35.20903,1.34502,1.34502,0.10673,,0.847966,16.1554752,12.18,105,2.9,25.1,1.7,1.2,4.5,30,131,567,0.08,23,163,105,6.1,15,3.2,0.18,2.4,7.2,13.8,12
783,62,270,USKY01,USKY01001,Kentuky,4.811659195,2.06,44.10744334,700.424,0.160475,1.139375,73.4252,,1491.87,0.05,silt loam,0.852645,,,1.26042,0.105,,95.5974,,157.536,,82.2234,,212.069,,,2.91716,0.760569,41.4247,,2.69223,6.05,28.53208,1.32974,1.32974,0.13161,,2.22163,8.561167657,9.569999999999999,116,4.3,17.1,0.6,3.6,3.7,21,114.1,568,0.18,31.3,62,47,28,11,3,0.69,2.8,7.2,10.9,7.7
784,62,270,USKY01,USKY01002,Kentuky,5.355843202,2.03,46.04198032,723.749,0.106748,1.139375,72.6122,,1384.82,0.05,silt loam,0.839025,,,1.20963,0.0929,,98.9361,,187.181,,79.1133,,217.048,,,2.21812,0.727562,54.4347,,2.68114,5.78,26.86318,1.33096,1.33096,0.13538,,1.9812,8.072974442,42.6996,111,5.7,22.2,1.3,4.5,3.7,26,124.2,545,0.17,33.9,70,44,28.4,11,3,0.61,2.7,7.2,11.8,8
785,62,270,USKY01,USKY01003,Kentuky,5.036073133,2.23,37.82019811,726.35,0.116416,1.139375,73.8036,,1384.43,0.05,silt loam,0.827443,,,1.18226,0.0903,,94.4657,,154.483,,78.2664,,208.02,,,2.59295,0.696044,34.4223,,2.76291,5.72,27.04218,1.21468,1.21468,0.12836,,1.59535,7.981755858,39.706799999999994,110,3.8,10.4,0.9,2.9,2.7,13,122.2,460,0.15,35.3,50,39,24.2,10,2,0.42,2.7,6.7,10,6.8
786,62,270,USKY01,USKY01004,Kentuky,5.045992394,2.92,37.33656389,729.089,0.161443,1.139375,72.2393,,1382.39,0.05,silt loam,0.842875,,,1.19288,0.0931,,95.1049,,135.263,,77.1035,,196.717,,,3.10968,0.673875,46.1181,,2.84629,5.77,26.23798,1.0412,1.0412,0.11445,,1.62153,7.914829418,37.166399999999996,115,3.9,15.9,1.1,2.8,3.4,19,132.8,490,0.16,38.9,48,43,22.6,10,2,0.47,2.8,6.7,9.7,7
779,62,269,USKY01,USKY01005,Kentuky,5.053434909,2.18,51.36195702,707.33,0.133863,1.139375,77.9381,,1441.58,0.05,silt loam,0.908679,,,1.21,0.0956,,91.8303,,130.122,,76.3006,,227.607,,,2.92882,0.803859,27.4014,,2.62366,5.95,27.75998,1.21577,1.21577,0.1294,,1.61569,8.190119609,15.973199999999999,125,4.3,8.6,0.8,3.5,3.1,12,115.7,492,0.14,31.7,45,39,27.5,10,3,0.45,2.6,6.9,13.8,9.5
780,62,269,USKY01,USKY01006,Kentuky,4.587160014,2.03,36.85292966,753.264,0.127926,1.139375,84.5716,,1246.61,0.05,silt loam,0.840342,,,1.18164,0.0771,,90.7801,,133.17,,72.7451,,218.625,,,2.81945,0.752632,25.2723,,2.5612,5.78,25.01428,1.12316,1.12316,0.11433,,1.55453,7.192980843,28.953599999999998,118,4.3,10.1,0.8,3.5,2.9,13,124.8,493,0.14,32,53,43,27.9,10,2,0.46,2.5,7.2,14.5,10.2
781,62,269,USKY01,USKY01007,Kentuky,4.331369748,1.99,35.40202691,732.335,0.142649,1.139375,75.7788,,1291.3,0.05,silt,0.93909,,,1.15813,0.0819,,93.4665,,163.646,,76.3232,,227.439,,,3.30932,0.717546,40.5913,,2.92597,5.95,24.73828,1.0106,1.0106,0.11152,,1.54727,7.526521265,23.3856,128,5.1,12.7,1.3,3.8,3.2,16,136.1,489,0.14,36.6,69,46,33.1,10,3,0.48,2.6,7.2,13.1,8.9
782,62,269,USKY01,USKY01008,Kentuky,5.041032179,2.23,35.40202691,749.733,0.125542,1.139375,73.7541,,1273.07,0.05,silt,0.912158,,,1.19398,0.0939,,96.2485,,168.649,,85.5127,,221.516,,,3.26259,0.72538,32.5119,,3.27198,5.67,26.58988,1.03356,1.03356,0.10932,,1.63147,7.524576479,22.793999999999997,120,4.4,7.5,1.5,2.8,2.7,10,132.2,393,0.18,39.6,57,40,29.5,11,3,0.45,2.6,6.9,11.3,8.5
787,63,271,USKY02,USKY02001,Kentuky,4.829115105,3.57,34.14457786,818.465,,1.139375,45.7516,,1572.86,0.05,silt loam,0.353285,,,4.01477,0.0786,,87.5761,,297.896,,139.267,,88.6538,,,2.43807,0.328422,40.0793,,1.94862,5.68,28.71438,1.45962,1.45962,0.17303,,3.22903,9.799296624,41.412,164,6.2,6.9,2.9,3.3,4.2,11,178.6,534,0.36,49.4,96,69,8.1,9,4,0.83,4.1,6.6,16.8,12.2
788,63,271,USKY02,USKY02002,Kentuky,4.393380121,3.38,35.11184632,782.778,,1.139375,52.8082,,1842.92,0.05,silt loam,0.407052,,,2.60624,0.0872,,80.5677,,206.791,,190.614,,92.7197,,,2.26521,0.30214,23.4587,,1.98304,6.11,30.41628,1.37573,1.37573,0.17151,,2.77387,11.34313285,17.713199999999997,162,6.3,5.3,2.5,3.9,2.8,8,161.1,596,0.18,42.4,64,88,7.3,8,3,0.71,4,7.2,16.8,13.1
789,63,271,USKY02,USKY02003,Kentuky,4.826570787,2.84,34.62821209,770.639,,1.139375,40.6147,,1388.42,0.05,silt loam,0.342327,,,3.36202,0.0775,,102.039,,247.001,,139.381,,85.6381,,,1.584,0.348172,56.4044,,2.32693,5.92,27.14968,1.33479,1.33479,0.15916,,4.55657,8.74383239,39.2892,120,6.2,8.2,2,4.2,4.4,13,142,538,0.34,37.1,86,78,9,8,3,1.24,3.2,6.7,13.4,8.6
790,63,271,USKY02,USKY02004,Kentuky,4.836749885,2.94,34.14457786,841.282,,1.139375,53.9416,,1277.68,0.05,silt loam,0.288525,,,3.26869,0.0711,,103.785,,277.989,,104.337,,84.9467,,,2.60423,0.41078,52.0958,,2.27901,5.53,26.04838,1.25816,1.25816,0.15298,,2.84021,7.981992998,40.6812,132,4.3,7.5,1.1,3.3,3.7,11,141.7,411,0.31,38.7,88,49,8.4,7,3,0.67,3.1,6.9,12.7,8.5
791,63,272,USKY02,USKY02005,Kentuky,5.015678762,3.16,37.04638336,821.133,,1.139375,53.5536,,1585.57,0.05,silt loam,0.267111,,,3.41647,0.1055,,79.8117,,214.722,,169.597,,79.8103,,,2.01234,0.339535,25.3276,,1.63822,5.86,34.17548,1.45723,1.45723,0.17073,,2.61435,9.900478249,45.3444,157,6,2.5,1.5,4.4,3.4,6,175.6,508,0.33,42.5,63,80,7.9,7,6,0.77,3.5,6.6,16.1,11.6
792,63,272,USKY02,USKY02006,Kentuky,6.087654537,3.4,46.71906825,807.225,,1.139375,41.4044,,1732.62,0.05,silt loam,0.252292,,,2.27569,0.1481,,87.0937,,280.541,,205.822,,64.9908,,,1.60012,0.35378,37.2561,,2.13536,6.2,37.35918,1.60532,1.60532,0.17853,,2.48011,11.10457691,52.06079999999999,181,5.6,4.1,2,3.6,4.6,9,172.9,624,0.13,38.2,94,106,7.1,9,6,0.6,3.9,7.2,18.8,13.8
793,63,272,USKY02,USKY02007,Kentuky,5.362501129,3.14,52.52267925,797.007,,1.139375,42.3286,,1657.86,0.05,silt loam,0.279761,,,1.94583,0.1278,,94.0631,,204.313,,208.029,,71.8117,,,1.76183,0.338546,48.0981,,1.97776,6.36,35.92208,1.49401,1.49401,0.16668,,2.38187,10.55441505,43.5696,159,7.5,4.7,2.8,4.6,4.6,9,155.6,621,0.13,32.4,68,112,7.7,7,5,0.55,3.7,7.2,17.7,12
794,63,272,USKY02,USKY02008,Kentuky,4.966962714,2.91,37.04638336,835.627,,1.139375,46.8641,,1478.98,0.05,silt loam,0.250867,,,2.53821,0.0932,,98.7819,,152.514,,163.934,,64.5546,,,2.07816,0.335242,42.2857,,2.03254,6.03,31.75848,1.34171,1.34171,0.1576,,1.66154,9.161114617,38.001599999999996,147,7.5,5.1,2.8,4.7,3.7,9,157.5,527,0.19,35.9,50,83,7.1,7,4,0.43,3.3,7.2,15.9,10.6
795,63,273,USKY02,USKY02009,Kentuky,7.243272839,4.44,50.58814227,718.629,,1.139375,28.1395,,2925.23,0.05,silt loam,0.586123,,,3.78628,0.136,,116.008,,320.982,,158.92,,129.714,,,2.4525,0.49033,119.581,,2.96237,6.36,46.93168,2.57843,2.57843,0.26641,,7.66832,16.78417758,71.166,264,3.1,55,1,2.1,10.3,65,122.7,1090,0.2,38.1,82,78,7.4,7,4,1.32,5.2,7.2,27,22.9
796,63,273,USKY02,USKY02010,Kentuky,6.35445355,3.5,44.30089705,928.281,,1.139375,49.4742,,1246.81,0.05,silt loam,0.243478,,,3.30647,0.0812,,108.136,,211.685,,105.043,,73.0536,,,2.67351,0.454391,55.6755,,1.89182,5.21,32.87558,1.75432,1.75432,0.1984,,2.45176,7.663820507,59.1252,191,5.3,7.2,3.4,1.9,5.1,12,187.9,408,0.25,47.5,78,55,8.3,7,4,0.71,4.3,6.4,15.5,12.3
797,63,273,USKY02,USKY02011,Kentuky,6.020160441,3.52,40.43182309,880.686,,1.139375,50.0097,,1353.61,0.05,silt loam,0.273197,,,2.87659,0.0708,,97.6132,,193.814,,112.422,,74.5144,,,2.63937,0.356644,31.2154,,1.80922,5.25,30.89218,1.73882,1.73882,0.19581,,3.05332,8.21334012,46.7712,169,3.4,3.6,1.7,1.7,3.7,7,186.8,396,0.29,53.3,66,50,7.2,9,4,0.8,4,6.4,15,12.5
798,63,273,USKY02,USKY02012,Kentuky,5.461913341,3.15,37.53001759,744.135,,1.139375,44.9457,,1621.08,0.05,silt loam,0.343854,,,4.36748,0.0776,,93.3157,,116.293,,166.684,,87.5446,,,2.30231,0.371901,33.7103,,2.05102,5.98,31.18088,1.58964,1.58964,0.18002,,4.46077,9.802631603,39.2544,132,2.8,4.1,0.7,2.1,3.3,7,124.5,571,0.38,31.8,29,80,8.3,8,2,1.06,3.6,6.8,12.4,9.4
799,63,274,USKY02,USKY02013,Kentuky,6.902357736,4.16,53.00631348,797.393,,1.139375,36.9477,,2007,0.05,silt loam,0.403272,,,3.75397,0.0888,,114.241,,191.926,,171.308,,90.166,,,2.67122,0.399628,69.6463,,2.0446,5.8,36.94028,2.01457,2.01457,0.21515,,5.05746,11.9663002,52.547999999999995,208,3.1,12.7,1.1,2,5.8,19,162.4,615,0.25,52.8,45,75,6.9,8,3,1.08,4.5,6.9,17.8,15.2
800,63,274,USKY02,USKY02014,Kentuky,6.613289332,3.62,43.81726282,881.94,,1.139375,45.4193,,1385.21,0.05,silt loam,0.282122,,,2.58419,0.0779,,104.687,,150.525,,129.144,,78.7498,,,2.27199,0.39831,49.5073,,2.13769,5.46,31.91718,1.75003,1.75003,0.19424,,2.39173,8.398093223,47.327999999999996,155,5.6,5.7,3.3,2.2,4.1,10,171.9,439,0.26,43.4,44,59,8.5,9,3,0.6,4,6.4,13.1,9
801,63,274,USKY02,USKY02015,Kentuky,6.451862208,3.46,45.26816557,860.192,,1.139375,52.8419,,1354.2,0.05,silt loam,0.311506,,,2.78243,0.0739,,106.024,,169.076,,103.108,,96.2131,,,2.39669,0.44029,34.7124,,1.83716,5.21,31.32548,1.74938,1.74938,0.19401,,2.64754,8.074188096,43.1172,178,4.8,3.7,2.3,2.4,3.7,7,171.3,409,0.23,51.3,50,49,9.6,8,4,0.62,3.8,6.4,14.5,10.4
802,63,274,USKY02,USKY02016,Kentuky,5.916781717,3.1,41.88272584,816.37,,1.139375,50.5089,,1277.29,0.05,silt loam,0.288319,,,1.99097,0.0706,,100.74,,124.38,,92.8254,,84.2132,,,3.16396,0.431098,40.8738,,1.8524,5.47,28.35368,1.62909,1.62909,0.18359,,2.47196,7.492677813,39.184799999999996,152,6,4,2.8,3.2,3.4,7,149.7,434,0.15,40.6,38,47,9.2,9,3,0.61,3.5,6.5,13.5,8.4
803,63,275,USKY02,USKY02017,Kentuky,4.825931267,3.26,37.53001759,857.643,,1.139375,48.755,,1378.72,0.05,silt loam,0.312655,,,2.14316,0.0827,,103.416,,149.005,,112.438,,81.7349,,,2.74893,0.397497,49.2515,,1.92857,5.53,28.85898,1.47374,1.47374,0.17069,,2.0115,8.224602257,42.4212,141,7.5,6.5,2.5,5,3.8,10,162.5,442,0.16,44.7,43,55,8,9,3,0.46,3.6,6.5,13.8,7.5
804,63,275,USKY02,USKY02018,Kentuky,4.757816948,2.94,35.11184632,833.235,,1.139375,52.9629,,1387.36,0.05,silt loam,0.317864,,,1.91457,0.0812,,101.818,,133.613,,122.15,,87.9163,,,3.13128,0.379925,54.8533,,2.13269,5.52,28.80938,1.33722,1.33722,0.15372,,3.07084,8.310931383,50.181599999999996,135,5.4,7.1,1.8,3.6,3.7,11,148.2,496,0.13,37.3,41,65,8.6,9,2,0.76,3.4,6.7,14.3,9.5
805,63,275,USKY02,USKY02019,Kentuky,5.095103628,3.18,40.43182309,760.088,,1.139375,43.441,,1622.25,0.05,silt loam,0.355605,,,3.01295,0.109,,89.2743,,133.565,,149.345,,95.4092,,,2.82162,0.371817,37.0401,,2.17522,5.59,30.17488,1.53639,1.53639,0.16478,,5.10039,9.710536509,38.9412,126,8,5.9,2,6,3.5,9,138.9,561,0.22,37,35,73,8.6,9,2,1.18,3.5,6.7,15.9,8.9
806,63,275,USKY02,USKY02020,Kentuky,4.301879618,2.83,34.62821209,714.647,,1.139375,44.4983,,1624.06,0.05,silt loam,0.42368,,,4.1203,0.0906,,89.9259,,99.8547,,152.982,,100.518,,,3.77924,0.310797,30.3606,,2.11522,5.84,28.45558,1.38647,1.38647,0.15163,,3.06859,9.667620616,38.03639999999999,124,8.3,6,2.1,6.1,3.3,9,126,614,0.48,34.8,34,85,10.1,8,3,0.89,3.4,7.2,15.6,8.8
807,63,276,USKY02,USKY02021,Kentuky,5.859041252,3.77,47.68633677,812.056,,1.139375,42.4174,,1687.69,0.05,silt loam,0.284908,,,3.4756,0.1058,,90.5214,,154.023,,271.023,,68.1101,,,2.81914,0.293766,42.0107,,2.02082,5.62,32.53138,1.89965,1.89965,0.19375,,4.15038,11.1041653,49.8684,173,7.4,5.8,1.8,5.6,4.5,10,171.7,564,0.27,45.3,46,130,6.5,7,4,1.01,4.2,7.2,20.2,13.3
808,63,276,USKY02,USKY02022,Kentuky,5.900269058,3.47,51.0717765,781.667,,1.139375,41.9919,,1510.78,0.05,silt loam,0.303309,,,3.32824,0.1043,,92.5734,,160.99,,278.251,,76.3764,,,2.11606,0.334977,48.578,,2.07676,5.8,30.96278,1.63922,1.63922,0.17849,,4.52794,10.29465505,47.0844,173,7.2,5.1,2.1,5.1,4.1,9,143.5,536,0.24,33.8,51,145,7.9,8,3,1.11,3.7,7.2,20.2,12.6
809,63,276,USKY02,USKY02023,Kentuky,5.675819288,3.39,49.13723952,785.398,,1.139375,51.9708,,1464.2,0.05,silt loam,0.305145,,,2.46505,0.0881,,86.3447,,152.669,,220.011,,82.8346,,,2.09659,0.359379,26.4477,,1.93583,5.19,29.40728,1.56198,1.56198,0.16737,,3.1046,9.55500604,24.6732,156,6.2,4,2.1,4.1,3.4,7,156.3,503,0.19,42,51,116,8.8,7,3,0.89,3.6,7.2,13.6,9.1
810,63,276,USKY02,USKY02024,Kentuky,5.635004943,3.1,42.8499943,720.942,,1.139375,43.2651,,1650.08,0.05,silt loam,0.342001,,,5.05472,0.1094,,95.9709,,100.11,,249.619,,82.813,,,2.69035,0.322375,34.0197,,2.06614,6,31.18028,1.62752,1.62752,0.17216,,5.05842,10.59894881,42.455999999999996,123,7.1,4.9,2,5.2,3.3,8,129.1,585,0.47,35.2,28,126,8.6,7,3,1.23,3.4,7.2,14.1,7.6
811,64,277,USKY03,USKY03001,Kentuky,5.680731742,2.96,44.39762386,793.91,0.104165,1.139375,49.4922,,1414.17,0.05,silt loam,0.499507,,,3.94874,0.0863,,99.0844,,276.346,,132.151,,140.849,,,2.35259,0.422478,39.9858,,3.68637,5.54,27.72078,1.44336,1.44336,0.15876,,1.68904,8.890919357,86.68679999999999,159,5.3,6.7,1.6,3.6,3.6,10,121.9,968,0.15,32,100,77,12.6,9,4,0.32,3.7,7.2,15.2,11.1
812,64,277,USKY03,USKY03002,Kentuky,5.733810196,2.91,44.88125816,812.797,,1.139375,59.2785,,1386.1,0.05,silt loam,0.407554,,,4.27639,0.0936,,102.798,,353.11,,92.9741,,140.145,,,1.95623,0.48502,57.8826,,2.75944,5.44,28.87598,1.52351,1.52351,0.16512,,2.2626,8.619203402,64.83239999999999,163,5.7,8.5,2.3,3.4,3.8,12,128.5,544,0.14,31,117,48,15.4,7,3,0.36,3.8,6.7,15.7,10.7
813,64,277,USKY03,USKY03003,Kentuky,5.630434558,3.05,49.71760064,786.29,,1.139375,56.3582,,1475.45,0.05,silt loam,0.47418,,,4.09717,0.0903,,100.942,,310.904,,142.811,,149.645,,,1.6558,0.465169,59.9764,,2.91772,5.64,28.49608,1.50182,1.50182,0.15858,,1.86762,9.371732832,59.92559999999999,162,6,16.2,3,3.1,4.5,21,128.5,566,0.13,34.7,121,84,17.1,7,3,0.37,4,7.2,16.1,10.5
814,64,277,USKY03,USKY03004,Kentuky,5.310369647,3.16,44.88125816,753.349,,1.139375,49.386,,1689.3,0.05,silt loam,0.561784,,,4.85661,0.108,,95.7766,,357.136,,366.219,,175.254,,,1.79853,0.448268,75.0538,,2.92744,5.21,30.79318,1.94535,1.94535,0.19151,,2.99238,12.42188419,57.5592,143,4.5,16.8,1.5,3,3.8,21,123.1,578,0.14,30.2,104,175,13.9,7,3,0.38,4.1,7.2,13.6,9.7
815,64,278,USKY03,USKY03005,Kentuky,7.445242659,3.53,53.973582,777.887,,1.139375,51.7979,,1489.82,0.05,silt loam,0.473422,,,3.93063,0.0882,,88.4912,,149.13,,288.319,,147.234,,,2.59364,0.43179,27.5974,,3.15118,5.73,28.10778,1.69017,1.69017,0.17639,,1.81367,10.24542151,74.472,174,5.3,4.8,1.7,3.7,3.7,8,135.1,522,0.09,36.9,60,150,14.3,9,3,0.31,4.6,6.6,17.5,13
816,64,278,USKY03,USKY03006,Kentuky,5.477653767,3.16,42.8499943,754.813,,1.139375,44.6414,,1820.16,0.05,silt loam,0.496873,,,4.84357,0.1106,,90.2588,,275.93,,212.762,,144.776,,,2.88681,0.380619,36.574,,2.73592,6.13,32.75248,1.98811,1.98811,0.19881,,2.38231,11.59388158,40.5072,142,4.8,6.2,1.4,3.3,3.5,10,137.4,708,0.1,32.4,72,105,12.5,8,3,0.26,4,7.2,15.1,10.7
817,64,278,USKY03,USKY03007,Kentuky,7.605478632,3.37,44.30089705,794.572,,1.139375,45.6377,,1597.48,0.05,silt loam,0.449408,,,5.89261,0.09,,99.5652,,244.657,,206.033,,135.359,,,2.46498,0.39831,45.0273,,2.94088,5.7,33.03828,1.88372,1.88372,0.17895,,1.96656,10.34238661,60.029999999999994,182,4.2,6.9,1.4,2.7,3.9,11,137,578,0.08,33,79,104,13.3,8,3,0.25,4.7,7.2,17,11.9
818,64,278,USKY03,USKY03008,Kentuky,7.471368886,3.42,51.0717765,749.398,,1.139375,48.3401,,1605.8,0.05,silt loam,0.434661,,,3.65575,0.0898,,88.5133,,291.619,,317.08,,143.232,,,2.37746,0.407339,41.0523,,2.84335,6.19,28.68378,1.69144,1.69144,0.17177,,2.3036,11.42941179,48.6504,154,6.4,9.9,3.1,3.3,3.5,13,129.9,595,0.09,31.8,98,165,12.5,8,4,0.34,4.1,7.2,15,10.5
819,64,279,USKY03,USKY03009,Kentuky,4.363479354,2.54,25.43916143,835.081,,1.139375,60.7165,,1348.31,0.05,silt loam,0.696182,,,4.95029,0.1082,,99.2413,,205.602,,132.305,,168.328,,,2.83973,0.339399,45.4215,,2.58888,5.62,22.27668,0.94048,0.94048,0.10086,,2.41501,8.383625333,14.3028,162,4.2,11.7,1.7,2.5,3,15,172,466,0.09,44.1,85,72,13.4,9,2,0.24,3.1,7.2,13.7,11.3
820,64,279,USKY03,USKY03010,Kentuky,4.283944127,2.5,29.79186961,834.614,0.102094,1.139375,63.1847,,1256.49,0.05,silt loam,0.689792,,,3.4453,0.0475,,97.9678,,252.127,,145.057,,180.378,,,2.32434,0.355876,48.96,,2.05327,5.61,21.35908,1.01875,1.01875,0.10867,,1.51178,8.147846101,9.3264,122,4.6,12.4,2.4,2.2,3.1,16,171.9,444,0.11,45.3,94,72,14.9,8,2,0.23,3,7.2,12.2,9.1
821,64,279,USKY03,USKY03011,Kentuky,4.740244101,2.43,25.92279566,825.204,,1.139375,63.367,,1159.42,0.05,silt loam,0.575537,,,3.10433,0.0586,,95.2471,,177.552,,136.315,,180.518,,,2.25814,0.426133,45.473,,1.83029,5.61,22.47428,1.13638,1.13638,0.11276,,1.53232,7.398140327,6.786,130,5.2,10.5,2.5,2.7,3.5,14,166.2,472,0.1,41.6,65,80,19.7,9,2,0.29,3.2,7.2,13.2,9.2
822,64,279,USKY03,USKY03012,Kentuky,4.152847286,2.58,23.98825868,829.927,,1.139375,58.474,,1732.48,0.05,silt loam,0.655463,,,2.98256,0.0666,,95.0675,,201.848,,133.52,,180.71,,,3.52936,0.345578,47.0531,,2.30884,6.02,27.72788,1.21503,1.21503,0.13987,,1.71917,10.30797164,12.736799999999999,126,5.1,16.2,2.5,2.6,2.9,19,168.3,634,0.09,36.4,76,70,13.3,8,2,0.29,3.2,7.2,13,9.3
823,64,280,USKY03,USKY03013,Kentuky,5.072227671,2.58,27.85733264,860.55,,1.139375,61.2137,,1183.76,0.05,silt loam,0.616521,,,2.87797,0.0563,,99.9813,,154.832,,192.233,,169.024,,,2.96378,0.381912,39.9867,,2.22887,5.54,23.53758,1.15861,1.15861,0.12036,,1.30788,7.930635679,14.616,144,6.2,8.6,2.3,3.8,3.5,12,184.7,475,0.14,48.3,79,105,18.9,8,3,0.3,3.3,7.2,14.2,9.7
824,64,280,USKY03,USKY03014,Kentuky,4.905586539,2.73,27.37369841,811.349,0.104028,1.139375,57.4368,,1348.79,0.05,silt loam,0.656826,,,3.96757,0.064,,97.4999,,200.059,,166.226,,167.577,,,2.5917,0.354476,34.4324,,2.09945,5.75,24.92128,1.12031,1.12031,0.12941,,1.39567,8.653408501,22.202399999999997,137,6.3,7.8,2.9,3.4,3,11,180.4,446,0.12,49.7,95,85,17,8,3,0.27,3.3,7.2,14.7,10.4
825,64,280,USKY03,USKY03015,Kentuky,5.461913341,2.53,29.79186961,858.755,,1.139375,62.7461,,1142.85,0.05,silt loam,0.509802,,,2.74937,0.0606,,101.258,,179.611,,147.934,,171.725,,,2.25378,0.455156,49.086,,1.88989,5.42,24.48308,1.25084,1.25084,0.12724,,1.41162,7.417377204,32.6772,121,3.8,7.7,1.7,2.1,3.9,12,163,418,0.1,40.2,50,76,17.6,8,2,0.25,3.2,6.9,12.1,8.2
826,64,280,USKY03,USKY03016,Kentuky,4.735176912,2.93,29.79186961,815.272,,1.139375,57.5808,,1654.54,0.05,silt loam,0.695554,,,3.02504,0.0764,,93.0676,,225.728,,187.174,,177.999,,,2.68926,0.347884,39.1419,,2.26783,6.08,27.37398,1.2074,1.2074,0.11886,,2.18245,10.42296634,18.8616,151,5.1,10.7,2.2,2.9,4.6,15,172.4,580,0.08,43.5,81,109,15.9,7,3,0.46,3.4,7.2,14,10.3
831,66,282,USMI01,USMI01001,Michigan,5.232317802,1.513421053,30.95259184,1229.15,0.24152,0.32423,7.26862,,414.584,0.05,sand,0.05,,,0.528,0.0726,,98.2129,,139.138,,58.0962,,4.55521,,,2.50953,0.05,129.704,,1.59089,6.09,16.99797,1.347715718,1.347715718,0.11,,1.17617,2.924730915,7.829999999999999,92,8,17.3,3.4,4.6,3.3,21,202,284,0.14,41,72,49,4.1,12,3.3,0.46,3,7.2,14.4,7.8
832,66,282,USMI01,USMI01002,Michigan,5.031663361,1.346286765,37.23983707,1058.6,0.19282,0.25351,7.88587,,375.756,0.05,loamy sand,0.05,,,0.44128,0.0718,,86.0525,,167.55,,60.4221,,4.44341,,,2.17809,0.10216,141.486,,1.68947,6.13,16.41887,1.184553204,1.184553204,0.109,,1.63203,2.821383582,8.004,104,5.4,22.3,2.5,3,3.8,26,204,242,0.15,31,90,48,3.2,11,3.3,0.68,2.4,7.2,12.9,8.5
833,66,282,USMI01,USMI01003,Michigan,3.313274678,1.013339254,19.34536991,825.215,0.18584,0.17405,9.03324,,279.398,0.05,sand,0.15095,,,0.36887,0.0495,,87.0906,,125.326,,45.3164,,5.3463,,,2.02931,0.10107,131.605,,1.5563,6.11,10.48137,0.70304897,0.70304897,0.065,,1.08427,2.104799248,7.621199999999999,90,5.2,28.4,2.8,2.4,4.9,33,190,213,0.17,29,81,43,2.6,11,2.2,0.54,1.7,7.2,11.1,7.5
834,66,282,USMI01,USMI01004,Michigan,4.23055186,1.21806338,27.56715211,804.751,0.17124,0.26209,10.7402,,470.979,0.05,loamy sand,0.17472,,,0.53411,0.0755,,99.0772,,184.148,,76.975,,7.57479,,,2.31172,0.1087,145.494,,2.22173,6.4,13.08117,0.984415918,0.984415918,0.086,,1.90579,3.478579047,9.7788,104,8,33.4,3,5,5.7,39,181,283,0.17,32,116,60,2.9,11,2.6,0.81,2.1,7.2,16,9.5
827,66,281,USMI01,USMI01005,Michigan,6.539941709,1.678223535,31.9198603,1130.83,0.24093,0.51775,8.08009,,952.774,0.05,loamy sand,0.05,,,1.00489,0.0983,,106.125,,228.739,,110.855,,5.94839,,,3.35757,0.05,231.416,,2.15001,6.91,22.01847,1.59170524,1.59170524,0.141,,4.0209,6.288770177,10.7532,140,6.9,59.4,2.6,4.3,9.3,69,180,595,0.16,44,122,91,2.9,13,3.7,1.46,3.2,7.2,18.7,12.4
828,66,281,USMI01,USMI01006,Michigan,6.061323255,1.719521323,38.69073975,1117.65,,0.53018,6.94334,949.654,888.562,0.05,sand,0.05,,0.46,0.85408,0.122,32.46,122.642,206.48,237.823,119.984,107.999,2.24,7.99004,,8.5764,3.75,0.05,198.354,39.2662,1.83514,7.21,14.4412,1.403163542,1.403163542,0.119,2.02,3.64632,5.96890864,11.518799999999999,163,6.5,52.5,2.5,4,7.6,60,180,583,0.2,63,118,92,4.1,12,4.2,1.39,2.8,7.2,21.5,15.7
829,66,281,USMI01,USMI01007,Michigan,4.771915276,1.23031746,28.53442057,791.362,0.18925,0.43423,9.67074,,638.584,0.05,loamy sand,0.16115,,,0.6314,0.0754,,110.568,,181.321,,87.9693,,8.01167,,,2.68196,0.1037,174.04,,1.86822,6.76,14.62727,1.130265652,1.130265652,0.099,,2.41819,4.40258401,8.7348,108,5.7,57,2.6,3.1,6.4,63,175,400,0.16,45,105,72,3.5,12,2.7,1.06,3.2,7.2,13.2,8.3
830,66,281,USMI01,USMI01008,Michigan,6.385785621,1.733861151,40.6252768,743.834,0.19236,0.51675,11.1264,,926.24,0.05,loamy sand,0.19011,,,0.90707,0.1142,,144.666,,243.755,,115.422,,11.4607,,,3.45933,0.10419,194.95,,1.9156,6.95,19.25517,1.279735465,1.279735465,0.119,,3.35924,6.233103498,13.745999999999999,136,7.5,77.7,3.1,4.4,8.9,87,156,557,0.22,61,140,92,5,11,3.9,1.37,3.2,7.2,19.1,12.2
839,66,284,USMI01,USMI01009,Michigan,5.664834398,1.45,36.27256855,1115.89,,0.3061,8.30304,,475.623,0.05,loamy sand,0.05,,,0.62095,0.0615,,90.6946,,149.396,,68.9268,,4.20181,,,3.04789,0.10772,177.679,,2.21006,5.51,11.35538,1.330833516,1.330833516,0.111985179,,2.1119,3.348826453,15.694799999999999,121,6.5,33.5,2.6,3.9,4.9,38,205,360,0.16,33,112,66,2.4,12,2.9,0.94,3.3,7.2,15.7,10.1
840,66,284,USMI01,USMI01010,Michigan,4.588247267,1.23527117,29.50168909,987.358,,0.18075,7.29453,,302.546,0.05,sand,0.05,,,0.43937,0.0777,,85.7035,,94.9732,,51.5592,,4.06293,,,2.46892,0.05,146.426,,1.68532,5.83,11.10748,0.961057634,0.961057634,0.078824605,,1.57306,2.19664694,9.465599999999998,98,5.1,27.1,2.3,2.8,4,31,203,231,0.18,32,72,48,2.2,11,2.8,0.72,2.5,7.2,13.3,9.3
841,66,284,USMI01,USMI01011,Michigan,3.646712076,0.890497999,24.66534661,906.374,0.18637,0.14594,9.07145,,278.336,0.05,loamy sand,0.12723,,,0.34415,0.0474,,75.4034,,111.156,,43.2152,,5.07222,,,2.6207,0.05,109.997,,1.49241,6.03,8.16299,0.812385088,0.812385088,0.071,,1.11649,2.048217332,6.9948,90,4.6,22.9,2.4,2.2,3.7,27,185,212,0.18,27,60,42,2.3,10,1.9,0.57,1.8,7.2,11.1,7.4
842,66,284,USMI01,USMI01012,Michigan,3.931685855,1.042727273,27.08351782,777.4145,0.312107,0.5,9.18761,,415.5861,0.05,loamy sand,0.160212,0.5,,0.428868,0.061,,72.9432,,127.8841,,75.1353,,5.45395,0.5,,7.5,0.25,148.46143,,2.19948,6.31,8.29514,0.966973992,0.966973992,0.085,,1.64428,3.064575134,10.9968,87,3.2,33.7,1.2,1.9,5,39,192,247,0.16,34,93,62,2.5,11,2.2,0.76,2.1,6.8,10.6,7.8
835,66,283,USMI01,USMI01013,Michigan,5.882941013,1.841395021,37.23983707,1163.9625,0.3294,0.5,6.49774,,923.3231,0.05,sand,0.05,0.5,,0.943943,0.0908,,91.5038,,149.5071,,105.913,,6.07889,0.5,,7.5,0.25,191.67043,,1.67948,6.76,11.64844,1.277125104,1.277125104,0.11,,3.27495,5.915184241,11.309999999999999,110,7.2,48.5,3,4.2,7.2,56,180,581,0.19,53,116,98,3.1,12,3.7,1.22,3.4,7.2,15.2,8.8
836,66,283,USMI01,USMI01014,Michigan,6.649131653,1.496457399,36.75620277,1117.0125,0.383436,0.5,6.71487,,812.9631,0.05,sand,0.05,0.5,,0.944155,0.079,,111.171,,114.7311,,93.1429,,6.10739,0.5,,7.5,0.25,189.29543,,1.75083,6.82,11.50874,1.153303262,1.153303262,0.103,,2.87269,5.167797488,10.3704,113,5.2,42.3,1.7,3.4,6.2,49,180,477,0.22,64,81,79,3.1,12,3.4,1.08,3.5,7.2,15.8,10.6
837,66,283,USMI01,USMI01015,Michigan,5.354022435,1.78986755,44.01071652,820.317,,0.51905,9.85213,853.786,940.403,0.05,loamy sand,0.17712,,0.42,0.76121,0.1144,25.86,116.258,225.92,291.055,110.362,124.614,2.74,10.0652,,8.0437,3.75,0.10152,201.197,44.6404,1.80454,7.21,12.0273,1.638985043,1.638985043,0.127,2.5,3.99546,6.503064281,14.476799999999999,125,7.9,82.4,3.5,4.4,11.2,94,153,562,0.2,60,173,99,5,12,3.9,1.72,4.2,7.2,17.7,10.6
838,66,283,USMI01,USMI01016,Michigan,4.764012278,1.489298246,44.01071652,799.319,0.15568,0.38319,8.99457,,695.058,0.05,sand,0.16752,,,0.75452,0.0898,,116.555,,228.214,,92.6326,,8.78597,,,2.49625,0.05,209.497,,1.51668,7.03,16.29767,1.243266665,1.243266665,0.112,,3.85875,4.84324579,7.795199999999999,143,6.9,94.9,2.9,4,14,109,163,571,0.23,60,123,103,4.5,12,3.8,2.17,4.2,7.2,19.7,13
843,67,285,USMI02,USMI02001,Michigan,3.899818135,0.91016288,22.24717534,678.82,1.95341,0.30781,11.6155,,230.261,0.05,loamy sand,0.13907,,,4.09729,0.0481,,146.714,,106.937,,32.952,,34.1822,,,1.09836,0.22678,92.5691,,23.491,5.27,9.80698,0.813092522,0.813092522,0.068963073,,3.11332,1.704883284,8.073599999999999,73,1.9,19,1,0.8,5.1,24,181,207,1.53,54,73,46,14.1,11,3.7,1.42,1.3,6.7,6.9,6
844,67,285,USMI02,USMI02002,Michigan,2.94730258,0.698540864,18.86173561,713.938,2.08299,0.19194,8.96134,,200.347,0.05,sand,0.10826,,,3.39702,0.0396,,113.112,,72.4161,,25.9448,,16.0836,,,0.88333,0.15218,147.092,,19.2346,5.49,6.79109,0.525203363,0.525203363,0.047424686,,2.51053,1.407467776,4.2456,56,2.8,37.2,1.8,1,6.6,44,187,163,1.83,38,56,38,5,9,2.4,1.21,0.9,6.9,6.1,4.2
845,67,285,USMI02,USMI02003,Michigan,3.43900815,0.823071458,16.44356441,785.793,2.35225,0.15217,8.21483,,143.753,0.05,sand,0.10616,,,3.81888,0.0343,,119.858,,64.941,,18.9101,,18.0114,,,0.375,0.19275,137.327,,24.898,5.03,10.01188,0.674771009,0.674771009,0.058787234,,2.56215,1.044504319,4.176,53,1.9,29.1,0.8,1.1,5.5,35,202,108,1.63,41,46,25,5.8,10,2.2,1.14,1.1,6.7,7.2,5.4
846,67,285,USMI02,USMI02004,Michigan,3.601809056,1.038533773,14.70248114,705.923,2.49192,0.17538,10.7449,,306.778,0.05,sand,0.05,,,4.49762,0.0399,,122.218,,67.6713,,47.1595,,18.7144,,,0.7891,0.16653,150.921,,26.8946,5.65,7.40201,0.691444572,0.691444572,0.061523715,,2.59635,2.103835095,5.2547999999999995,57,3.1,36.4,1.6,1.5,6.8,43,185,214,2.01,41,47,46,4.6,9,1.7,1.11,1.2,6.8,7.4,5.3
851,67,287,USMI02,USMI02005,Michigan,4.726551382,1.244358974,19.53882361,726.023,2.39327,0.18962,12.0167,,211.232,0.05,loamy sand,0.12801,,,4.96055,0.0532,,152.383,,89.2058,,25.9288,,35.8728,,,0.96028,0.22185,96.4826,,28.7764,5.05,11.63478,1.062757242,1.062757242,0.088735591,,3.05404,1.505150197,8.9436,69,2.7,17.9,2.3,0.3,5,23,182,135,1.78,51,54,24,10.7,10,2.5,1.3,1.7,6.6,6.7,6.1
852,67,287,USMI02,USMI02006,Michigan,4.217458845,1.081546841,20.9897263,706.777,2.81833,0.20356,10.4174,,360.7,0.05,sand,0.10671,,,4.43345,0.0528,,117.609,,72.1748,,54.6613,,17.8527,,,0.9189,0.163,166.069,,29.0163,5.76,7.87993,0.939420105,0.939420105,0.08201912,,3.52459,2.448071378,4.489199999999999,68,3.6,39.5,1.7,1.9,7.5,47,177,218,2.26,40,38,44,5,9,1.9,1.55,1.5,6.8,9.1,6.2
853,67,287,USMI02,USMI02007,Michigan,3.709267302,0.963520887,22.92426334,716.56,1.90864,0.25188,9.17254,,246.779,0.05,sand,0.05,,,2.60601,0.0515,,88.2244,,88.8716,,41.4015,,13.5376,,,1.00027,0.13775,102.397,,18.4722,5.86,7.42472,0.740252319,0.740252319,0.064596559,,1.75142,1.811133778,5.811599999999999,67,3.7,21.7,1.9,1.8,4.2,26,181,181,1.16,30,52,42,3.5,8,1.7,0.73,1.2,6.8,9.5,6.3
854,67,287,USMI02,USMI02008,Michigan,4.494437815,0.937615948,17.60428657,679.004,2.12055,0.19058,11.136,,273.264,0.05,sand,0.05,,,4.84076,0.0428,,110.467,,58.7213,,35.1948,,19.2294,,,0.90426,0.1608,118.659,,21.4345,5.61,7.45794,0.776975369,0.776975369,0.067088261,,2.24712,1.814111456,5.742,73,2.1,29.9,0.3,1.8,6.4,36,187,212,2.51,41,40,41,6.3,9,1.9,1.07,1.4,6.8,9.1,6.3
847,67,286,USMI02,USMI02009,Michigan,6.104918088,1.215783133,19.05518932,753.195,2.48502,0.20526,12.4916,,201.817,0.10244,loamy sand,0.12874,,,5.15042,0.0557,,157.47,,101.239,,22.5056,,39.2049,,,0.99133,0.24888,102.346,,32.6442,5.1,13.14978,1.054169716,1.054169716,0.08570375,,3.26038,1.46053692,5.811599999999999,80,3.5,18.8,2.2,1.3,5.2,24,190,117,1.94,57,68,24,13.7,10,2.5,1.38,1.8,6.6,8.6,6
848,67,286,USMI02,USMI02010,Michigan,4.56089056,0.92819209,10.83340711,744.635,2.3961,0.14598,7.5694,,107.963,0.05,sand,0.1196,,,5.35055,0.0404,,126.451,,69.6361,,12.8502,,18.2033,,,0.375,0.17777,159.805,,23.5414,4.99,10.69158,0.865912248,0.865912248,0.081753254,,2.74373,0.82709477,5.1504,66,2.8,37.4,1.5,1.4,6.6,44,204,82,1.76,46,69,23,6.7,9,2.4,1.39,1.5,6.8,8.3,5.7
849,67,286,USMI02,USMI02011,Michigan,4.874549784,0.97385906,13.25157839,670.444,3.02092,0.17243,9.5794,,260.157,0.05,sand,0.10329,,,3.85526,0.0445,,138.564,,65.8879,,38.2996,,21.2937,,,0.77788,0.19504,145.333,,32.6451,5.46,9.09648,0.893411957,0.893411957,0.080100202,,3.36449,1.792277221,4.6632,63,4,36.4,2.1,1.9,7,43,172,162,1.71,46,48,41,5.5,10,2,1.54,1.3,6.7,7.2,4.6
850,67,286,USMI02,USMI02012,Michigan,3.622239106,1.03177796,16.63701811,700.401,1.89614,0.13996,9.5993,,192.724,0.05,sand,0.10654,,,4.49513,0.0372,,106.777,,50.4091,,26.2266,,18.6495,,,0.375,0.15876,106.661,,18.6441,5.43,8.45118,0.878189262,0.878189262,0.075286524,,2.35553,1.313063253,3.8627999999999996,59,1.9,26.8,0.4,1.5,4.8,32,192,159,2.13,38,43,29,5.6,8,2,1.14,1.3,6.8,7.1,4.3
855,67,288,USMI02,USMI02013,Michigan,4.62487141,1.225752212,19.05518932,707.482,2.56018,0.45429,9.97569,,379.401,0.05,sand,0.05,,,7.58773,0.06,,111.42,,98.1893,,60.6219,,18.6752,,,1.27717,0.15641,99.6652,,32.0987,5.91,9.62128,0.956788004,0.956788004,0.083230645,,2.87228,2.659509079,6.055199999999999,61,3.3,18.5,1,2.3,5,24,175,214,2.9,43,63,54,5.5,9,2.1,1.16,1.7,6.7,8.9,4.8
856,67,288,USMI02,USMI02014,Michigan,3.765753854,0.892670134,14.70248114,656.271,1.90393,0.24667,9.59589,,243.076,0.05,sand,0.11549,,,5.94039,0.0514,,128.868,,86.0524,,39.173,,24.9063,,,0.91888,0.15884,148.506,,22.9907,5.66,8.28148,0.735094662,0.735094662,0.065622126,,4.1753,1.766466164,4.872,63,3.5,36.3,0.9,2.6,6.9,43,163,167,3.01,41,70,46,6.9,6,1.9,1.91,1.2,6.8,9.1,4.5
857,67,288,USMI02,USMI02015,Michigan,4.118047413,1.070309598,21.47336059,636.362,2.34512,0.204,10.4439,,339.239,0.05,sand,0.05,,,4.18353,0.0608,,130.995,,83.4387,,59.7077,,24.3341,,,0.86018,0.15867,154.235,,30.9633,5.88,8.58218,0.933914585,0.933914585,0.083691918,,3.53199,2.411445783,6.786,72,3.7,36.2,1.3,2.4,7.5,44,164,217,1.79,46,50,55,6.2,8,1.8,1.61,1.5,6.8,9.8,6.6
858,67,288,USMI02,USMI02016,Michigan,4.047675366,1.116153846,16.63701811,763.514,2.12633,0.25,9.01528,,179.805,0.05,sand,0.11668,,,7.10039,0.0424,,136.046,,101.648,,29.8016,,24.8385,,,3.75,0.17175,159.578,,27.9555,5.42,13.1833,0.945305553,0.945305553,0.084,,3.38756,1.424315714,4.732799999999999,74,3.2,31.4,1.5,1.8,5.7,37,175,121,2.9,40,68,31,6.6,9,1.9,1.54,1.5,6.7,9.3,6.7
863,67,290,USMI02,USMI02017,Michigan,6.626126958,1.751765835,29.2115085,788.649,1.99913,0.25,8.65079,,217.955,0.05,sand,0.11764,,,6.84135,0.0708,,125.45,,146.818,,39.2108,,24.9525,,,3.75,0.16492,120.601,,29.7736,5.46,15.1155,1.251116001,1.251116001,0.11,,3.55192,1.809295892,13.223999999999998,72,4.8,18.5,0.7,4.2,5.1,24,181,135,2.63,44,66,41,6.9,9,2.4,1.46,2.3,6.6,11.8,5.6
864,67,290,USMI02,USMI02018,Michigan,5.08888356,0.892670134,27.27697152,695.716,1.93842,0.25,11.2663,,429.011,0.05,sand,0.11252,,,4.45849,0.0756,,114.118,,126.992,,76.3335,,24.3881,,,3.75,0.15787,153.432,,27.4044,6.06,11.7557,1.051050206,1.051050206,0.092,,3.67554,3.123093232,10.091999999999999,92,5.4,31.2,1.1,4.3,6.6,38,164,266,1.67,41,69,67,6,7,2.1,1.62,1.8,6.8,12.9,6.9
865,67,290,USMI02,USMI02019,Michigan,4.839478881,1.009878543,21.95699482,663.634,2.26574,0.25,9.28161,,242.54,0.05,sand,0.10557,,,8.56831,0.0606,,130.424,,99.6255,,38.6047,,28.9527,,,3.75,0.15239,152.968,,32.6858,5.58,12.0138,1.090694401,1.090694401,0.094,,3.61752,1.806162811,5.5332,69,3,35,1,2,6.4,41,171,147,2.85,46,48,32,7.7,8,2,1.67,1.5,6.6,8.8,5.7
866,67,290,USMI02,USMI02020,Michigan,4.35948074,0.900551817,23.40789757,668.093,1.96649,0.25,10.8102,,366.418,0.05,sand,0.05,,,4.3913,0.0692,,107.853,,114.084,,67.2063,,21.2233,,,3.75,0.1419,139.834,,27.2297,6.04,10.9436,1.078789057,1.078789057,0.096,,3.45838,2.700970837,11.762399999999998,93,3.8,29.9,0.9,2.9,6.3,36,159,243,1.96,39,50,64,5.7,7,1.8,1.66,1.7,6.8,13.2,8.2
859,67,289,USMI02,USMI02021,Michigan,5.388109802,1.51584323,25.34243455,722.005,2.08778,0.25,8.03921,,222.462,0.05,sand,0.11007,,,6.24291,0.0601,,120.248,,123.785,,33.964,,22.4588,,,3.75,0.15461,118.655,,27.9939,5.64,13.2127,1.271619544,1.271619544,0.114,,3.05344,1.729047408,6.368399999999999,73,2.1,22.7,0.1,2,5.6,28,176,144,2.73,43,56,32,6.7,7,2.1,1.39,1.6,6.6,7.9,5.5
860,67,289,USMI02,USMI02022,Michigan,4.584861916,0.792138483,19.05518932,712.524,2.02295,0.25,8.35639,,147.474,0.05,sand,0.12398,,,5.74662,0.0436,,137.51,,76.3864,,22.9554,,25.7478,,,3.75,0.18038,159.356,,25.7567,5.15,12.8697,0.929814437,0.929814437,0.086,,3.19446,1.140838991,2.8884,61,2,35.6,0.4,1.6,6.3,42,180,81,2.15,46,38,20,7.1,10,2.2,1.33,1.3,6.6,7.9,4.7
861,67,289,USMI02,USMI02023,Michigan,5.023547787,0.986862234,29.6951428,662.5,1.93222,0.25,9.12813,,295.978,0.05,sand,0.11039,,,6.30247,0.0629,,120.267,,105.264,,48.6081,,27.3732,,,3.75,0.15326,134.703,,25.0793,5.77,11.6896,1.319183921,1.319183921,0.119,,4.19265,2.171171238,7.969199999999999,79,3.6,28.4,0.5,3.1,6.4,35,158,220,3.81,39,55,50,7.3,8,2.1,1.92,1.6,6.7,10.8,5.4
862,67,289,USMI02,USMI02024,Michigan,4.702427257,0.821840721,22.44062905,706.536,2.00373,0.25,9.83111,,290.418,0.05,sand,0.10435,,,4.66311,0.0584,,117.673,,112.545,,46.9994,,21.1627,,,3.75,0.1625,133.558,,26.1587,5.69,11.9198,1.020013343,1.020013343,0.095,,3.15446,2.148634979,8.352,71,3.7,27.4,0.7,3,5.7,33,165,188,1.95,40,75,50,5.5,8,2,1.46,1.6,6.7,10.3,4.7
891,68,297,USMI03,USMI03001,Michigan,5.843495684,1.849207921,51.45868391,613.687,,0.25,40.7962,,1012.17,0.05,loam,0.78347,,,1.20496,0.0873,,124.988,,133.064,,148.346,,140.859,,,3.75,0.35772,43.7746,,4.29364,6.25,10.38,1.437626259,1.437626259,0.127,,1.25,6.65456132,30.624,144,7.5,12.1,6,1.5,5.1,17,126,356,0.28,51,60,71,31.8,14,2.4,0.65,1.9,7.2,13.2,9.6
892,68,297,USMI03,USMI03002,Michigan,4.772190816,0.769286224,40.81873043,557.877,,0.25,28.5394,,577.394,0.05,sand loam,0.47839,,,0.95644,0.213,,144.195,,99.7793,,93.2908,,107.804,,,3.75,0.3048,59.4451,,4.30703,5.8,10.6096,1.01376143,1.01376143,0.088492572,,2.64646,3.936543625,16.147199999999998,91,10,14.8,8.3,1.7,5.5,20,101,235,0.26,39,49,48,24.7,7,1.6,0.94,1.5,6.9,11.6,6.7
893,68,297,USMI03,USMI03003,Michigan,4.980098621,0.879643329,38.88419345,577.44,,0.25,31.2912,,550.517,0.05,sand loam,0.42945,,,0.96271,0.128,,154.759,,132.347,,87.1367,,105.302,,,3.75,0.3149,101.768,,4.19719,5.52,10.6417,1.046879308,1.046879308,0.091006319,,2.97419,3.834382816,19.7316,103,11.5,23.6,9.3,2.2,6.8,30,100,251,0.26,38,63,53,24.4,9,1.9,0.9,1.7,7.2,12.5,7.4
894,68,297,USMI03,USMI03004,Michigan,5.784276119,2.112924251,54.84412364,582.083,,0.50862,47.4105,,1181.18,0.05,silt loam,0.6815,,,1.05584,0.164,,114.471,,196.641,,149.231,,171.731,,,3.75,0.40043,39.5528,,3.04604,6.24,12.7236,1.689103341,1.689103341,0.144,,1.25,7.670004282,44.1612,124,11.5,8.9,7.2,4.3,4.4,13,101,369,0.21,39,49,67,27.9,8,2.2,0.64,2.2,6.9,15,8.4
887,68,296,USMI03,USMI03005,Michigan,4.672977717,1.781002445,35.98238802,621.89,,0.25,37.7692,,990.469,0.05,loam,0.64457,,,1.3493,0.188,,123.412,,141.893,,146.111,,129.669,,,3.75,0.43823,41.4249,,3.97153,5.93,10.7964,1.267650092,1.267650092,0.118,,1.25,6.550070395,20.5668,123,9.3,6.9,5.8,3.6,3.9,11,133,312,0.33,56,78,68,26.6,8,2.1,0.65,2,7.2,14.7,9.5
888,68,296,USMI03,USMI03006,Michigan,4.254193944,1.2643074,35.98238802,622.4,,0.25,44.0658,,1174.65,0.05,loam,1.26342,,,1.25953,0.0804,,160.527,,64.1078,,186.381,,229.289,,,3.75,0.40726,16.9602,,3.6877,6.35,9.17417,0.946436146,0.946436146,0.099,,1.25,7.607108769,15.903599999999999,120,5.1,4.5,4.3,0.8,3.8,8,161,340,0.29,72,33,78,24.8,9,2.3,0.38,1.5,6.9,9.2,7.4
889,68,296,USMI03,USMI03007,Michigan,4.309408423,1.3325,27.27697152,525.27,,0.25,28.0916,,539.76,0.05,sand loam,0.76053,,,0.75586,0.0639,,159.661,,45.3967,,98.1581,,169.464,,,3.75,0.308,33.6703,,3.40476,6.08,9.6967,1.0059217,1.0059217,0.081,,1.25,3.649491141,10.8576,95,10.7,6.8,9.3,1.4,4,11,107,257,0.21,39,25,63,23.8,10,1.9,0.85,1.4,7,10.2,6.3
890,68,296,USMI03,USMI03008,Michigan,4.193874759,1.116756152,36.46602225,575.025,,0.25,35.7794,,876.473,0.05,sand loam,1.1853,,,1.10171,0.0888,,244.4,,96.5226,,141.259,,244.025,,,3.75,0.33875,32.8807,,3.45751,6.42,8.41039,1.398198443,1.398198443,0.119,,1.25,5.823321908,15.3816,113,7.1,7.2,6.1,1,4,11,127,290,0.27,54,43,67,32.4,9,2.1,0.61,1.2,6.9,11,8.4
883,68,295,USMI03,USMI03009,Michigan,4.866451552,1.945953079,37.4332907,611.849,,0.56137,41.1873,,1020.4,0.05,loam,0.99386,,,1.25495,0.1095,,156.333,,90.9734,,122.277,,226.607,,,3.75,0.35666,41.1971,,4.60954,6.54,11.2384,1.145159908,1.145159908,0.1,,1.25,6.370544764,11.623199999999999,100,5.8,3.8,4,1.8,3,7,113,311,0.24,41,25,63,27.8,11,2,0.51,1.5,7,11.4,7.8
884,68,295,USMI03,USMI03010,Michigan,4.102390437,1.419590164,38.88419345,587.121,,0.25,29.476,,966.374,0.05,sand loam,1.02654,,,1.481,0.0768,,219.714,,139.672,,177.861,,155.49,,,3.75,0.43575,30.8408,,4.05713,6.19,7.56998,0.805859274,0.805859274,0.081,,1.25,6.688483327,27.491999999999997,131,5.3,7.9,4.4,0.9,4.5,12,159,309,0.34,78,64,77,29.5,10,2.4,0.5,1.6,6.9,10.8,7.9
885,68,295,USMI03,USMI03011,Michigan,4.50240175,1.297020327,29.6951428,599.381,,0.25,32.3492,,595.024,0.05,sand loam,0.92616,,,1.09866,0.0759,,217.831,,87.2707,,96.1747,,250.424,,,3.75,0.3758,58.257,,4.46432,6.07,9.66519,1.236882163,1.236882163,0.097,,1.25,4.016652058,9.883199999999999,104,9.7,9.9,8,1.7,4.5,14,111,229,0.25,40,44,48,25.9,11,1.7,0.61,1.3,7,12.4,8.5
886,68,295,USMI03,USMI03012,Michigan,5.105248058,1.119147517,43.2369017,585.584,,0.25,33.903,,703.846,0.05,sand loam,0.77995,,,0.90198,0.0727,,178.556,,140.525,,101.601,,192.593,,,3.75,0.39873,65.4773,,3.65688,6.08,9.71489,1.061641871,1.061641871,0.1,,1.25,4.742530692,17.8176,113,10.7,15.9,8,2.7,5.3,21,109,292,0.16,45,75,59,34.4,8,2.1,0.74,1.8,6.9,13.6,8
875,68,293,USMI03,USMI03013,Michigan,4.502617818,1.443563218,34.04785098,787.625,,0.25,52.3527,,1000.63,0.1236,silt loam,0.97022,,,2.13986,0.0767,,200.713,,153.917,,161.948,,274.204,,,3.75,0.54858,78.9237,,6.12231,6.11,11.18289,1.142539945,1.142539945,0.1,,3.06274,6.763680765,13.223999999999998,83,8.2,18.8,6.8,1.5,5.4,24,130,367,0.29,42,60,78,29.2,9,1.9,0.78,1.6,7.2,8.3,5
876,68,293,USMI03,USMI03014,Michigan,2.982283247,0.842555205,20.9897263,635.922,,0.25,38.4906,,1272.6,0.05,loam,0.90333,,,0.88379,0.0616,,129.976,,92.2708,,190.7,,123.18,,,3.75,0.32145,16.7523,,2.83,6.55,4.2794,0.63234064,0.63234064,0.05,,1.25,8.205063091,8.177999999999999,89,3.5,5.4,2.7,0.8,3,8,156,349,0.23,59,34,77,15.4,10,1.6,0.25,1.2,7,7.9,6.6
877,68,293,USMI03,USMI03015,Michigan,3.532993155,1.121667642,23.40789757,526.567,,0.25,24.9854,,523.963,0.05,sand loam,0.85142,,,1.05449,0.07369,,235.092,,90.1464,,86.7592,,192.92,,,3.75,0.32625,84.6677,,4.42635,6.25,7.71729,0.771663118,0.771663118,0.062,,1.25,3.590257859,10.509599999999999,80,5.5,21.1,4.4,1.1,6.3,27,118,239,0.29,48,38,49,18.9,9,1.6,0.84,0.9,7,7.8,4.7
878,68,293,USMI03,USMI03016,Michigan,3.657631109,1.307225495,20.9897263,648.22,,0.25,51.2611,,993.466,0.05,loam,1.11887,,,1.32715,0.0657,,165,,83.0856,,113.424,,268.354,,,3.75,0.45527,35.1854,,4.01688,6.21,9.12629,1.355996201,1.355996201,0.101,,1.25,6.141874964,8.3868,99,4.2,7.4,3.6,0.6,3.6,11,163,321,0.26,65,33,54,17.8,11,1.6,0.4,1.3,6.9,8.8,7.3
871,68,292,USMI03,USMI03017,Michigan,3.754140275,1.469421965,20.50609207,653.169,0.11086,0.3288,44.0629,,871.526,0.10616,loam,0.86351,,,1.47277,0.0642,,138.119,,84.9761,,132.233,,189.326,,,2.77625,0.45296,37.5419,,4.31794,5.98,8.29289,1.012653652,1.012653652,0.092891162,,2.26079,5.689530802,9.5352,73,7.2,9.6,4.9,2.4,4.6,14,137,352,0.33,56,37,79,31,9,2,1.07,1.5,7,9.6,5.4
872,68,292,USMI03,USMI03018,Michigan,2.840807232,1.167058824,23.40789757,628.12,0.11848,0.27947,36.3064,,897.072,0.05,sand loam,0.83796,,,0.8617,0.0487,,126.171,,63.1699,,170.951,,155.399,,,2.76834,0.30325,19.594,,3.13972,5.74,13.73917,0.790739526,0.790739526,0.068,,0.99264,6.08396385,7.656,85,4.3,6.5,3.3,0.9,3.4,10,154,267,0.27,64,31,67,21.7,9,1.4,0.39,1.1,7,7.3,5
873,68,292,USMI03,USMI03019,Michigan,3.916718904,1.33592099,29.2115085,552.094,0.10307,0.27005,35.0262,,611.189,0.05,sand loam,0.90868,,,0.93126,0.0596,,170.283,,63.673,,82.9396,,226.636,,,1.38981,0.39231,41.4752,,3.26503,5.63,12.17157,0.63137368,0.63137368,0.065,,1.72724,3.916417432,9.9528,84,7.6,12,6.5,1.1,4.6,17,115,311,0.27,43,50,61,33.7,9,2,0.66,1.3,7,10.3,6.5
874,68,292,USMI03,USMI03020,Michigan,3.213891644,0.97,24.85880032,657.691,0.11373,0.27188,44.4448,,719.441,0.10278,loam,0.94341,,,0.94756,0.0561,,161.052,,99.7683,,100.696,,208.464,,,1.90316,0.45634,51.9778,,3.64138,5.48,15.23407,0.726424213,0.726424213,0.07,,2.05332,4.700432407,8.6304,78,6.9,12.4,5.1,1.9,4.6,17,127,252,0.21,49,46,52,25.3,10,1.7,0.57,1,6.9,8.9,4.3
879,68,294,USMI03,USMI03021,Michigan,4.981989142,1.328219178,33.56421675,715.974,,0.38121,51.1002,,931.458,0.1245,silt loam,1.12163,,,1.54797,0.0579,,170.713,,127.945,,155.904,,278.911,,,2.11143,0.55575,48.6056,,5.01015,5.7,18.17657,1.048879112,1.048879112,0.095,,2.59013,6.293736228,11.0316,89,8.3,8.8,6.6,1.7,4.1,13,124,335,0.28,45,34,73,31.6,14,2.2,0.81,1.6,7,10.6,6.9
880,68,294,USMI03,USMI03022,Michigan,3.290718446,1.006506379,23.60135127,508.505,0.12888,0.26941,28.749,,622.293,0.05,sand loam,1.01522,,,1.0579,0.0494,,162.968,,77.5941,,106.594,,181.46,,,1.73753,0.40309,29.6928,,3.6173,5.71,11.60507,1.209986063,1.209986063,0.111,,1.48581,4.206263992,9.6396,85,6.6,11.8,5.7,1,4.9,17,127,250,0.37,67,56,62,36.3,9,2,0.67,1,7.2,7.8,4.7
881,68,294,USMI03,USMI03023,Michigan,4.173284512,1.272439024,25.53588825,747.289,,0.25,47.7159,,900.026,0.1032,loam,0.79797,,,1.79388,0.0576,,193.965,,122.009,,142.761,,248.563,,,3.75,0.41147,68.869,,6.99446,6.64,10.42659,1.127454821,1.127454821,0.103,,2.53494,6.018953167,11.936399999999999,93,7.6,12,5.3,2.3,5,17,123,283,0.29,43,35,63,27.1,8,1.6,0.66,1.4,7.2,12.6,7.5
882,68,294,USMI03,USMI03024,Michigan,3.429607656,1.563136781,21.6668143,628.045,,0.25,36.5309,,946.787,0.05,loam,0.99002,,,1.13739,0.0571,,180.643,,99.178,,133.366,,236.183,,,3.75,0.36985,38.4375,,3.37459,6.52,8.09539,0.95508011,0.95508011,0.097,,1.25,6.115925547,12.3888,98,4.6,8.3,3.1,1.5,4.2,12,163,267,0.32,81,38,52,22.2,10,2.1,0.36,1.4,6.9,9.4,6.1
867,68,291,USMI03,USMI03025,Michigan,3.295848667,1.599758713,21.6668143,640.675,0.16914,0.3972,46.8115,,1033.88,0.05,loam,0.95592,,,1.89673,0.0511,,135.483,,106.926,,175.587,,168.335,,,3.03126,0.40944,43.2351,,4.35935,6.75,6.15193,0.846874123,0.846874123,0.071990194,,2.18946,6.9199738,7.621199999999999,74,3.9,16,2.7,1.3,5,21,163,332,0.41,74,38,77,24.1,9,1.6,0.57,1.4,7.2,7.9,5.2
868,68,291,USMI03,USMI03026,Michigan,2.997488535,0.856036671,18.7650088,587.167,0.14639,0.26338,37.4862,,865.095,0.05,sand loam,0.8932,,,1.13115,0.0459,,125.737,,85.8337,,154.109,,149.857,,,2.55407,0.33729,42.1942,,3.73591,6.82,4.21055,0.594027466,0.594027466,0.050596177,,1.71002,5.84090788,8.0388,70,6.6,21.9,5.1,1.5,5.9,28,163,328,0.36,71,43,77,27.9,11,1.9,0.85,1.2,7.2,7.4,4.3
869,68,291,USMI03,USMI03027,Michigan,2.675075133,0.619514563,15.8632033,500.532,0.1319,0.21851,27.771,,471.815,0.05,sand loam,0.70432,,,0.80349,0.0377,,146.083,,46.7693,,94.3815,,152.033,,,1.76743,0.27029,37.758,,3.25018,6.62,5.38832,0.65733383,0.65733383,0.051708355,,1.23791,3.2731935,5.1852,54,8.6,11.6,7.1,1.5,5.8,17,129,233,0.36,61,36,60,22.2,12,1.6,1.14,0.9,7.2,7.1,3.8
870,68,291,USMI03,USMI03028,Michigan,4.027474598,2.023424658,23.11771705,714.836,0.1467,0.34202,53.3647,,869.96,0.111,silt loam,1.02879,,,1.34825,0.0571,,181.061,,158.097,,118.514,,268.133,,,1.95998,0.45561,66.1432,,4.13196,6.49,9.44629,1.03346077,1.03346077,0.096154622,,2.30288,5.751315566,10.405199999999999,76,7.5,13.3,5.2,2.3,5.6,19,126,314,0.23,45,48,55,20.7,11,1.9,0.66,1.5,6.9,9.3,5.2
895,68,298,USMI03,USMI03029,Michigan,2.520362503,0.559587852,7.641421091,562.383,0.11841,0.34829,42.6144,,518.623,0.05,sand loam,0.43665,,,1.53842,0.0476,,158.256,,68.0501,,83.0478,,154.392,,,1.92116,0.41761,85.386,,5.28361,6.24,6.22168,0.607393454,0.607393454,0.051356419,,3.20697,3.468020881,5.22,58,6.7,24.7,5.7,1,7.1,32,110,247,0.44,46,36,53,17.6,11,1.3,1.03,0.8,7.2,6.7,3.7
896,68,298,USMI03,USMI03030,Michigan,2.612578365,0.496837061,10.05959236,509.623,,0.25,26.7032,,395.214,0.05,sand loam,0.42288,,,1.01584,0.0316,,156.175,,60.344,,66.9687,,111.238,,,3.75,0.28059,83.8384,,4.96394,6.41,7.95214,0.516342325,0.516342325,0.047,,1.25,2.705175442,5.045999999999999,44,6.7,19.6,5.8,0.9,6.3,26,107,209,0.37,43,34,48,13.8,10,1.3,0.92,0.8,7.2,5.4,2.1
897,68,298,USMI03,USMI03031,Michigan,3.445087932,1.359147287,16.83047182,583.22,,0.25,37.2076,,524.103,0.05,sand loam,0.47951,,,1.33628,0.0316,,153.179,,75.36,,81.0055,,156.143,,,3.75,0.3508,72.6169,,5.06464,6.37,8.71394,0.90849444,0.90849444,0.077,,1.25,3.505096377,6.611999999999999,74,5,24.4,4.3,0.7,7.1,31,141,327,0.33,53,58,73,20.4,13,1.6,0.87,1.1,7.2,7.3,5.2
898,68,298,USMI03,USMI03032,Michigan,2.906394033,1.238801767,9.092323841,669.006,,0.25,50.8863,,899.826,0.05,silt loam,0.61522,,,1.25572,0.0665,,130.162,,93.6436,,111.445,,149.854,,,3.75,0.45768,47.2929,,3.35307,6.04,10.7695,0.86015532,0.86015532,0.079,,1.25,5.684255388,5.811599999999999,80,6.8,13.6,4.6,2.2,5.1,19,161,332,0.26,67,41,60,16.8,12,2,0.57,1.2,6.9,9.8,5.2
907,69,301,USMI04,USMI04001,Michigan,3.56177571,1.392624015,29.01805486,538.211,,0.25701,38.6226,,699.934,0.05,loam,0.67624,,,0.50176,0.1006,,108.037,,130.585,,163.381,,131.068,,,4.39645,0.32121,34.2933,,2.32651,6.42,9.03693,0.719944202,0.719944202,0.065773626,,1.61617,5.215127047,8.4216,72,10.3,15.1,8.5,1.8,4.1,19,136,357,0.23,49,105,97,27.2,12,2.5,0.63,1.4,7,8.8,3.7
908,69,301,USMI04,USMI04002,Michigan,3.890131602,1.63080232,29.01805486,576.974,,0.23148,46.9061,,783.349,0.05,silt loam,0.60182,,,0.59994,0.0993,,111.976,,131.201,,183.611,,127.688,,,4.39645,0.41991,33.7883,,2.77819,6.42,9.52222,1.06090122,1.06090122,0.095031946,,1.56404,5.802364867,11.2056,78,21.4,12.7,5.1,16.3,3.8,16,137,307,0.17,47,74,90,22.4,12,2.5,0.56,1.5,7,22.7,3.2
909,69,301,USMI04,USMI04003,Michigan,4.870099341,1.680055584,31.43622607,711.792,,0.3075,50.0291,,1015.32,0.10104,loam,0.57065,,,0.82582,0.216,,135.354,,176.811,,221.375,,119.748,,,2.59922,0.40976,75.5511,,3.37353,5.93,7.91219,1.233703592,1.233703592,0.115,,2.06681,7.386055337,16.147199999999998,78,23.4,20,4.2,19.1,5.3,25,150,386,1.31,42,88,107,18.3,12,2.8,1.35,2,7,23.8,3.7
910,69,301,USMI04,USMI04004,Michigan,3.683405346,1.41193394,37.62674441,557.756,,0.3998,42.6972,,769.557,0.05,loam,0.91634,,,0.75705,0.111,,163.951,,124.453,,158.099,,224.811,,,3.69125,0.38636,41.9503,,3.86137,6.41,7.7666,0.912049898,0.912049898,0.088,,1.51489,5.500436225,8.769599999999999,92,20.4,16.3,12,8.4,4.5,21,140,341,0.56,46,101,95,22.8,14,3.2,0.88,1.7,7,18.7,5.3
911,69,302,USMI04,USMI04005,Michigan,4.285286002,1.637136387,27.95405945,667.203,,0.26939,51.0073,,782.368,0.05,silt loam,0.54664,,,0.63908,0.204,,127.136,,151.345,,157.261,,113.524,,,3.7007,0.46513,50.8338,,7.68255,5.3,8.59518,1.028327124,1.028327124,0.102,,2.19177,5.626507448,13.6416,75,10.7,9.6,3.2,7.5,3.6,13,149,300,0.13,45,66,77,16.5,13,2.2,0.58,1.7,7,15.1,5.2
912,69,302,USMI04,USMI04006,Michigan,3.796127922,1.607543338,26.986791,590.941,,0.22147,38.5671,,831.61,0.05,loam,0.60155,,,0.90379,0.148,,111,,115.862,,178.345,,92.235,,,3.24384,0.36676,33.086,,2.40567,5.47,7.32397,0.924906666,0.924906666,0.087,,1.60251,5.955447425,10.2312,74,14.4,10.7,4.4,10,4.1,15,151,295,0.21,54,66,82,13.3,13,2.2,0.39,1.7,7,16,3.6
913,69,302,USMI04,USMI04007,Michigan,4.668223442,1.810133779,28.92132798,643.193,,0.29488,53.37,,1061.56,0.10443,silt loam,0.55409,,,0.97734,0.193,,123.799,,170.979,,244.532,,118.009,,,3.81456,0.47422,41.4733,,3.01336,5.76,8.21288,1.24978662,1.24978662,0.121,,2.86797,7.80056114,10.0224,64,17.8,8.8,4.8,13,3.6,12,141,376,0.18,49,57,104,16.6,13,2.3,0.71,1.3,7.2,16.2,2.4
914,69,302,USMI04,USMI04008,Michigan,4.575547427,1.719458484,32.79040193,636.762,,0.24642,49.2407,,904.971,0.10122,silt loam,0.49689,,,0.64196,0.218,,115.984,,143.199,,226.706,,101.967,,,3.99528,0.40301,42.1274,,3.03453,5.8,9.27828,1.183706931,1.183706931,0.11,,1.78229,6.798620957,13.676399999999997,77,12.2,7,2.5,9.7,3.7,11,145,335,0.07,45,68,105,15,14,2.4,0.76,1.7,6.9,17,4.2
915,69,303,USMI04,USMI04009,Michigan,4.084313878,1.448082192,32.79040193,524.21,,0.24393,36.497,,816.566,0.05,loam,0.57456,,,0.48617,0.168,,102,,137.51,,175.805,,93.3525,,,3.42936,0.31866,32.1434,,2.19903,5.85,7.93709,1.00288006,1.00288006,0.099,,1.52098,5.915373084,14.546399999999998,87,12.6,9.7,5.5,7.1,4.6,14,160,329,0.14,65,98,98,19.9,14,3.9,0.51,1.3,7,14.8,5.1
916,69,303,USMI04,USMI04010,Michigan,4.847284804,1.53056338,31.33949925,568.305,,0.47017,36.7878,,763.838,0.10388,sand loam,0.44428,1.74468,,0.86997,0.261,,117.877,,154.52,,154.4,,100.198,,,4.1503,0.3505,68.317,,2.77355,5.67,10.30268,1.24761006,1.24761006,0.114,,1.95751,5.520108715,15.1032,68,22.3,15.8,6.8,15.5,5.5,21,110,305,0.14,36,80,79,19.7,12,2.8,0.49,1.6,6.9,22.4,3
917,69,303,USMI04,USMI04011,Michigan,4.079436822,1.429939455,27.95405945,542.344,,0.35442,40.3846,,815.719,0.05,loam,0.52564,,,0.63944,0.228,,117.665,,164.96,,145.235,,120.524,,,2.94893,0.42438,45.9902,,2.95434,5.63,8.72478,1.021210427,1.021210427,0.099,,2.34071,5.724684805,19.975199999999997,91,20.8,13.2,6.4,14.4,5.1,18,136,317,0.13,54,84,79,20.7,11,2.5,0.8,1.7,7.2,21.6,5.2
918,69,303,USMI04,USMI04012,Michigan,4.774611352,1.808186158,35.69220743,536.844,,0.28979,43.0889,,895.551,0.05,silt loam,0.69692,,,0.5966,0.249,,107.971,,174.322,,194.126,,133.655,,,4.25835,0.44981,30.0912,,2.80245,6.19,11.0123,1.061296485,1.061296485,0.102733789,,1.77458,6.560966365,15.277199999999999,83,29.9,10.2,6.5,23.4,4,14,122,374,0.06,41,114,108,25.1,12,3.1,0.66,1.8,7.2,28.5,4.2
903,69,300,USMI04,USMI04013,Michigan,5.041077662,1.904776193,40.52854991,586.85,,0.29548,46.286,,953.027,0.05,silt loam,0.72211,,,0.6858,0.102,,114.064,,96.6953,,187.868,,139.306,,,4.25835,0.44525,21.3688,,2.68495,6.21,10.9023,1.103637497,1.103637497,0.107614491,,1.94336,6.597153515,20.88,93,9.2,4.4,5.5,3.8,3.5,8,134,348,0.12,49,65,91,23.2,10,2.6,0.75,2.3,7,11,5.8
904,69,300,USMI04,USMI04014,Michigan,5.27157238,1.853533365,27.95405945,562.875,,0.25658,41.2485,,866.965,0.05,loam,0.69172,,,0.6622,0.107,,112.268,,73.9882,,194.424,,131.804,,,4.25835,0.37718,22.7293,,2.70367,6.37,10.0575,1.165893539,1.165893539,0.109682512,,1.46612,6.163253325,18.965999999999998,87,9.7,4,4.6,5.2,3.2,7,116,357,0.1,40,43,94,22,10,2,0.51,2,7.2,12.9,4.6
905,69,300,USMI04,USMI04015,Michigan,5.032789971,2.023590887,36.17584166,585.766,,0.32495,48.9383,,1044.08,0.05,silt loam,0.70711,,,0.89031,0.116,,111.361,,94.4182,,237.457,,148.473,,,4.39645,0.44916,20.7718,,3.24726,6.44,9.87203,1.2831752,1.2831752,0.123819627,,2.09805,7.460421645,12.632399999999999,81,11.2,4.2,3.8,7.4,3.4,8,110,427,0.1,37,51,111,22.5,10,2.3,0.68,2.3,7.2,13.5,4.5
906,69,300,USMI04,USMI04016,Michigan,4.736405076,1.734549483,31.33949925,548.328,,0.39718,43.3581,,944.436,0.05,loam,0.69971,,,0.61655,0.111,,101.823,,96.7729,,199.784,,133.816,,,4.39645,0.39453,22.9797,,3.07583,6.45,9.09958,1.310353621,1.310353621,0.115193937,,1.83026,6.654297663,11.9016,77,11.7,4.4,4,7.7,3.3,8,109,359,0.11,39,49,97,24.1,9,2,0.67,1.9,7.2,13.8,3.7
927,69,306,USMI04,USMI04017,Michigan,6.982986209,2.290576132,50.20123486,568.381,,0.4234,41.0641,,1060.85,0.1085,loam,0.49013,,,0.55538,0.121,,122.238,,140.228,,126.835,,111.951,,,4.39645,0.37921,51.4091,,2.64029,6.31,9.72294,1.721912946,1.721912946,0.141008858,,2.89441,6.739882797,26.622,86,12,11.5,6.2,5.8,4.9,16,114,488,0.06,38,89,81,18.2,11,2.3,1.26,2.7,7.2,12.1,4.8
928,69,306,USMI04,USMI04018,Michigan,5.819687731,1.709718036,45.84852661,513.508,,0.34548,33.3625,,867.026,0.05,sand loam,0.99177,,,0.7609,0.084,,168.815,,100.712,,132.585,,225.417,,,4.39645,0.40118,26.6412,,2.84086,6.53,9.7198,1.22047464,1.22047464,0.098752264,,2.86244,5.717356193,10.2312,100,7,4.5,5.6,1.4,3.9,8,162,309,0.17,79,69,72,25.2,14,2.6,1.15,1.6,7.2,8.4,6
929,69,306,USMI04,USMI04019,Michigan,5.154644988,1.895506073,46.33216091,564.932,,0.35909,30.4808,,996.653,0.05,sand loam,0.74039,,,0.91871,0.0787,,187.343,,124.799,,167.609,,140.352,,,4.39645,0.33694,36.7577,,2.68808,6.47,9.68097,1.269641873,1.269641873,0.097621446,,1.50691,6.719119441,7.795199999999999,114,5.3,11.1,4.6,0.7,5.5,17,216,293,0.26,107,81,71,13.9,14,3,0.56,1.5,6.9,9.2,7.2
930,69,306,USMI04,USMI04020,Michigan,6.098904754,2.075389222,54.07030882,542.454,,0.49827,33.8041,,1018.07,0.05,loam,0.98691,,,0.98847,0.0897,,233.166,,153.949,,122.568,,227.581,,,4.39645,0.37417,63.4388,,4.0179,6.92,9.98275,1.239571107,1.239571107,0.102427527,,2.36858,6.525606146,15.416399999999998,121,5.6,15.4,4.9,0.7,5,20,121,349,0.17,78,83,59,31.4,10,2,0.72,2,7.2,9.7,7.6
899,69,299,USMI04,USMI04021,Michigan,4.535494011,1.836157761,28.92132798,602.14,,0.44002,41.8046,,871.776,0.05,loam,0.4794,,,0.49828,0.1101,,109.6,,144.668,,198.511,,91.2025,,,4.39645,0.36048,44.813,,2.58366,6.28,10.9326,1.097128634,1.097128634,0.109702381,,1.45291,6.403197448,19.1052,100,7.8,13.1,3.9,3.8,5.1,18,129,297,0.1,43,82,86,13.7,10,2.6,0.4,2,6.8,12.5,7.4
900,69,299,USMI04,USMI04022,Michigan,4.443759688,1.762281717,29.4049622,562.199,,0.54995,37.9965,,939.481,0.05,loam,0.63066,,,0.5289,0.1043,,101.842,,138.461,,214.272,,95.3878,,,4.39645,0.36909,30.7709,,2.4621,6.22,10.5681,1.080527988,1.080527988,0.107849726,,1.3972,6.857148808,13.015199999999998,107,9.7,11.1,4.5,5.2,4.7,16,148,309,0.14,61,81,96,14.4,11,2.7,0.42,1.8,6.9,13.5,6.8
901,69,299,USMI04,USMI04023,Michigan,4.991396425,1.791276596,32.3067677,571.55,,0.50126,46.3713,,1057.7,0.05,silt loam,0.49993,,,0.62522,0.136,,105.664,,150.446,,212.871,,127.429,,,1.81774,0.46308,44.9565,,2.74371,6.57,8.12138,1.345503659,1.345503659,0.127,,1.93806,7.456087461,22.0632,78,9.5,12.8,3.5,5.9,4.9,18,110,361,0.12,38,77,94,19.4,9,2.3,0.52,2.1,7.2,13,4.7
902,69,299,USMI04,USMI04024,Michigan,4.381906732,1.75009429,33.75767045,541.156,,0.46825,40.7202,,897.255,0.05,loam,0.61111,,,0.51923,0.131,,103.488,,144.291,,180.939,,129.089,,,1.85293,0.40782,39.4511,,2.54446,6.35,7.70232,1.306489758,1.306489758,0.121,,1.58535,6.372133587,17.4348,78,11.5,13.4,4.6,6.9,4.4,18,106,320,0.09,40,80,85,20.5,14,2.5,0.5,2,6.9,12.3,4.3
919,69,304,USMI04,USMI04025,Michigan,6.520126063,2.218979592,91.31014589,538.349,,0.26729,33.2214,,697.786,0.05,sand loam,0.39372,,,0.41135,0.0934,,98.228,,151.958,,127.1,,94.2337,,,1.29882,0.27175,41.4768,,2.0478,6.25,7.70204,1.294911866,1.294911866,0.107,,2.79469,4.94338017,26.099999999999998,105,6.6,11.4,5.9,0.7,5.1,16,98,375,0.06,33,93,75,20.8,9,2.6,1.25,2.3,7.2,9.4,6.4
920,69,304,USMI04,USMI04026,Michigan,7.47794068,2.470096432,61.32482257,573.335,,0.36562,42.5696,,1006.7,0.05,loam,0.52222,,,0.59287,0.1022,,113.308,,197.194,,169.933,,91.9175,,,2.14428,0.36627,51.8268,,2.62832,6.24,7.7054,1.436480839,1.436480839,0.127,,1.97694,6.964557506,60.8304,120,9.5,19.9,7.3,2.2,5.6,26,98,388,0.09,42,114,79,15.2,9,2.5,0.64,2.5,7.2,12.8,8.7
921,69,304,USMI04,USMI04027,Michigan,8.039150418,2.562650919,72.9320445,514.427,,0.51707,43.1092,,1100.64,0.05,silt loam,0.5202,,,0.57616,0.1556,,104.609,,242.984,,154.781,,117.313,,,2.21111,0.3594,53.2703,,4.35744,6.59,8.10218,1.37761092,1.37761092,0.116,,3.33895,7.425691343,69.56519999999999,121,9.7,16.7,7.7,2.1,5.7,22,99,415,0.06,37,128,83,23.2,10,3.1,1.19,2.4,7.2,13.5,8.6
922,69,304,USMI04,USMI04028,Michigan,7.842990171,2.591063944,63.25935955,514.247,,0.4396,37.8465,,968.902,0.05,loam,0.5796,,,0.52441,0.1607,,112.645,,238.503,,145.925,,114.477,,,1.62289,0.31642,80.8848,,2.60314,6.35,9.19988,1.647140424,1.647140424,0.142,,3.3911,6.679154311,23.037599999999998,109,11.5,24.1,9.2,2.3,6.1,30,98,381,0.06,40,117,75,23.7,9,3,1.01,2.4,7.2,13.8,7.2
923,69,305,USMI04,USMI04029,Michigan,6.075741587,2.247249747,37.14311018,786.971,,0.30694,39.2223,,731.826,0.10469,loam,0.39824,,,0.71428,0.26,,145.179,,74.2147,,124.924,,140.206,,,2.52253,0.51151,73.403,,3.34427,5.4,17.20058,1.493618376,1.493618376,0.13,,2.7332,4.901428939,42.9432,78,25.1,15,10.3,14.8,5.3,20,154,321,0.04,33,42,70,19.9,12,3.9,0.73,2.5,7.2,22,3.6
924,69,305,USMI04,USMI04030,Michigan,11.40867219,3.445086677,89.85924314,713.231,,0.40339,61.2911,,966.917,0.13172,silt loam,0.38251,,,0.68535,0.212,,125.541,,200.887,,116.285,,134.935,,,1.63974,0.63743,57.9194,,3.65692,5.62,11.82258,2.485529908,2.485529908,0.207,,4.2328,6.325853242,76.038,114,20.8,7.8,12.3,8.5,4.8,13,118,391,0.04,36,109,65,20.5,11,3.2,1.23,3.7,7.2,18.9,7.1
925,69,305,USMI04,USMI04031,Michigan,7.10435935,2.296315789,32.79040193,822.098,,0.19775,42.7215,,262.65,0.11214,loam,0.3764,,,0.674,0.239,,168.908,,71.8598,,27.8533,,160.474,,,2.04197,0.61974,77.8774,,3.23785,4.45,18.05768,1.745613486,1.745613486,0.148,,2.11319,1.738530343,43.6392,77,21.9,11.7,10.7,11.2,4,16,157,114,0.1,40,46,18,22.1,10,3.2,0.47,2.4,7.2,22.8,4.8
926,69,305,USMI04,USMI04032,Michigan,12.75653201,3.400470016,95.17921984,683.796,,0.47623,63.7827,,995.347,0.13373,sand loam,0.35697,,,0.829,0.129,,114.274,,196.25,,121.769,,163.876,,,3.2187,0.65957,41.1793,,2.97593,5.84,14.5008,2.908217309,2.908217309,0.228046443,,3.68542,6.508677588,72.5928,94,6.8,2.6,4.9,1.9,3.3,6,123,279,0.09,29,56,45,19.4,8,2.3,0.71,3.3,7.2,9,5.3
939,71,309,USMN02,USMN02001,Minnesota,5.337408211,2.921969981,33.56421675,659.644,0.115875,0.585344,50.7821,,2356.45,0.122074,clay loam,0.372886,,,1.67761,0.118,,210.193,,253.674,,522.745,,49.9266,,,9.72976,3.97917,33.0177,,1.62634,4.65,39.45983,1.50534,1.50534,0.14454,,0.955559,16.83123018,28.570799999999995,141,6.4,10.7,2.9,3.5,4.3,15,157,422,0.13,123,56,145,5.4,17,5.5,0.3,3.3,7,11.8,8.5
940,71,309,USMN02,USMN02002,Minnesota,5.564862528,3.060598291,36.94965648,647.067,0.105672,0.5834,50.4928,,2408.63,0.12662,clay loam,0.341311,,,1.64714,0.113,,189.15,,240.903,,551.772,,41.1525,,,10.03456,3.78126,27.976,,1.71827,4.64,40.09913,1.74645,1.74645,0.16511,,0.903243,17.30260143,19.836,159,7.9,14.5,2.7,5.2,5,19,168,448,0.14,116,65,164,4.9,17,5.8,0.3,3.5,6.9,15.2,9.7
941,71,309,USMN02,USMN02003,Minnesota,4.524435852,2.659109896,37.916925,549.778,0.169471,0.740802,51.3146,,3369.54,0.117169,clay loam,0.431376,,,1.82441,0.164,,175.106,,269.995,,569.645,,50.8054,,,10.39856,2.87113,38.3426,,1.82518,5.93,49.57843,1.70955,1.70955,0.15637,,0.942714,22.33224884,15.834,138,4.7,19.5,1.9,2.7,4.3,24,130,696,0.09,75,56,188,4.5,17,4.4,0.25,3.1,7.2,12,7.5
942,71,309,USMN02,USMN02004,Minnesota,6.270383366,3.463126815,41.30236473,516.026,0.203472,0.86166,50.3086,,3277.64,0.177938,clay loam,0.498041,,,2.19444,0.125,,196.442,,291.297,,661.835,,46.4778,,,8.02621,3.23717,34.7056,,2.29589,5.47,49.39643,2.60191089,2.60191089,0.207651324,,1.58765,22.685307,22.272,167,4.2,13.6,2.4,1.8,4.7,18,136,679,0.1,92,67,225,4,19,4.2,0.32,4.1,7.2,12.4,10.5
931,71,307,USMN02,USMN02005,Minnesota,5.437330136,3.021748252,29.6951428,677.344,0.110315,1.02977,49.853,,2526.01,0.136719,clay loam,0.375596,1.61363,,1.77434,0.0908,,201.657,,228.186,,534.428,,48.0615,,,10.25026,4.17218,34.693,,1.68579,4.68,43.79983,1.95407,1.95407,0.17414,,0.950832,17.71329622,9.187199999999999,159,5.1,15.1,2.7,2.4,4.9,20,178,473,0.13,129,57,163,5,16,5.5,0.24,3.5,6.3,12,9.6
932,71,307,USMN02,USMN02006,Minnesota,6.003419214,5.208121048,35.98238802,484.461,0.162412,1.12929,50.2837,,3142.88,0.165023,clay loam,0.580378,,,2.42735,0.0859,,162.308,,274.931,,790.915,,53.909,,,10.30496,3.2938,27.0637,,2.56823,5.32,46.44543,2.17502,2.17502,0.18605,,1.24707,23.05511858,9.8136,192,4.3,12.6,2.5,1.8,5.1,18,131,602,0.09,87,53,252,4,17,5,0.22,3.4,7.2,13.8,12
933,71,307,USMN02,USMN02007,Minnesota,5.100772745,4.791812894,31.14604555,632.018,0.164181,0.687754,48.9305,,2988.07,0.124152,clay loam,0.339014,,,1.73978,0.1214,,184.595,,246.616,,564.002,,38.9633,,,9.74266,2.82257,32.617,,1.65221,5.51,46.89573,2.06701,2.06701,0.18776,,0.895425,20.31507787,10.3008,160,4.8,15.2,2.3,2.6,4.1,19,146,690,0.1,90,63,192,3.2,16,5.3,0.26,3.4,7.2,12.2,9.8
934,71,307,USMN02,USMN02008,Minnesota,6.041306569,5.227076566,34.53148527,507.295,0.175121,0.970697,49.6182,,3461.72,0.154298,clay loam,0.449698,,,2.13269,0.1844,,192.17,,304.679,,651.28,,42.0065,,,11.30216,3.77201,27.1768,,2.17862,5.71,51.86943,2.13614,2.13614,0.18704,,1.19699,23.56630331,17.8524,162,5.2,10.3,2.4,2.8,4.7,15,131,704,0.12,112,70,211,3.4,22,5.4,0.22,3.7,7.2,13.8,11.3
935,71,308,USMN02,USMN02009,Minnesota,6.337131368,5.597653359,48.55687841,592.425,0.16872,0.795742,50.6658,,3216.56,0.129981,clay loam,0.329946,,,1.72083,0.202,,172.117,,275.153,,609.101,,40.2193,,,17.30506,3.23107,47.7177,,1.73727,5.27,51.85403,2.21998,2.21998,0.2106,,1.02841,21.93940694,10.091999999999999,145,7.6,14.5,2.1,5.5,5.3,20,139,608,0.09,103,45,207,3.8,20,6.2,0.22,3.6,7,14.7,9.8
936,71,308,USMN02,USMN02010,Minnesota,5.582099792,5.32872563,31.62967977,666.534,,0.593672,48.172,,2557.64,0.150095,clay loam,0.346212,,,1.71009,0.201,,179.059,,254.581,,487.496,,50.9919,,,12.87446,4.37213,47.5173,,1.65581,4.56,45.36723,2.17378,2.17378,0.19699,,1.0108,17.55944192,13.537199999999999,157,10.7,17.1,2.3,8.4,5.2,22,140,618,0.09,88,56,189,4.4,31,7,0.25,3.9,7,19.5,10.8
937,71,308,USMN02,USMN02011,Minnesota,5.85018331,5.02415677,33.08058252,527.563,0.134235,1.0267,51.515,,3337.22,0.149888,clay loam,0.387902,1.05996,,1.96676,0.136,,182.094,,256.004,,666.557,,42.9331,,,16.58236,2.86827,35.0742,,2.2343,5.62,50.44953,2.20647,2.20647,0.18084,,1.14018,22.9692618,13.745999999999999,141,11.4,11.1,4,7.4,3.9,15,169,441,0.14,108,52,141,6.2,17,5,0.31,3.6,6.9,16.5,9.5
938,71,308,USMN02,USMN02012,Minnesota,5.885234132,5.613806104,40.3350962,573.108,0.175508,0.912595,47.9909,,3075.32,0.146178,clay loam,0.32375,,,1.92038,0.18,,199.793,,289.972,,645.47,,31.745,,,15.23296,2.94248,65.0024,,1.8674,5.29,51.09953,2.47901,2.47901,0.21043,,1.23034,21.56527,29.614799999999995,168,10.9,25.1,2.1,8.8,6.2,31,136,618,0.08,87,61,207,3.3,19,7.7,0.28,4.1,7,22,13
947,72,311,USMN03,USMN03001,Minnesota,4.020677721,3.546360961,39.17437405,266.74,0.22258,1.65424,41.0271,,4008.27,0.13732,loam,0.84875,,,1.91872,0.186,,95.0925,,191.226,,489.4,,108.615,,,5.37911,2.29786,30.3165,,2.10133,6.99,51.97837,2.336336214,2.336336214,0.196,,1.15657,24.63339395,8.7,154,5.9,25.5,3.2,2.7,4.6,30,143,998,0.07,52,45,216,7.1,12,3.7,0.24,3.7,7.2,15.2,11.1
948,72,311,USMN03,USMN03002,Minnesota,4.861682285,3.515819398,29.01805486,678.054,0.13415,0.72584,52.7153,,2667.28,0.12109,clay loam,0.3324,,,1.77144,0.0914,,179.181,,201.154,,522.554,,41.2462,,,8.28685,3.56094,22.5885,,1.64186,5.49,39.31737,2.307607942,2.307607942,0.199,,0.69868,18.24282917,15.5556,155,7.1,9.2,3.4,3.7,4.5,14,214,517,0.13,135,50,165,6.4,17,3.7,0.25,3.4,6.3,14.2,9.7
949,72,311,USMN03,USMN03003,Minnesota,4.748214809,3.349545455,33.37076305,586.345,0.11725,0.68224,48.9041,,2513.05,0.11354,clay loam,0.40562,,,1.57745,0.0778,,195.185,,199.605,,462.854,,45.1104,,,6.6497,3.31485,24.0716,,1.72807,5.56,36.33697,1.946055592,1.946055592,0.173,,0.85004,16.96308885,11.623199999999999,164,6.6,7.6,3.5,3.1,4.5,12,199,506,0.15,146,53,159,5.7,14,3.7,0.25,3.3,6.2,15.1,10.8
950,72,311,USMN03,USMN03004,Minnesota,3.254054822,3.466479543,49.33069323,70.6451,,1.85735,39.908,7742.69,5379.04,0.16078,loam,0.7637,,1.12,2.65438,0.206,30.42,92.2052,264.351,225.799,540.263,500.734,9.6,91.5144,,15.5286,10.439,2.50761,25.489,17.1664,3.10467,7.28,10.207,2.137868649,2.189997722,0.182,0.34,1.25,31.69234214,11.762399999999998,163,6.2,16.3,2.8,3.4,4.3,21,97,1301,0.04,34,49,188,2.9,13,3.6,0.09,3.5,7.2,14,9.9
951,72,312,USMN03,USMN03005,Minnesota,5.25950085,3.787325393,36.27256855,584.321,,0.64436,45.2399,,2732.26,0.13627,clay loam,0.34515,,,1.4994,0.0717,,126.491,,158.37,,453.417,,41.3549,,,6.26704,3.17711,26.9082,,1.52713,5.49,39.63827,2.542782045,2.542782045,0.224,,0.74621,17.87310316,23.4552,191,5.9,7.7,3.8,2.1,4.8,12,201,607,0.1,104,42,163,4.5,16,3.7,0.25,3.9,6.2,15.6,12.3
952,72,312,USMN03,USMN03006,Minnesota,5.211051489,3.692567499,29.98532332,661.502,0.12008,0.57194,46.7578,,2463.93,0.1267,clay loam,0.29543,,,1.55309,0.0702,,144.411,,151.652,,442.974,,34.4957,,,6.62235,3.29592,28.2041,,1.49351,5.3,37.75367,2.398719292,2.398719292,0.21071078,,0.61963,16.42874912,21.227999999999998,178,5.8,7.9,3.7,2.1,4.8,13,213,534,0.12,109,40,152,4.1,15,4.3,0.19,3.6,6.4,13.6,10.1
953,72,312,USMN03,USMN03007,Minnesota,5.758424893,4.040660011,33.37076305,779.61,,0.51539,52.5904,,2204.14,0.15203,clay loam,0.28445,,,1.62795,0.0677,,215.307,,168.59,,454.623,,38.5189,,,6.39528,3.50971,53.645,,1.88984,4.87,36.25487,2.405879959,2.405879959,0.216,,1.07789,15.26932611,23.176799999999997,194,5.2,15.6,3,2.2,5.6,21,233,430,0.12,149,42,145,5.4,12,4.5,0.26,4,5.7,14.2,10.6
954,72,312,USMN03,USMN03008,Minnesota,6.139851668,4.200851064,39.65800827,745.021,0.12379,0.57113,54.1369,,2386.49,0.15276,clay loam,0.28888,,,1.70274,0.0696,,216.559,,165.904,,503.339,,39.0494,,,6.54101,3.42246,52.7939,,2.14732,4.92,37.15267,2.853348117,2.853348117,0.254,,1.18142,16.58078774,19.6968,214,5.9,13,3.8,2.1,6.3,19,233,434,0.11,168,41,151,5.2,14,4.4,0.27,4,5.9,15.9,12.5
955,72,313,USMN03,USMN03009,Minnesota,5.582598674,3.809800995,38.20710552,629.225,0.17271,0.73124,45.1689,,2663.47,0.14779,clay loam,0.42967,,,1.6379,0.0766,,162.066,,172.644,,464.126,,52.6307,,,6.65061,3.50563,34.6661,,1.61078,5.43,39.01547,2.22,2.22,0.21,,0.83175,17.656663,22.7592,195,6.1,11.7,3.6,2.5,5.1,17,221,550,0.11,123,45,158,5.4,12,3.9,0.26,3.7,6.2,16.4,12.5
956,72,313,USMN03,USMN03010,Minnesota,5.985881097,4.219877751,44.49435075,693.401,,0.64188,47.5964,,2451.61,0.14784,clay loam,0.44082,,,1.70205,0.0718,,213.945,,157.704,,489.128,,43.0012,,,7.01124,3.22028,38.6984,,1.93987,5.22,10.54248,2.424520894,2.424520894,0.212,,1.00435,16.76897558,25.786799999999996,206,6.4,11.9,3.6,2.8,5.3,17,228,522,0.14,152,46,167,5.5,13,4.1,0.28,4.1,6.2,15.6,11.7
957,72,313,USMN03,USMN03011,Minnesota,5.877391168,4.017925311,44.01071652,752.036,,0.55127,52.4361,,2220.39,0.12861,loam,0.4024,,,1.42127,0.0732,,238.261,,141.392,,461.203,,46.045,,,6.75828,2.95915,42.3125,,2.2124,4.97,10.69528,2.330075944,2.330075944,0.208,,0.9096,15.33724646,23.4552,163,7.7,15.5,4.3,3.4,6.4,22,241,455,0.14,162,44,149,6.9,14,4.4,0.27,3.8,5.9,14.9,10
958,72,313,USMN03,USMN03012,Minnesota,6.402856315,3.936256763,33.85439727,637.082,,0.5701,46.5088,,2453.23,0.15673,clay loam,0.34196,,,1.67395,0.076,,191.338,,158.622,,474.495,,41.7281,,,6.03574,3.48293,36.6111,,1.94202,5.08,9.70888,2.439906206,2.439906206,0.216,,1.10497,16.65324874,26.97,223,7.5,13.2,4.4,3.1,5.7,19,227,508,0.16,151,49,156,6.4,12,4.4,0.29,4.1,6.1,19.3,14.7
943,72,310,USMN03,USMN03013,Minnesota,5.974727814,4.081838306,37.7234713,657.579,,0.5578,41.0327,,2339.95,0.168,loam,0.36761,,,1.60206,0.1184,,187.848,,145.317,,460.422,,49.2523,,,5.94908,3.43378,50.2841,,1.73132,5.01,12.95128,2.526041407,2.526041407,0.226,,0.95919,15.93508303,19.174799999999998,206,10.8,13.1,3.9,6.9,6.1,19,232,513,0.14,138,47,157,6.5,16,6.8,0.25,4,5.8,21.8,13
944,72,310,USMN03,USMN03014,Minnesota,6.497002702,4.039153226,44.01071652,655.802,,0.594,45.8484,,2413.12,0.1438,loam,0.37085,,,1.66001,0.0756,,195.939,,140.893,,490.312,,45.8466,,,6.71362,3.50674,37.387,,1.84147,5.06,10.67058,2.319048514,2.319048514,0.205,,0.91524,16.5419958,26.482799999999997,220,6.4,9,3.7,2.8,5.6,15,215,468,0.13,158,43,156,7,13,4.4,0.27,4.1,5.9,18.4,14.7
945,72,310,USMN03,USMN03015,Minnesota,4.858356291,3.338215892,33.37076305,493.828,,0.75535,42.2695,,2568.34,0.05,loam,0.3747,,,1.36504,0.0726,,133.541,,186.85,,473.139,,41.4514,,,5.09926,2.53818,21.1714,,1.72163,5.65,6.27133,1.986721756,1.986721756,0.176,,0.77349,17.2858005,17.921999999999997,182,5.5,7.7,3.2,2.2,4.5,12,180,618,0.11,106,56,175,4.8,13,3.5,0.25,3.4,6.5,15.1,11.9
946,72,310,USMN03,USMN03016,Minnesota,6.150718497,3.982962963,36.27256855,694.644,,0.6278,52.1373,,2434.3,0.1419,clay loam,0.31959,,,1.64351,0.0701,,216.209,,136.296,,498.835,,38.3957,,,7.43272,3.2118,30.9614,,2.17421,4.94,10.46858,2.339947641,2.339947641,0.211,,0.93377,16.71026291,25.090799999999998,207,7,8.6,4.2,2.7,5.5,14,201,503,0.11,136,42,155,5.5,13,4.6,0.27,4,6,16.2,12.5
967,73,316,USMN04,USMN04001,Minnesota,7.42783546,4.217916667,45.65507291,428.003,,0.99871,44.2913,,4432.47,0.13385,clay loam,0.40548,,,2.02391,0.152,,99.446,,255.024,,706.622,,46.6818,,,11.5417,2.88304,31.985,,2.18526,6.57,8.62086,2.956462538,2.956462538,0.220541291,,1.25,28.75495593,40.47239999999999,199,7.1,18.1,3.2,3.9,4.6,23,134,833,0.08,43,58,225,4,12,4.5,0.33,4.6,7.2,18.1,12.6
968,73,316,USMN04,USMN04002,Minnesota,6.621410166,2.867050428,36.94965648,462.135,,0.85932,48.3821,,3955.74,0.10775,clay loam,0.48391,,,2.24665,0.135,,149.604,,284.676,,735.608,,58.8425,,,11.397,2.67288,48.0799,,2.82087,6.73,8.55701,2.568312059,2.568312059,0.194410264,,2.90561,26.68825749,33.059999999999995,203,8,26.8,5.4,2.6,4.5,31,141,752,0.11,70,63,232,5,13,3.7,0.54,4.4,7.2,18.2,13.7
969,73,316,USMN04,USMN04003,Minnesota,7.632951284,3.580483871,48.07324418,402.192,,0.94953,44.219,,4468.96,0.14062,clay loam,0.35255,,,2.13982,0.177,,119.162,,251.325,,698.371,,42.0957,,,15.4475,3.08035,28.0641,,2.448,6.51,11.808,3.146303727,3.146303727,0.211275761,,1.25,28.87614476,52.8612,240,7.7,12.4,3.9,3.7,5.2,18,125,875,0.09,59,54,233,3.7,13,6.5,0.35,5.6,7.2,21.9,16.3
970,73,316,USMN04,USMN04004,Minnesota,5.084945841,3.00387873,34.04785098,487.904,,0.8586,53.4084,,3542.93,0.05,loam,0.43131,,,1.95073,0.0817,,180.349,,242.201,,680.295,,55.3732,,,11.8377,3.09057,41.3028,,2.38156,6.55,8.59129,2.306961734,2.306961734,0.170062878,,2.92306,24.05627175,36.922799999999995,197,6.8,16.2,4.9,1.8,5.4,22,141,739,0.12,84,53,224,5.6,11,3.6,0.6,4.7,7.2,16,12.1
959,73,314,USMN04,USMN04005,Minnesota,5.417572098,3.14883959,38.88419345,486.506,,0.77238,45.5864,,3521.35,0.05,clay loam,0.40119,,,1.82767,0.1041,,149.2,,253.276,,695.005,,44.0948,,,12.2608,2.49905,51.4208,,2.05268,6.45,9.1209,2.380772074,2.380772074,0.18461902,,2.5459,24.10119216,46.2144,219,8.7,28,4.9,3.8,6.3,34,147,697,0.11,78,56,226,4,11,4,0.53,4.7,7.2,21.7,15.2
960,73,314,USMN04,USMN04006,Minnesota,5.489353842,3.132445415,37.916925,455.085,,0.76629,45.789,,3281.01,0.05,loam,0.31451,,,1.80343,0.0853,,225.436,,241.395,,603.305,,35.6203,,,9.68199,2.8041,58.9204,,2.57275,6.51,9.0039,2.684781374,2.684781374,0.195477259,,3.17267,22.09364912,47.7804,214,8,28.3,5,3,6.2,35,137,717,0.13,111,60,210,4.6,10,4.1,0.7,4.4,7.2,18.3,13.1
961,73,314,USMN04,USMN04007,Minnesota,5.538310979,3.479285367,44.20417023,477.337,,0.80284,45.2537,,3865.32,0.10651,clay loam,0.40754,,,2.12977,0.0813,,125.787,,249.43,,662.02,,43.9797,,,14.4574,3.41976,21.5077,,2.07262,6.27,9.17788,2.795705964,2.795705964,0.214844022,,1.25,25.54585623,39.358799999999995,204,7.4,14.1,4.2,3.3,4.9,19,148,736,0.1,74,54,203,3.9,12,4,0.45,4.9,7.2,17.6,12.8
962,73,314,USMN04,USMN04008,Minnesota,5.346042771,3.321938727,42.75326748,463.396,,0.8258,42.8745,,3690.93,0.10095,clay loam,0.32293,,,1.95219,0.0824,,131.972,,251.688,,701.816,,42.8816,,,11.2293,2.84915,25.8611,,1.96281,6.56,8.4543,3.144859362,3.144859362,0.238201177,,1.25,24.99729383,38.349599999999995,219,7,9.1,5.1,2,4.9,14,140,777,0.09,71,55,230,4,11,3.9,0.49,5,7.2,18.1,13.6
963,73,315,USMN04,USMN04009,Minnesota,5.743527243,3.401913852,40.3350962,458.757,,0.83932,44.7915,,3768.29,0.05,clay loam,0.29626,,,1.96956,0.1591,,139.523,,260.302,,712.402,,35.3118,,,12.811,2.5819,57.0559,,2.20911,6.18,9.95529,2.809169013,2.809169013,0.217481479,,1.25,25.50127502,46.2144,210,19.5,37.3,5.9,13.7,6,43,145,766,0.12,78,65,230,3.9,11,4.7,0.51,5.1,7.2,30.7,13.8
964,73,315,USMN04,USMN04010,Minnesota,4.780280003,2.554458834,39.85146198,432.185,,0.87451,40.2997,,3472.47,0.05,loam,0.3638,,,1.66511,0.1166,,114.81,,197.142,,524.107,,53.0501,,,13.9114,2.25768,32.7439,,1.77806,6.89,8.65185,2.106998349,2.106998349,0.163857459,,1.25,22.29588512,28.188,189,10.4,17.8,5.5,4.8,4.1,22,147,822,0.11,66,51,188,5.1,13,4,0.49,3.6,7.2,21.5,14.1
965,73,315,USMN04,USMN04011,Minnesota,5.758427575,3.468113208,40.3350962,348.15,,1.2586,39.9872,,4374.22,0.13709,clay loam,0.34587,,,2.00801,0.1462,,74.6525,,243.491,,713.797,,51.9235,,,12.3066,2.28097,43.2738,,2.57817,6.34,9.0021,3.190616,3.190616,0.238194074,,1.25,28.49725164,52.9308,222,14.3,28.1,4.1,10.3,5.4,34,113,786,0.05,39,61,219,3.4,11,4.5,0.31,5.3,7.2,29.3,16.3
966,73,315,USMN04,USMN04012,Minnesota,4.391413895,2.483717694,37.4332907,432.389,,0.79976,44.6058,,3689.09,0.05,clay loam,0.5089,,,2.0303,0.144,,113.799,,219.785,,654.906,,69.0201,,,13.0466,2.29021,45.7665,,2.00753,6.93,8.30797,2.126842509,2.126842509,0.168848658,,1.25,24.52327575,38.7324,194,12.1,27.1,4.8,7.4,4,31,145,806,0.1,64,56,224,5.1,12,4,0.47,3.9,7.2,23,11.9
989,74,319,USMO01,USMO01001,Missouri,4.276264122,2.38,37.82019811,466.063,0.131455,0.333337,59.0537,,2183.74,0.05,silt loam,0.876429,,,1.27493,0.0806,,122.795,,108.938,,180.708,,119.363,,,11.02466,0.793411,27.9901,,2.35293,6.19,33.37143,1.08675,1.08675,0.11324,,3.03617,12.75186216,7.5168,88,1.2,9.4,0.1,1.1,3.3,13,101,667,0.09,42,24,80,6.6,16,2.2,0.69,2.8,7.2,9.6,8.4
990,74,319,USMO01,USMO01002,Missouri,3.939082637,3.1,34.91839268,734.948,0.146581,0.293947,94.345,,2937.39,0.05,silt loam,0.624044,,,1.41268,0.0673,,117.98,,213.278,,397.974,,61.2256,,,35.90056,0.905293,22.0945,,2.38809,5.67,43.70263,1.42718,1.42718,0.15617,,2.03562,18.7063582,9.744,121,1.3,5.7,0.1,1.2,2.6,8,138,531,0.09,57,29,103,2.4,28,2,0.37,3.5,7.2,10.2,9
991,74,319,USMO01,USMO01003,Missouri,3.863804349,2.65,30.56568443,492.422,0.136912,1.139375,76.9553,,2514.66,0.05,silt loam,0.880499,,,1.54651,0.0694,,165.628,,150.265,,219.229,,106.57,,,10.74414,0.719115,30.5284,,3.2516,5.86,37.48928,1.13968,1.13968,0.13322,,3.18893,14.83221824,7.9344,95,1.3,12.6,0.1,1.2,3.2,16,112,642,0.1,65,28,84,4.2,14,1.9,0.58,3.2,7.2,8.9,7.6
992,74,319,USMO01,USMO01004,Missouri,4.102278477,2.46,29.11478168,541.062,,0.588865,65.8164,,1798.24,0.05,silt loam,0.897271,7.42277,,0.96267,0.0602,,117.25,,121.144,,231.558,,107.922,,,24.83116,0.766506,18.5143,,2.04171,5.39,29.72263,1.05696,1.05696,0.11183,,2.11608,11.33944128,10.962,100,0.9,3.8,0.1,0.8,2.4,6,102,407,0.08,59,24,76,9.2,19,2,0.45,3.2,6.8,8.5,7.8
993,74,319,USMO01,USMO01005,Missouri,3.018012318,3.77,22.82753645,844.319,0.163651,0.356185,12.954,,3711.4,0.05,silty clay,0.441222,3.47362,,1.67402,0.0857,,114.698,,326.48,,610.918,,39.6921,,,81.33236,0.618884,23.9444,,1.83405,5.44,51.92843,1.20217,1.20217,0.12655,,1.0605,24.83873413,17.6088,153,2.4,4.8,0.1,2.3,2.8,8,175,469,0.13,63,37,118,1.2,61,2.6,0.16,4,7.2,14.5,12
994,74,319,USMO01,USMO01006,Missouri,3.595352455,2.93,35.40202691,605.301,0.183281,0.487762,76.8917,,3270.81,0.05,silt loam,0.887034,2.07808,,1.82276,0.1272,,150.402,,228.547,,362.639,,86.8868,,,28.95826,0.603881,43.233,,2.62105,6.43,45.49383,1.2827,1.2827,0.11733,,3.05772,20.08796547,8.5956,113,1.9,19.6,0.1,1.8,3.1,23,151,776,0.11,69,37,121,2.1,27,2.3,0.51,3.6,7.2,12.9,10.7
995,74,319,USMO01,USMO01007,Missouri,3.765386832,2.06,35.88566114,452.415,0.114604,0.358488,47.0606,,2114.19,0.05,silt loam,1.14016,1.68545,,1.03518,0.0961,,118.11,,129.883,,195.995,,121.493,,,12.09656,0.594033,29.925,,2.37147,6.23,32.98883,0.97596,0.97596,0.0985,,2.07508,12.58986933,6.3336,81,0.9,6.6,0.1,0.8,2.5,9,115,824,0.04,40,19,87,5.2,17,1.8,0.27,2.5,7.2,7.5,6.6
996,74,319,USMO01,USMO01008,Missouri,4.064328272,3.11,42.65654059,641.898,0.14907,0.54526,81.7897,,2722.06,0.05,silt loam,1.13097,1.18785,,1.40457,0.0962,,131.698,,181.744,,383.099,,104.104,,,40.19761,0.72666,34.4013,,2.60174,5.84,41.28771,0.91095,0.91095,0.12263,,2.06407,17.44357559,9.0132,110,1.7,12.4,0.1,1.6,3,15,124,606,0.07,52,32,112,3.1,28,2.1,0.42,3.6,7.2,9.6,7.6
997,74,319,USMO01,USMO01009,Missouri,4.10465254,2.95,38.78746664,457.986,0.12372,0.45106,62.9767,,2466.66,0.05,silt loam,1.33882,,,1.52548,0.104,,150.86,,120.261,,229.878,,133.113,,,11.85901,0.72662,33.0976,,3.10732,6.61,38.07171,1.383,1.383,0.126,,2.32374,14.6088727,6.7164,87,1.7,13.3,0.5,1.1,2.5,16,110,673,0.07,55,23,91,4.2,15,1.8,0.42,3.3,7.2,7.8,6.5
971,74,317,USMO01,USMO01010,Missouri,5.596398279,4.26,84.73272014,586.515,0.16363,0.44721,73.6226,,2757.08,0.05,silt loam,0.64187,,,1.94865,0.138,,181.412,,141.089,,306.036,,115.157,,,17.74551,0.7848,25.9391,,2.70559,6.26,45.70451,2.354,2.354,0.182,,2.92668,16.77462161,59.9952,165,1.2,6.4,0.5,0.8,3.2,10,117,666,0.08,64,26,112,4.9,17,3,0.57,4.8,7.2,13.3,12.4
972,74,317,USMO01,USMO01011,Missouri,4.843573196,4.58,66.83825298,762.538,0.22969,0.4036,118.231,,4246.79,0.05,silty clay,0.24018,,,2.34705,0.169,,164.128,,298.65,,621.699,,18.5907,,,70.10521,0.61224,27.3292,,2.33597,6.36,61.57051,1.898,1.898,0.173,,2.21343,27.48534993,104.50439999999999,265,0.6,9.8,0.1,0.5,3.9,14,173,777,0.15,87,41,158,1.9,42,4,0.47,3.6,7.2,20.7,20.2
973,74,317,USMO01,USMO01012,Missouri,5.982080841,3.85,79.89637766,504.216,0.16476,0.51819,78.4908,,2902.41,0.05,silt loam,0.67098,,,2.22929,0.135,,229.254,,123.325,,261.371,,84.8117,,,16.78841,0.81411,28.5115,,3.27286,6.37,46.66201,2.281,2.281,0.173,,3.61349,17.07935313,72.3492,159,1.1,8.5,0.3,0.8,3.6,12,107,752,0.09,77,23,97,2.9,18,3,0.64,3.2,7.2,12.5,11.7
974,74,317,USMO01,USMO01013,Missouri,4.142672476,3.13,57.64920225,577.173,0.13349,0.38118,57.6811,,2409.81,0.05,silt loam,0.81623,,,1.37298,0.118,,159.591,,115.528,,267.996,,99.9181,,,34.64091,0.58922,20.3231,,2.14448,6.45,38.44671,1.429624804,1.429624804,0.159492576,,1.78687,14.72918865,61.80479999999999,149,2.3,7.7,1.4,0.9,3,11,122,637,0.07,71,36,100,6,26,2.7,0.47,3.2,7.2,12.1,10.8
975,74,317,USMO01,USMO01014,Missouri,4.64549842,4.73,56.1982995,781.639,0.16653,0.47414,11.938,,4045.06,0.05,silty clay,0.31961,,,1.75201,0.168,,156.208,,292.308,,648.564,,27.9837,,,71.00511,0.55075,14.8148,,1.98661,6.09,60.43261,2.032659578,2.032659578,0.211751849,,1.59639,26.68822637,100.746,270,0.7,3.1,0.1,0.6,3.1,6,180,576,0.14,88,42,145,3.1,48,4.5,0.29,3.7,7.2,21.7,21.2
976,74,317,USMO01,USMO01015,Missouri,4.90508141,3.84,68.28915573,681.184,0.15945,0.48803,87.1879,,3477.7,0.05,silty clay loam,0.73052,,,1.91936,0.1428,,169.558,,176.439,,369.486,,69.7562,,,30.72241,0.58049,17.4485,,2.59375,6.44,52.41221,1.55701,1.55701,0.14635,,2.01915,21.05353375,47.4672,194,0.8,4.6,0.3,0.5,2.4,7,140,736,0.11,81,23,111,6.4,25,3,0.38,3.4,7.2,14.4,13.8
977,74,317,USMO01,USMO01016,Missouri,4.721087928,2.68,60.55100775,493.719,0.16013,0.43597,52.8891,,2415.68,0.05,silt loam,1.07487,,,1.25482,0.1319,,162.753,,71.5134,,178.778,,135.541,,,20.97491,0.59684,19.822,,2.51343,6.55,38.48051,1.87234,1.87234,0.17213,,2.17132,13.8427799,34.5564,140,3,6.9,2.1,1,3.2,10,132,786,0.17,84,18,82,17.9,17,3.4,0.68,3.4,7.2,12.2,11.6
978,74,317,USMO01,USMO01017,Missouri,5.370953522,3.65,67.80552143,627.501,0.1647,0.48364,69.2757,,2974.15,0.05,silt loam,0.89946,,,1.50245,0.1394,,144.991,,139.531,,342.228,,86.3316,,,34.14971,0.61786,18.1498,,2.37333,6.36,47.54601,1.3679,1.3679,0.14048,,2.30247,18.22889923,44.3352,190,1.8,5.1,0.8,1,3.3,8,161,769,0.15,74,27,124,8,25,6,0.61,4.2,7.2,16.2,15.8
979,74,317,USMO01,USMO01018,Missouri,5.667839395,3.33,65.87098445,459.389,0.16281,0.60036,68.0417,,2458.76,0.05,silt loam,0.7762,,,1.72695,0.1255,,229.603,,95.8432,,209.322,,141.158,,,16.85071,0.81748,26.4119,,3.06182,6.31,41.50511,1.91154,1.91154,0.17556,,3.44523,14.35716624,40.22879999999999,154,3.6,9.4,1.5,2.1,3.8,13,118,752,0.19,111,24,94,15.1,18,4.6,1.26,4.1,7.2,14.8,12.6
998,74,320,USMO01,USMO01019,Missouri,3.858849251,3.28,31.04931866,651.958,0.16636,0.36293,79.5572,,3182.31,0.05,silty clay loam,0.89896,,,1.67985,0.106,,114.552,,162.95,,390.562,,91.441,,,45.62091,0.91452,24.8857,,2.23679,6.48,48.33231,1.520288738,1.520288738,0.159842997,,2.09073,19.78240596,15.0336,140,2.2,14.1,0.3,1.9,2.8,17,179,719,0.18,65,26,124,5.9,33,3.5,0.45,3.7,7.2,13.9,12
999,74,320,USMO01,USMO01020,Missouri,4.358467683,3.01,34.43475839,528.614,0.15324,0.38642,77.4789,,2990.9,0.05,silt loam,1.07152,,,1.82769,0.13,,130.187,,122.348,,278.659,,124.019,,,21.18171,1.00458,30.7973,,3.0481,6.56,45.82881,1.54885122,1.54885122,0.153651188,,3.31648,17.68246582,10.196399999999999,101,2.7,10.8,0.4,2.3,2.9,14,153,696,0.19,64,21,95,9.1,21,3.3,0.74,3.3,7.2,9.5,7.2
1000,74,320,USMO01,USMO01021,Missouri,4.355990953,2.68,32.98385564,501.311,0.15053,0.46592,68.9567,,2978.3,0.05,silt loam,1.04267,,,1.93632,0.119,,161.185,,124.161,,246.65,,92.6167,,,20.21885,0.76894,36.3224,,3.26832,6.33,44.68784,1.544814468,1.544814468,0.161720257,,2.9786,17.35318672,12.5976,121,2.7,29.5,1.1,1.6,3.3,33,140,815,0.23,82,29,103,8.1,16,3.6,0.88,3.6,7.2,11.3,9.8
1001,74,320,USMO01,USMO01022,Missouri,4.026589074,2.94,34.91839268,484.105,0.17349,0.42673,46.7046,,2748.96,0.05,silt loam,1.00384,,,1.37577,0.13,,125.105,,124.774,,250.642,,155.913,,,15.61815,0.83312,34.6671,,1.80437,6.34,41.19984,1.504819434,1.504819434,0.151169917,,6.41105,16.22132212,9.1176,114,2,19.6,0.6,1.4,2.6,22,140,777,0.19,70,25,102,18.9,16,2.9,2.03,3.5,7.2,9.9,8.4
1002,74,320,USMO01,USMO01023,Missouri,3.63558777,3.16,33.95112416,653.135,0.14805,0.35797,69.7383,,3089.3,0.05,silty clay loam,0.80861,,,1.33596,0.12,,103.369,,166.967,,361.55,,75.0713,,,32.87925,0.64302,27.5662,,1.98682,6.22,45.82924,1.528673561,1.528673561,0.16271466,,1.8152,19.03049104,9.6048,116,1.4,10.2,0.1,1.3,2.6,13,137,706,0.07,50,25,117,2.7,25,1.8,0.38,2.8,7.2,10.9,9.5
1003,74,320,USMO01,USMO01024,Missouri,3.44506847,2.94,31.04931866,554.39,0.16373,0.43473,65.0536,,2991.97,0.05,silt loam,1.03844,,,1.62112,0.131,,131.638,,138.17,,290.505,,97.3209,,,30.11905,0.66217,27.684,,2.38774,6.38,44.07714,1.435334926,1.435334926,0.157536422,,1.86114,17.86595986,5.289599999999999,107,2.2,11.8,0.1,2.1,2.2,14,133,764,0.07,56,21,103,2.5,27,1.8,0.32,2.5,7.2,10.5,8.4
1004,74,320,USMO01,USMO01025,Missouri,4.103175672,2.86,29.59841591,516.787,0.14853,0.37167,52.2372,,2450.81,0.05,silt loam,0.94631,,,1.17526,0.106,,126.388,,105.054,,259.199,,89.4195,,,31.05135,0.63132,40.289,,2.39892,6.19,38.29004,1.279504877,1.279504877,0.140411338,,3.64132,14.81841741,6.2988,95,1.5,25.3,0.1,1.4,2.2,28,115,696,0.04,54,19,105,3.5,27,2.1,1.14,2.5,7.2,8.8,7.6
1005,74,320,USMO01,USMO01026,Missouri,3.342052544,3.73,21.3766337,795.936,0.18284,0.75477,107.722,,3711.41,0.05,silty clay,0.67059,,,1.6701,0.111,,114.767,,251.636,,575.127,,56.2289,,,80.83165,0.6716,26.1667,,2.03721,6.02,52.85184,1.151435557,1.151435557,0.134043247,,1.31439,24.34643842,10.787999999999998,160,2.2,6.1,0.1,2.1,2.4,8,179,557,0.11,66,30,136,1.4,62,2.3,0.23,2.7,7.2,14.3,12
1006,74,320,USMO01,USMO01027,Missouri,3.945373767,2.73,32.01658718,443.45,0.19787,0.67302,53.48,,2826.13,0.05,silt loam,0.95306,,,1.52925,0.135,,152.609,,111.056,,230.915,,108.152,,,12.48195,0.6306,45.039,,2.68138,6.55,42.26154,1.612654951,1.612654951,0.175575645,,2.68335,16.39397027,13.8852,96,1.2,33.5,0.1,1.1,1.3,35,100,900,0.07,58,24,106,3.4,15,2,0.54,2.6,7.2,8.1,6.6
980,74,318,USMO01,USMO01028,Missouri,4.782046924,4.14,40.23836939,777.446,0.16921,0.40299,96.5855,,3467.46,0.05,silty clay loam,0.6933,,,1.55523,0.11,,116.67,,208.218,,504.745,,64.5541,,,59.21075,0.72467,16.4953,,2.00285,6.11,51.84904,1.764510399,1.764510399,0.174066218,,1.60776,22.33483946,20.0796,148,1.5,3.2,0.1,1.4,1.9,5,175,595,0.1,67,27,132,1.5,52,2.8,0.25,4,7.2,11.6,10.3
981,74,318,USMO01,USMO01029,Missouri,3.977334203,3.01,34.62821209,565.399,0.10445,0.34643,50.4781,,2108.82,0.05,silt loam,0.89312,,,1.07159,0.0906,,117.668,,81.667,,194.02,,157.71,,,19.18165,0.74575,14.9622,,1.83815,6.06,35.51594,1.457335173,1.457335173,0.151374403,,1.89011,12.45373525,8.4912,102,1.9,4.7,0.1,1.8,2.3,7,105,629,0.02,45,21,87,6.6,19,2.3,0.36,4,7.2,8.9,7.4
982,74,318,USMO01,USMO01030,Missouri,3.737551547,2.55,37.04638336,535.213,0.15166,0.45559,61.5575,,2789.88,0.05,silt loam,0.99865,,,1.66913,0.1121,,150.769,,103.353,,211.752,,98.3574,,,23.10325,0.59848,17.3214,,2.70922,6.47,42.39894,1.369557521,1.369557521,0.14102442,,1.87545,16.07945694,7.656,111,1.2,10.5,0.1,1.1,2.3,13,127,787,0.09,64,18,87,3.1,25,2.6,0.35,3.3,7.2,9.2,7.9
983,74,318,USMO01,USMO01031,Missouri,3.918367067,2.61,33.66094364,524.505,0.12036,0.29792,55.9622,,1948.77,0.05,silt loam,0.84932,,,0.91311,0.0824,,112.242,,72.4686,,205.941,,94.7556,,,27.05035,0.60778,16.411,,1.90903,6.11,31.96414,1.220226395,1.220226395,0.13530992,,2.11179,11.76345292,8.9088,84,1,4.7,0.2,0.8,2.1,7,116,541,0.04,52,16,83,4.1,26,1.9,0.44,3.1,7.2,7.2,6.2
984,74,318,USMO01,USMO01032,Missouri,3.884043412,4.29,31.72640659,818.285,0.14013,0.44327,115.306,,3745.24,0.05,silty clay,0.31638,,,1.53727,0.11,,110.681,,250.95,,584.099,,26.5982,,,72.95355,0.50482,14.3715,,1.79454,5.75,55.45974,1.443191325,1.443191325,0.154755222,,1.24212,24.55434433,26.622,177,2.9,3,0.1,2.8,2.3,5,185,565,0.11,70,30,131,1.4,53,3.4,0.26,4.5,7.2,16.6,13.9
985,74,318,USMO01,USMO01033,Missouri,3.722956237,3.11,31.72640659,601.286,0.1601,0.523,81.9949,,3203.55,0.05,silt loam,0.75781,,,1.64491,0.134,,152.468,,157.256,,362.677,,67.234,,,24.80395,0.60307,23.7084,,2.52353,6.38,47.73704,1.383817255,1.383817255,0.148388208,,1.88229,19.55112252,3.6191999999999998,124,2.5,10.2,0.1,2.4,2.8,13,143,761,0.09,68,24,122,1.9,24,2.5,0.31,3.8,7.2,13,10.7
986,74,318,USMO01,USMO01034,Missouri,3.808233158,2.55,45.7517998,439.602,0.12334,0.42555,46.8093,,2211.12,0.05,silt loam,0.99666,,,1.13548,0.113,,121.878,,74.3265,,187.617,,106.389,,,19.19145,0.5723,25.6465,,2.29421,6.52,35.53154,1.396063178,1.396063178,0.140814763,,2.59426,12.89309716,12.005999999999998,108,1.7,15.4,0.1,1.6,2.7,18,101,771,0.04,46,20,93,5.6,23,3.1,0.61,3.4,7.2,10.8,9.1
987,74,318,USMO01,USMO01035,Missouri,4.011805976,3.54,30.75913814,771.956,0.13686,0.41155,86.0828,,3126.48,0.05,silty clay loam,0.70914,,,1.36532,0.1,,111.311,,184.971,,445.368,,56.4965,,,55.26775,0.62082,14.1175,,2.02064,6.08,48.36704,1.446262586,1.446262586,0.148520661,,1.81471,20.05838001,11.5536,124,2.2,3.4,0.1,2.1,1.9,5,146,574,0.09,59,23,114,1.9,38,2.4,0.32,3.9,7.2,12.1,9.8
988,74,318,USMO01,USMO01036,Missouri,4.482673941,2.9,45.7517998,470.5,0.14593,0.50379,57.2907,,2642.33,0.05,silt loam,0.99486,,,1.47423,0.143,,141.994,,96.4686,,208.867,,105.143,,,14.44305,0.58611,17.3649,,2.7177,6.6,40.88914,1.460054193,1.460054193,0.14380492,,2.92636,15.26235984,4.8372,94,1.2,6.6,0.1,1.1,2.1,9,102,761,0.05,46,15,86,3.4,15,1.9,0.47,3.5,7.2,8,6.7
1020,75,334,USMO02,USMO02001,Missouri,5.589831511,3.2,36.56274907,612.321,0.13911,0.58366,72.3101,,2584.58,0.12258,silt loam,0.55429,,,5.07555,0.141,,184.308,,236.206,,282.663,,52.8488,,,14.00765,0.78953,37.6702,,4.72773,5.62,44.12364,1.644057125,1.644057125,0.17482135,,3.25492,15.94498664,14.720399999999998,155,6.7,23.7,2,4.7,4,28,201,510,0.84,115,113,85,7.8,16,4.7,1.03,2.3,6.8,17.2,11.5
1014,75,328,USMO02,USMO02002,Missouri,5.119519323,2.54,31.72640659,688.752,0.12671,0.51596,80.0973,,1964.28,0.19083,silt loam,0.76007,,,1.84377,0.0773,,213.149,,226.115,,205.174,,75.4467,,,6.0231,0.97169,48.2674,,5.08101,4.78,36.97224,1.257905589,1.257905589,0.128558708,,3.60332,12.13716937,28.744799999999994,155,3.8,22.8,3.5,0.3,4.6,27,240,401,0.44,157,102,72,8.7,13,5.9,0.88,2.3,6.6,13.9,13.2
1015,75,329,USMO02,USMO02003,Missouri,7.311954788,2.97,45.26816557,651.972,0.14983,0.51087,60.3526,,1950.93,0.21413,silt loam,0.58288,,,1.4801,0.1,,219.085,,230.633,,173.778,,60.8157,,,3.93551,0.83689,118.26,,6.21606,4.93,38.66014,1.985621391,1.985621391,0.195836371,,5.96553,11.81128933,57.907199999999996,203,3.2,35.1,2.7,0.5,6.1,41,186,401,0.24,133,107,63,9,11,5.6,1.25,3.5,6.3,15.5,15
1022,75,336,USMO02,USMO02004,Missouri,4.377135041,2.39,23.02099016,755.983,0.108,0.39794,88.3286,,1473.71,0.1341,silt loam,0.7692,,,1.38797,0.0811,,189.688,,190.737,,311.773,,80.4988,,,18.25575,0.89894,16.6711,,4.80476,4.61,33.18194,1.467306591,1.467306591,0.135472347,,2.4142,10.53512494,30.0672,110,6.4,3.9,1.7,4.7,3.1,7,199,243,0.47,140,63,75,6.4,19,5.9,0.57,2.8,6.4,11.3,7.3
1021,75,335,USMO02,USMO02005,Missouri,6.501070286,3.54,57.84265595,488.138,0.24693,0.87318,65.0925,,2689.99,0.16056,silt loam,0.43419,,,2.71521,0.179,,229.28,,507.671,,372.289,,54.0656,,,9.31735,0.70482,105.808,,6.23037,6.39,45.70324,2.338118759,2.338118759,0.204557853,,8.60464,17.89458947,45.5532,172,7.5,52.9,1.8,5.8,5,58,145,698,0.43,119,179,140,4.5,13,6.4,2.19,3.9,7.2,18.6,13.5
1017,75,331,USMO02,USMO02006,Missouri,2.929970249,2.13,14.79920795,771.482,0.1393,0.3971,101.891,,1899.33,0.10894,silt loam,1.21118,,,1.61162,0.0516,,152.879,,187.392,,393.216,,95.4356,,,31.67695,1.06825,12.7969,,3.6238,5.1,35.20394,0.890447216,0.890447216,0.082380753,,1.88926,13.39167612,6.8904,85,4.9,4.8,2.7,2.3,2.5,7,244,273,0.49,135,67,88,5.9,29,5.3,0.52,2.1,6.6,7.7,5.9
1016,75,330,USMO02,USMO02007,Missouri,4.485193192,3.39,59.77719293,545.137,0.36515,0.89384,75.6882,,3273.58,0.14192,silty clay loam,0.64448,,,3.04779,0.1706,,261.843,,501.254,,458.817,,79.986,,,16.63915,0.72187,110.208,,5.17925,6.8,49.17384,1.678869748,1.678869748,0.156761355,,7.21379,21.54898596,29.614799999999995,182,3.1,68,1.2,1.9,5.2,73,180,725,0.46,136,168,144,7.6,16,5.5,1.64,3.1,7.2,17.9,16.4
1018,75,332,USMO02,USMO02008,Missouri,8.203181804,4.15,71.86804916,430.68,0.21484,1.74383,71.9416,,2802.88,0.18995,silt loam,0.50184,,,4.03845,0.163,,234.817,,114.1,,272.959,,136.26,,,13.74235,0.89782,78.3128,,7.48342,6.66,49.28044,2.971439862,2.971439862,0.257322647,,9.79918,16.641372,78.4044,186,4.7,29.1,1.2,3.5,7.2,36,89,857,0.41,87,34,123,9.7,13,5.3,2.49,5,7.2,19.4,15.1
1019,75,333,USMO02,USMO02009,Missouri,6.188922931,3.25,58.80992448,632.596,0.11756,0.59783,103.787,,1585.82,0.17143,silt loam,0.43441,,,1.62958,0.08,,169.892,,69.5117,,148.931,,128.622,,,14.88655,1.11381,22.7893,,4.97747,5.47,31.79114,1.86758635,1.86758635,0.165622047,,3.00509,9.413154314,39.4632,140,7.5,2.9,3.1,4.4,4.2,7,122,509,0.26,88,31,76,14.9,15,4.1,1.07,4.1,6.6,15.6,10.7
1013,75,327,USMO02,USMO02010,Missouri,5.951970439,2.93,46.71906825,414.548,0.20845,0.76191,65.4649,,2242.23,0.15541,silt loam,0.50898,,,2.75591,0.1343,,218.88,,194.222,,226.886,,108.84,,,10.20215,1.03821,54.3169,,6.10528,6.45,37.91114,1.823611536,1.823611536,0.161723077,,7.05033,13.64422932,28.153200000000002,156,7.2,27.4,1.3,5.9,6.1,34,102,721,0.43,112,74,104,13.3,13,5.8,2.1,3.7,7.2,20,13
1011,75,325,USMO02,USMO02011,Missouri,5.653731947,2.45,33.17730934,471.271,,0.47318,62.2364,,1490.8,0.19904,silt loam,0.56328,,,1.49608,0.1128,,230.532,,208.224,,119.014,,139.069,,,7.60797,1.51883,41.8988,,5.68857,5.47,29.25254,1.625087759,1.625087759,0.144159103,,4.50055,9.012772545,22.237199999999998,119,3.2,18.2,1.9,1.3,4.5,23,124,428,0.32,133,93,51,17.1,11,4.9,1.41,2.9,6.6,10.6,9
1012,75,326,USMO02,USMO02012,Missouri,4.596338966,2.24,25.43916143,506.281,,0.40244,75.6202,,1433.35,0.14533,silt loam,0.66247,,,1.51265,0.0659,,178.227,,92.6356,,151.015,,126.275,,,9.77325,1.28065,14.3334,,4.74852,5.38,27.55784,1.303290801,1.303290801,0.121188898,,3.07535,8.705232073,31.563599999999997,95,9,2.7,1.8,7.2,3.1,6,126,394,0.41,106,39,66,13.1,15,5.2,0.84,2.7,6.7,13,6.6
1007,75,321,USMO02,USMO02013,Missouri,4.835776936,2.78,28.82460116,668.81,0.11146,0.44915,91.0003,,2453.66,0.15437,silt loam,0.65094,,,1.58692,0.068,,168.571,,228.91,,247.496,,95.2693,,,7.759,1.28717,52.9856,,4.22985,5.28,39.32321,1.45261,1.45261,0.15702,,3.59996,14.95145542,19.836,139,2.3,20.9,2,0.3,4.4,25,183,466,0.32,104,59,70,7,11,4,0.73,3.1,6.6,9.3,8.9
1008,75,322,USMO02,USMO02014,Missouri,4.774382508,2.74,55.42448475,638.344,0.12425,0.50919,101.804,,2810.76,0.13908,silt loam,0.58847,,,1.71493,0.0813,,148.593,,165.579,,308.712,,92.3988,,,10.87651,1.23868,47.7199,,4.1265,5.54,43.02481,1.30397,1.30397,0.13989,,3.65398,17.0982536,14.476799999999999,130,5.6,23.2,2.2,3.3,4.2,27,154,584,0.28,97,33,80,8.5,13,4.6,1.01,3.1,6.8,14.3,10.8
1009,75,323,USMO02,USMO02015,Missouri,4.769274462,2.47,45.7517998,526.928,,0.55237,75.5094,,1838.23,0.13837,silt loam,0.56278,1.14317,,1.42377,0.0805,,131.48,,238.166,,174.067,,114.469,,,6.92191,1.45489,11.0139,,3.91662,5.35,32.35691,1.27515,1.27515,0.12628,,3.52216,11.28249011,24.220799999999997,111,8,2.4,2.2,5.9,2.4,5,142,457,0.28,91,87,64,11.6,11,4.4,0.9,2.8,6.7,14,7.7
1010,75,324,USMO02,USMO02016,Missouri,6.087798913,3.2,55.42448475,411.277,0.17435,0.76862,67.7352,,2470.26,0.14064,silt loam,0.51513,,,2.64155,0.1219,,136.664,,187.643,,253.269,,111.738,,,8.28064,1.10263,46.6524,,5.95422,6.52,39.24641,1.76007,1.76007,0.1668,,7.0523,14.97901398,34.5564,147,3.6,28.5,1,2.6,5.7,34,102,741,0.35,79,70,110,12.6,10,4.6,2.67,3.5,7.2,15.1,12.4
1023,76,337,USMO03,USMO03001,Missouri,4.814574212,1.67078329,35.0151195,372.298,0.292916,0.650765,67.3056,,2266.77,0.25233,silt loam,0.705599,,,2.54015,0.103,,188.655,,262.992,,374.685,,102.896,,,6.62816,2.79625,55.8009,,2.98433,5.65,36.41363,1.29848,1.29848,0.11533,,3.35807,15.15938379,14.267999999999999,101,4.3,27.3,1.6,2.7,4.9,32,79,1066,0.13,43,83,285,9.6,99,192.6,0.63,2.6,7.2,11.4,8
1024,76,338,USMO03,USMO03002,Missouri,4.330410395,1.698687196,32.113314,361.676,0.24294,0.618867,70.6731,,2265.46,0.241335,silt loam,0.696883,,,2.55788,0.0891,,177.684,,257.188,,383.408,,99.198,,,5.06958,2.69065,40.6376,,2.94215,5.66,35.00323,1.26162,1.26162,0.11395,,3.52747,15.20386692,17.365199999999998,93,5.7,20.8,1.5,4.3,5,26,78,982,0.14,50,91,306,11.4,109,231.8,0.61,2.9,7.2,11.1,6.1
1033,77,341,USMO04,USMO04001,Missouri,5.886261693,3.58,56.1982995,419.97,0.23802,1.139375,79.2207,,3050.29,0.05,silt loam,0.49973,,,1.58277,0.1445,,222.365,,278.124,,245.869,,86.953,,,12.11014,0.885196,49.6012,,2.82283,6.54,44.81348,1.9058,1.9058,0.185,,1.6755,18.06614987,25.8912,168,3.8,32.4,1.5,2.3,6.6,39,92,931,0.13,86.6,79,102,4.7,17,5,0.42,3.9,7.2,15.3,11.2
1034,77,341,USMO04,USMO04002,Missouri,6.428332084,3.8,69.25642418,526.745,0.147989,1.139375,96.7744,,2995.68,0.05,silt loam,0.509035,,,1.6836,0.1123,,207.901,,248.195,,286.05,,76.0035,,,14.60574,1.11364,30.7163,,2.77805,6.07,45.99008,2.09124,2.09124,0.20193,,1.69295,18.0620515,30.902399999999997,162,5.3,13.6,2.3,3,4.6,18,102.2,711,0.09,83.9,62,100,5.5,18,4,0.32,4.5,6.6,12.2,8.7
1035,77,341,USMO04,USMO04003,Missouri,6.217083131,3.62,55.23103105,434.693,0.212853,1.139375,78.6048,,3287.11,0.05,silt loam,0.555762,,,1.77756,0.126,,187.216,,230.747,,291.932,,89.2062,,,13.76784,0.866289,33.5371,,3.15655,6.79,48.63738,2.06631,2.06631,0.18688,,1.48444,19.51983598,34.486799999999995,180,4.7,19.7,1.3,3.4,4.3,24,95.4,900,0.08,69.7,67,119,3.9,17,4,0.25,4.4,7.2,17.3,12
1036,77,341,USMO04,USMO04004,Missouri,5.444142644,3.53,44.59107757,521.264,0.178505,1.139375,85.527,,3183.99,0.05,silt loam,0.518041,,,1.61319,0.1128,,173.352,,266.76,,298.52,,73.605,,,16.84334,0.90421,35.2679,,2.78629,6.48,46.88898,1.73076,1.73076,0.16722,,1.35576,19.16484891,35.8092,175,4.6,21.5,1.6,3,4.3,26,105.9,768,0.09,74.6,80,109,3.4,18,4,0.27,5.4,6.7,15.2,10.8
1029,77,340,USMO04,USMO04005,Missouri,6.806291681,3.65,58.13283655,433.883,0.229243,1.139375,79.3776,,2942.01,0.05,silt loam,0.435668,,,1.55931,0.1403,,220.663,,375.199,,255.848,,79.2937,,,11.10204,1.00685,66.0172,,2.67783,6.41,44.05908,1.87209,1.87209,0.18575,,1.91745,17.85243551,31.1112,155,5.1,43,2.2,3,5.3,48,90.5,768,0.07,85.6,110,97,4.3,16,4,0.35,4.1,7.2,14,9.8
1030,77,340,USMO04,USMO04006,Missouri,6.844224692,3.86,46.04198032,554.322,0.143428,1.139375,91.6665,,2951.81,0.05,silt loam,0.426627,,,1.55918,0.1293,,222.068,,316.631,,300.901,,64.391,,,12.98484,1.07513,44.7689,,2.69185,6.05,44.91588,2.19891,2.19891,0.2123,,1.4358,18.13488941,34.5564,170,5.2,20.6,2.2,3.1,3.9,24,108.9,643,0.09,92.8,84,97,3.7,16,4,0.26,4.2,6.5,19.1,15.8
1031,77,340,USMO04,USMO04007,Missouri,5.969105641,3.9,44.10744334,536.327,0.119041,0.497848,86.082,,3109.54,0.05,silt loam,0.458005,1.18,,1.69869,0.1153,,196.746,,279.004,,294.094,,77.0401,,,15.38736,1.07257,39.534,,2.86559,5.65,47.17283,2.04889,2.04889,0.19248,,1.85126,18.78078201,25.055999999999997,251,6.8,19.4,2.5,4.3,4.7,24,109,751,0.08,80.1,65,106,4.4,18,4,0.3,4.2,7.2,27.2,21.2
1032,77,340,USMO04,USMO04008,Missouri,6.566869706,4,51.36195702,477.883,0.201536,0.583279,79.7594,,3297.7,0.05,silt loam,0.509777,,,1.76025,0.1393,,194.135,,285.962,,293.828,,80.8294,,,11.87016,0.874207,40.0934,,2.86404,6.07,48.84453,2.34869,2.34869,0.19313,,1.33808,19.72191281,41.446799999999996,168,5,22.5,1.6,3.4,4.2,27,89.3,833,0.07,66.1,74,111,3.2,15,4,0.2,4.3,7.2,16.3,11.2
1025,77,339,USMO04,USMO04009,Missouri,5.120536421,3.46,55.23103105,448.938,0.188947,0.619643,78.5978,,2792.13,0.05,silt loam,0.522219,6.88109,,1.50871,0.1433,,169.74,,292.186,,254.055,,98.4263,,,14.41346,1.03801,52.3616,,2.65869,6.05,41.55693,1.87522,1.87522,0.17386,,1.72487,16.88963798,38.3844,156,6.2,28.2,2.9,3.3,3.8,32,98.7,760,0.05,60.5,75,100,5.9,18,4,0.33,3.6,7.2,16.4,11.3
1026,77,339,USMO04,USMO04010,Missouri,5.891429485,3.7,55.71466527,500.284,0.131734,0.541203,88.1662,,2778.39,0.05,silt loam,0.657421,3.98467,,1.63411,0.1282,,198.641,,265.557,,260.828,,101.384,,,11.96576,1.05514,36.3667,,2.9304,5.87,41.05633,1.81174,1.81174,0.1684,,1.27201,16.79845844,27.9792,145,4.6,16.3,2.2,2.4,3.6,20,108.7,700,0.06,76,66,98,5.3,17,4,0.24,3.8,7.2,12,8
1027,77,339,USMO04,USMO04011,Missouri,5.436559328,3.86,64.903716,472.207,0.229423,0.590413,83.1266,,3354.84,0.05,silt loam,0.688056,1.40378,,1.96612,0.1634,,198.455,,298.451,,294.52,,100.593,,,12.43576,0.885876,43.0901,,2.934,6.47,49.12703,1.6662,1.6662,0.17132,,1.40281,20.04786117,23.316,161,4.4,23.5,1.5,2.9,3.5,27,104.1,850,0.07,68.5,71,107,4.4,15,3,0.22,4.1,7.2,14.4,9.2
1028,77,339,USMO04,USMO04012,Missouri,5.454258068,3.53,45.07471186,538.554,0.140985,0.453375,86.7577,,2790.38,0.05,silt loam,0.504512,,,1.52496,0.1126,,188.736,,271.358,,279.723,,83.5051,,,13.73226,1.00274,36.1482,,2.73669,5.7,41.92023,2.52504,2.52504,0.21169,,1.4671,17.03842222,16.9128,145,4.7,15,2.4,2.2,4.1,19,119.3,642,0.08,82.6,72,95,4.6,19,4,0.24,3.7,6.6,12,7.7
1037,78,342,USMO05,USMO05001,Missouri,3.818000321,2.55,34.62821209,433.79,0.18396,0.42726,67.0196,,2680.02,0.05,silt loam,0.83127,,,1.29421,0.1343,,153.381,,292.063,,177.955,,119.192,,,6.24205,0.80653,65.8807,,2.63818,6.47,39.92441,1.38159,1.38159,0.13013,,2.52336,15.65907751,5.8464,153,7.2,43.1,1.6,5.5,3.8,47,213,723,0.29,142,90,79,16.2,15,3.9,1.35,1.7,7.2,15.1,8.9
1041,78,343,USMO05,USMO05002,Missouri,4.399706353,2.51,32.69367511,447.028,0.16043,0.35894,65.2049,,2295.51,0.05,silt loam,0.78062,,,1.0985,0.1015,,148.514,,261.329,,175.397,,107.968,,,7.92745,0.79464,60.7111,,2.42559,6.15,34.98131,1.24377,1.24377,0.12078,,2.63366,13.64373391,7.4124,123,5.6,40.3,1.2,4.3,4.3,45,191,666,0.24,113,96,82,14.1,13,3.5,0.82,2.2,7.2,11.2,7.2
1038,78,342,USMO05,USMO05003,Missouri,4.152726539,2.53,32.69367511,474.956,0.15201,0.35712,71.4462,,2243.93,0.05,silt loam,0.80389,,,1.15905,0.0898,,184.717,,277.06,,161.456,,112.062,,,9.01061,0.88957,49.6828,,2.48394,5.91,34.40141,1.33798,1.33798,0.1298,,2.06992,13.31470472,9.569999999999999,124,6.9,37.4,1.4,5.5,4.1,42,196,602,0.24,152,113,71,13.8,14,3.6,0.66,2.3,6.9,13.3,7.5
1042,78,343,USMO05,USMO05004,Missouri,3.800910654,2.87,37.53001759,409.809,0.21721,0.50263,59.8855,,2972.18,0.05,silt loam,0.82851,,,1.42665,0.1193,,145.723,,280.885,,180.588,,118.16,,,5.98945,0.80863,60.7729,,2.78262,6.71,44.96081,1.3891,1.3891,0.13052,,3.40373,17.11205923,9.222,124,5.2,51.2,0.9,4.2,4.2,55,150,934,0.18,91,100,86,14.1,10,3.3,0.86,2.8,7.2,13.6,8.5
1039,78,342,USMO05,USMO05005,Missouri,4.447435882,2.9,42.36636007,479.52,0.1514,0.46337,75.1721,,2461.66,0.05,silt loam,0.65751,,,1.26241,0.1082,,167.983,,283.165,,196.398,,100.018,,,11.12721,0.88156,65.7048,,2.43397,6.07,37.99831,1.35074,1.35074,0.1349,,3.23251,14.71939413,11.971199999999998,116,6.6,40.5,1.4,5.2,3.3,44,183,661,0.2,125,100,78,11.3,14,3.1,0.83,2.7,7.2,14,8.4
1043,78,343,USMO05,USMO05006,Missouri,4.080914954,2.62,28.82460116,440.881,0.15666,0.39946,68.4682,,2303.92,0.05,silt loam,0.77159,,,1.1855,0.0859,,158.119,,226.756,,173.834,,111.524,,,8.78581,0.822,50.0817,,2.49036,6.12,35.61131,1.12281,1.12281,0.11332,,2.59571,13.58784224,8.143199999999998,122,5.7,35.2,0.9,4.8,3.5,39,169,742,0.17,108,82,80,14,13,3.2,0.71,2.4,7.2,12.5,7.5
1040,78,342,USMO05,USMO05007,Missouri,4.705529095,2.59,36.07911484,456.647,0.14277,0.39034,64.6331,,2609.54,0.05,silt loam,0.79766,,,1.28105,0.1409,,161.605,,298.528,,209.224,,107.721,,,8.36139,0.89594,65.2143,,2.56903,6.31,39.67864,1.459183715,1.459183715,0.134941949,,3.80318,15.5930441,9.4308,134,5.7,71.9,1.1,4.6,4.3,76,140,799,0.21,139,117,77,14.7,11,3.6,1.34,2.9,7.2,13.9,8.9
1044,78,343,USMO05,USMO05008,Missouri,4.46001417,2.45,44.30089705,378.116,0.21547,0.75853,74.7324,,2506.46,0.05,silt loam,0.49171,,,1.51845,0.1319,,223.703,,267.757,,168.267,,98.2464,,,7.02619,0.9921,70.4536,,2.82732,6.34,37.58824,1.475067405,1.475067405,0.136206425,,3.88286,14.65163052,10.822799999999999,130,7.3,41,1.3,5.9,3.4,44,178,685,0.19,114,96,84,11.1,13,3.8,0.93,2.6,7.2,12.1,9.4
1045,79,344,USMT01,USMT01001,Montana,2.550866707,1.936123779,33.37076305,481.718,0.30447,0.99689,60.9479,3519.28,3425.63,0.17486,loam,1.76749,,1.08,2.28836,0.1958,9.4,46.1594,307.431,379.702,497.693,538.848,13.12,148.336,,10.9411,6.91983,2.67968,48.7726,38.9148,2.22963,7.22,6.99019,1.30028,1.30028,0.13947,0.4,0.85113,22.62223115,9.7092,105,4.3,32.2,1.1,3.2,3.6,36,120,947,0.09,19,86,208,4.3,13,2.7,0.03,2.4,7.2,9.7,6.8
1048,79,345,USMT01,USMT01002,Montana,2.822103587,2.113412527,26.59988359,496.128,0.20138,0.79613,62.9607,,2789.47,0.20895,loam,1.71535,,,1.88535,0.17,,57.0128,,316.867,,522.328,,158.45,,,5.06575,2.36903,44.8486,,2.16694,6.87,6.84421,1.381723346,1.381723346,0.139709588,,1.15784,19.13458796,13.1196,104,3.6,28.5,1,2.6,3.9,32,126,681,0.1,25,80,177,7,12,2.4,0.06,2.4,7.2,12.5,9.5
1063,79,350,USMT01,USMT01003,Montana,3.221062972,1.980125204,18.37810139,567.07,0.11306,0.58976,68.5623,,2392.78,0.2031,clay loam,1.19879,,,1.80605,0.0857,,73.5834,,321.324,,554.041,,115.83,,,5.06575,2.45639,47.6033,,1.90217,6.13,6.73863,1.263311104,1.263311104,0.133353738,,0.98047,17.42684177,11.414399999999999,102,4.7,24,1.2,3.5,3.8,28,125,470,0.12,33,79,154,5,13,2.4,0.06,2.3,7,12.2,8.8
1066,79,351,USMT01,USMT01004,Montana,2.815284456,2.157161484,32.88712882,420.115,0.30389,1.02493,59.0461,3912.84,3839.92,0.18192,loam,1.71213,,1.02,2.25952,0.1832,8.52,43.7551,277.266,343.978,468.417,505.57,11.84,146.211,,11.5657,7.74197,2.57672,44.1617,27.8964,2.17469,7.34,7.37975,1.30303,1.30303,0.13724,0.36,0.88282,24.32833899,8.9088,99,6,30.5,1.2,4.8,4.2,35,105,939,0.09,16,72,189,6.8,13,3.4,0.06,2.5,7.2,12.8,7.3
1054,79,347,USMT01,USMT01005,Montana,3.388183176,2.053008943,18.37810139,573.987,0.12959,0.54562,66.1568,,2273.18,0.20268,clay loam,1.14013,,,1.85324,0.1281,,77.2554,,337.353,,554.857,,110.123,,,5.06575,2.41453,41.5927,,1.77456,6.01,8.28797,1.251388413,1.251388413,0.128484599,,1.05928,16.876742,10.44,90,14,20.4,0.7,13.2,4.5,25,133,463,0.1,39,90,162,5.6,13,3.1,0.09,2.4,7,20.2,8.3
1051,79,346,USMT01,USMT01006,Montana,2.720023852,1.1432394366197387,16.44356441,506.416,0.21014,0.96803,61.1945,,2946.73,0.18516,clay loam,1.84104,,,2.13928,0.1853,,53.7649,,324.689,,548.212,,156.088,,,5.06575,2.75556,43.9992,,2.27537,6.94,8.56177,1.422485485,1.422485485,0.136081137,,1.12575,20.15664435,10.6488,93,8.5,33.3,1.1,7.4,3.5,37,124,678,0.08,22,90,179,7.4,13,3.7,0.03,2.4,7.2,14.6,6.5
1057,79,348,USMT01,USMT01007,Montana,2.492506323,1.3279160343955656,33.85439727,487.436,0.29076,0.78665,67.6172,3832.11,3836.65,0.19766,clay loam,1.48265,,0.96,2.02485,0.201,10.32,50.7284,324.285,400.973,486.975,532.179,11.92,147.168,,10.8046,6.75287,2.22333,48.9376,31.8916,2.0814,7.33,7.03283,1.30551,1.30551,0.13159,0.38,0.99216,24.67557125,7.273199999999999,82,5.8,36.6,0.5,5.3,4.5,41,119,952,0.07,19,78,199,7.5,12,3,0.05,2.5,7.2,11.2,6.3
1060,79,349,USMT01,USMT01008,Montana,2.528403437,1.4744825677919051,28.53442057,475.042,0.33889,0.9331,60.1532,3859.48,3629.49,0.17509,loam,1.73993,,1.04,2.31968,0.211,9,46.0375,258.002,327.804,463.627,512.692,10.44,152.073,,11.8089,8.27848,2.66731,34.6734,23.8312,2.13481,7.4,7.64683,1.25874,1.25874,0.1383,0.3,0.83175,23.29639984,7.1688,84,10.5,25.9,0.3,10.2,4.3,30,114,1033,0.09,18,70,211,7.2,13,4,0.03,2.4,7.2,14.4,5.2
1064,79,350,USMT01,USMT01009,Montana,4.055348293,1.6005855599772354,22.73080964,558.421,0.12315,0.6181,64.5377,,2292.97,0.23313,clay loam,1.00665,,,1.84593,0.0905,,84.0225,,409.438,,530.057,,106.323,,,5.06575,2.53862,59.7764,,1.85682,6.06,8.52187,1.449323574,1.449323574,0.137486357,,1.28056,16.95385856,14.094,103,4.5,31.4,0.8,3.7,5.9,37,134,522,0.08,38,119,169,5.7,16,2.9,0.09,2.6,7,11.6,8.2
1067,79,351,USMT01,USMT01010,Montana,4.150840204,1.679090909090918,23.69807809,593.602,0.13305,0.52117,66.8351,,2218.17,0.25331,clay loam,0.83723,,,1.88379,0.0924,,94.6345,,427.93,,524.26,,93.693,,,5.06575,2.72792,68.3769,,1.84449,5.75,8.66177,1.452031062,1.452031062,0.138526382,,1.35362,16.57896652,14.929199999999998,107,3.9,36.2,0.6,3.3,6.8,43,167,459,0.13,66,139,153,6.6,13,3.1,0.23,2.7,7.2,10.9,7.9
1055,79,347,USMT01,USMT01011,Montana,3.430841953,1.4657746478873295,19.82900414,585.701,0.17518,0.53631,59.7603,,2218.74,0.1871,clay loam,0.9394,,,1.81093,0.1174,,84.3314,,365.409,,533.384,,92.446,,,5.06575,2.63663,45.8349,,1.70786,5.69,9.15487,1.352571091,1.352571091,0.138625821,,0.96185,16.49753986,11.623199999999999,103,12.5,23.4,1.3,11.2,5.5,29,139,434,0.11,47,108,145,4.7,14,3.8,0.08,2.4,6.9,19.2,7.8
1052,79,346,USMT01,USMT01012,Montana,2.387541369,1.616965699208437,35.78893432,454.272,0.33643,0.91869,66.7382,3962.09,3898.38,0.19501,loam,1.716,,0.92,2.06987,0.215,9.68,50.7344,372.516,468.479,470.407,530.315,9.66,152.39,,8.9959,5.09749,2.37477,56.5555,33.0732,2.34106,7.29,7.27488,1.45323,1.45323,0.13661,0.38,1.0417,25.13458292,7.5516,91,8,55.3,0.5,7.4,6.4,62,102,1182,0.08,16,109,232,5,10,3.6,0.1,2.4,7.2,12,5.8
1049,79,345,USMT01,USMT01013,Montana,4.254432691,1.8355737704918136,28.92132798,578.029,0.17502,0.52621,62.8857,,2203.41,0.21302,loam,0.96177,,,1.66425,0.1176,,89.2506,,368.576,,506.064,,100.895,,,4.72835,2.54248,68.2181,,1.83615,5.53,9.15237,1.492083836,1.492083836,0.151093623,,1.16502,16.19987766,16.0428,123,6.6,31.1,0.9,5.7,5.3,36,146,453,0.12,52,110,145,6.8,10,3.2,0.14,2.8,7.2,15.3,9.5
1046,79,344,USMT01,USMT01014,Montana,3.796275665,1.6882859990034782,29.8885965,540.77,0.19644,0.57853,62.1439,,2405.12,0.21986,loam,0.97477,,,1.72188,0.1057,,84.2402,,399.086,,501.382,,95.8682,,,4.72835,2.28253,72.33,,1.79939,6.09,7.59446,1.451422989,1.451422989,0.143918058,,1.25336,17.24763963,22.272,113,3.3,37.4,0.9,2.5,6.4,44,138,531,0.1,45,121,158,5.3,12,2.7,0.15,2.7,7.2,10.7,8.5
1058,79,348,USMT01,USMT01015,Montana,3.34270359,1.4257624559637547,24.56861973,609.139,0.19175,1.02846,67.3278,,2330.45,0.20666,loam,0.99015,,,1.91762,0.1016,,83.9591,,328.989,,577.275,,99.2251,,,12.88556,2.65078,53.8416,,1.80214,5.58,10.77427,1.278519403,1.278519403,0.131190379,,1.7109,17.36246334,10.787999999999998,103,10.3,31,0.8,9.5,6.2,37,141,471,0.1,42,94,165,5.3,14,3.8,0.09,2.3,7,15.2,6.5
1061,79,349,USMT01,USMT01016,Montana,3.440931695,1.2121553090332695,23.11771705,556.022,0.11192,0.70968,59.3466,,2145.82,0.20112,loam,1.02322,,,1.72419,0.1054,,81.8968,,292.78,,511.879,,101.235,,,4.72835,2.48647,53.1074,,1.77892,5.63,9.07467,1.342058828,1.342058828,0.139047615,,1.20463,15.76603667,11.658,94,9.8,28.8,0.5,9.3,5.4,34,147,447,0.11,50,88,153,5.7,14,3.5,0.13,2.4,7,16.4,6.7
1065,79,350,USMT01,USMT01017,Montana,2.809413384,1.5477777777777786,33.75767045,454.004,0.28571,1.08802,57.9208,,3099.98,0.19798,loam,1.84776,,,2.23957,0.1614,,43.5284,,297.706,,538.534,,165.659,,,4.72835,2.66794,54.4806,,2.28521,7.05,7.67179,1.313244152,1.313244152,0.132264519,,1.22532,20.77159018,10.8924,101,5.1,40.3,0.9,4.2,5.7,46,117,802,0.11,17,80,193,9.3,12,2.8,0.07,2.6,7.2,11.5,7.3
1068,79,351,USMT01,USMT01018,Montana,3.259841691,1.6303439291297612,30.85586495,506.468,0.27006,0.79076,62.0777,,2762.28,0.20364,loam,1.55881,,,1.99758,0.1376,,59.5915,,300.716,,540.574,,134.072,,,4.72835,2.78117,53.301,,2.17704,6.43,7.3639,1.227813614,1.227813614,0.123583114,,1.2689,19.10780842,16.9128,112,6.8,33.5,1.2,5.6,5.9,39,131,647,0.12,27,88,177,7.8,14,3.4,0.12,2.6,7.2,13.5,8.8
1056,79,347,USMT01,USMT01019,Montana,2.612463077,1.5759855521156079,33.75767045,465.511,0.35182,1.10476,62.1101,3275.96,3072.4,0.1866,loam,1.96056,,0.98,2.25957,0.203,7.14,41.5369,291.327,367.594,498.961,545.158,13.32,170.951,,10.6874,6.79441,2.84276,44.451,24.9902,2.33774,7.22,8.04754,1.332265953,1.39973,0.15088,0.36,0.99697,20.87707302,9.569999999999999,111,10.6,34.9,1.1,9.4,5.7,41,112,815,0.1,18,88,195,10.7,12,3.6,0.1,2.3,7.2,18.1,7.6
1053,79,346,USMT01,USMT01020,Montana,2.883602823,1.6328454452405181,26.986791,492.771,0.2205,0.78217,60.5872,,2711.13,0.18245,loam,1.74736,,,1.92184,0.137,,54.0317,,287.036,,541.098,,148.056,,,4.72835,2.63597,54.2743,,2.23117,6.77,7.45476,1.208652253,1.208652253,0.120869239,,1.06399,18.82134796,12.18,104,9.8,40.4,1.3,8.6,5.7,46,122,631,0.11,22,85,174,9.6,12,3.6,0.17,2.3,7.2,16.2,7.7
1050,79,345,USMT01,USMT01021,Montana,4.086283977,1.6030039525691675,28.92132798,543.393,0.17175,0.56147,59.1052,,1991.73,0.22919,loam,1.08692,,,1.50446,0.101,,87.5823,,417.644,,485.209,,107.436,,,4.72835,2.40973,83.1485,,1.92861,5.95,8.17877,1.343328061,1.343328061,0.140019183,,1.53268,15.09349955,20.009999999999998,119,4.9,48.3,1.2,3.7,6.3,55,157,446,0.11,56,149,153,6.3,13,2.9,0.23,2.5,7.2,12.6,8.8
1047,79,344,USMT01,USMT01022,Montana,4.210360192,1.9183375959079143,31.82313348,535.719,0.13331,0.98041,56.2566,,2033.79,0.21265,loam,1.10289,,,1.55168,0.102,,85.7653,,362.73,,477.699,,111.012,,,5.06575,2.44243,67.5582,,1.97622,5.87,9.59797,1.409396136,1.409396136,0.14186512,,1.51179,15.10187827,22.306799999999996,129,5.2,32.9,1.1,4.1,6.4,39,155,428,0.13,59,123,143,8.3,13,3.2,0.18,2.6,7.2,13.2,9.4
1059,79,348,USMT01,USMT01023,Montana,3.372892827,1.518318924111418,25.05225402,557.164,0.12973,0.72008,61.6522,,2125.13,0.20382,loam,1.18089,,,1.64965,0.0993,,77.996,,350.688,,519.534,,115.99,,,5.06575,2.49614,51.0637,,1.88172,5.77,8.81837,1.183205393,1.183205393,0.127177325,,1.56218,15.8763267,11.309999999999999,111,9.2,27.8,1,8.2,6,34,145,449,0.11,49,112,154,7.2,13,3.4,0.23,2.3,7.2,18.8,10.4
1062,79,349,USMT01,USMT01024,Montana,4.024445743,1.5560647693817635,22.15044852,574.353,0.15256,0.48955,56.2843,,2012.71,0.2035,loam,0.91954,,,1.55294,0.1154,,89.2872,,389.357,,484.833,,99.0483,,,5.06575,2.5696,55.7535,,1.75209,5.6,10.35057,1.172689346,1.172689346,0.122245243,,1.40358,15.12420379,7.7604,112,12.9,28.1,2.1,10.7,6.2,34,155,436,0.12,56,133,151,7.1,13,4,0.18,2.5,7,20,9.8
1073,80,353,USMT02,USMT02001,Montana,5.32790528,1.5101500938086283,28.92132798,507.816,0.118,0.27606,25.2812,,1006.96,0.21075,sand loam,0.72814,,,0.78017,0.135,,128.467,,368.136,,142.044,,95.9113,,,5.25605,1.71754,96.2522,,1.23043,4.94,11.48777,1.455773835,1.455773835,0.136092842,,1.2956,7.185302334,21.332399999999996,130,14.2,46.2,2.1,12.1,6.7,53,208,292,0.13,113,191,66,19.7,11,4,0.45,2,6.9,23.3,12.3
1069,80,352,USMT02,USMT02002,Montana,3.625680163,1.0080952380952284,26.50315677,509.862,0.11256,0.29689,25.2021,,1321.18,0.16258,sand loam,0.67775,,,1.01894,0.157,,109.843,,250.194,,234.066,,80.411,,,5.25605,2.03234,81.5266,,1.11984,5.74,11.00767,0.893550788,0.893550788,0.09672534,,0.84259,9.220827288,20.392799999999998,125,12,47.7,2.7,9.3,7,55,218,323,0.16,112,134,90,12.3,12,4.4,0.36,1.6,6.9,18.5,10.3
1077,80,354,USMT02,USMT02003,Montana,4.717398209,1.0919424460431875,23.60135127,521.927,,0.38093,26.7445,,1029.78,0.1994,sand loam,0.59984,,,0.91049,0.0935,,129.785,,271.583,,145.427,,83.1512,,,5.25605,1.68179,102.855,,1.18777,4.99,11.71547,1.234887877,1.234887877,0.120020831,,1.07137,7.080020958,17.747999999999998,140,7.4,46.7,1.4,6,7.1,54,204,276,0.13,101,138,64,14.1,11,3.6,0.34,1.7,6.9,17.8,12.4
1081,80,355,USMT02,USMT02004,Montana,2.836594926,0.674059041,14.41230055,466.354,,0.25674,24.873,,894.45,0.13674,sand loam,0.56298,,,0.87694,0.057,,109.821,,182.733,,141.697,,67.0244,,,5.25605,1.42555,63.3111,,0.90068,5,7.97177,0.705364035,0.705364035,0.082288673,,0.91374,6.144466878,7.5168,105,4.5,34.2,1.1,3.4,7.4,42,269,239,0.25,158,119,71,12.9,12,2.7,0.58,1.2,6.9,12.8,10.4
1070,80,352,USMT02,USMT02005,Montana,3.729955997,0.8835660627485511,15.37956907,502.957,0.10665,0.21216,19.1073,,700.905,0.16043,sand loam,0.50157,,,0.71698,0.0918,,138.848,,222.981,,116.694,,67.9051,,,1.40966,1.35233,118.97,,0.96746,4.64,18.54111,0.819,0.819,0.089,,0.89886,5.054873019,10.0224,117,10.1,61.4,2.2,8,10.2,72,287,216,0.23,165,137,71,13.8,12,4.2,0.6,1.2,6.9,18.8,11.5
1082,80,355,USMT02,USMT02006,Montana,3.149718068,0.811266795,13.92866632,467.74,,0.20463,22.4668,,924.332,0.15093,sand loam,0.54947,,,0.88367,0.0844,,109.389,,234.784,,132.442,,70.3,,,1.57445,1.5047,68.9322,,0.87193,5,20.00581,0.84,0.84,0.101,,1.01007,6.334209025,8.143199999999998,102,9.1,34.4,1.4,7.7,7.1,42,214,261,0.21,122,118,68,12.4,10,3.7,0.46,1.2,6.9,18.4,11.2
1074,80,353,USMT02,USMT02007,Montana,5.557980418,1.4486570743405218,26.986791,513.88,,0.29159,24.4212,,1019.12,0.20885,sand loam,0.71399,,,0.87508,0.1193,,139.122,,295.852,,140.319,,103.53,,,5.25605,1.6533,93.9261,,1.28663,4.8,12.62287,1.396746542,1.396746542,0.14,,1.35964,7.046388112,15.5556,123,8.9,37.9,2.1,6.8,7.6,45,170,270,0.13,92,132,58,19.4,12,3.7,0.32,2,6.9,18,11.4
1078,80,354,USMT02,USMT02008,Montana,5.699691415,1.6646850393700687,28.92132798,580.843,0.13021,0.30098,30.1622,,1088.87,0.23951,sand loam,0.62273,,,1.10261,0.1148,,142.994,,339.949,,163.569,,96.9962,,,5.25605,2.0694,91.3791,,1.34043,4.81,15.23367,1.499095528,1.499095528,0.149,,1.1843,7.701956982,19.5228,132,8.9,35.1,3.6,5.3,7,42,165,257,0.13,82,124,58,13.2,10,3.9,0.24,2.3,6.9,17.1,10.9
1079,80,354,USMT02,USMT02009,Montana,4.512449242,1.4087959866220563,24.56861973,579.94,,0.29545,29.6624,,1111.92,0.21055,sand loam,0.62664,,,1.11265,0.1005,,141.063,,310.457,,157.466,,82.2728,,,5.25605,1.98216,84.3103,,1.32439,4.97,13.99637,1.203975595,1.203975595,0.122,,1.05717,7.690723363,16.0776,125,9,33,2.2,6.8,6.3,39,193,281,0.16,96,136,64,11.8,12,3.7,0.34,1.9,6.8,17.1,10.5
1071,80,352,USMT02,USMT02010,Montana,4.638395844,1.2523529411764684,25.05225402,517.319,,0.45234,24.8847,,1317.49,0.17631,sand loam,0.65265,,,1.04567,0.1178,,117.301,,319.119,,204.806,,79.7951,,,2.82503,1.91549,83.6943,,1.19789,5.21,13.55527,1.116349281,1.116349281,0.116,,0.96294,9.124709418,19.139999999999997,147,8.3,38.9,1.9,6.5,7.8,47,216,341,0.19,112,142,86,12.2,12,4.5,0.41,1.7,6.9,21.8,14.5
1075,80,353,USMT02,USMT02011,Montana,4.405310553,1.328441558,24.56861973,504.108,0.11449,0.3553,26.4186,,1178.82,0.18745,sand loam,0.72984,,,0.96808,0.115,,114.704,,274.843,,206.855,,89.2465,,,2.87569,2.08621,79.1525,,1.24173,5.06,10.88617,1.224699406,1.224699406,0.128,,1.06615,8.335129017,17.4696,147,8.8,38.1,1.3,7.5,7,45,199,307,0.16,105,132,82,14.4,11,3.8,0.35,1.9,6.9,21.5,13.3
1083,80,355,USMT02,USMT02012,Montana,3.277399094,0.9131682090364817,22.63408275,446.716,0.12012,0.29864,26.5293,,1418.76,0.1423,sand loam,0.76686,,,1.1098,0.094,,87.4413,,271.929,,226.123,,82.6115,,,2.23301,1.91612,57.1421,,1.11205,5.8,8.28047,0.86978417,0.86978417,0.093,,1.05021,9.685122504,11.658,122,8.1,38.3,1.2,6.9,7.1,45,220,424,0.18,112,141,100,13.3,10,3.9,0.47,1.3,7.2,17.4,10.4
1084,80,355,USMT02,USMT02013,Montana,3.249813556,0.8128893905191708,18.7650088,459.632,0.13444,0.24139,25.5857,,1204.12,0.15818,sand loam,0.65835,,,1.01178,0.0851,,101.129,,272.255,,175.919,,77.8658,,,1.85696,1.82003,64.7299,,1.01756,5.45,8.24397,0.884760398,0.884760398,0.093,,1.11227,8.192758698,9.8484,106,7.7,35.2,1.3,6.5,6.9,42,210,323,0.18,116,137,76,12.4,11,3.3,0.46,1.5,6.9,16.2,9.8
1076,80,353,USMT02,USMT02014,Montana,5.209558236,1.3743030869971768,39.07764716,511.276,0.11919,0.2694,20.0232,,892.359,0.19709,sand loam,0.6885,,,0.75642,0.1389,,142.403,,315.112,,138.904,,95.2581,,,1.98735,1.60019,100.337,,1.32599,4.77,13.53837,1.268933939,1.268933939,0.13,,1.23038,6.435965455,12.18,148,9,39.9,1,8,7.5,47,187,242,0.13,102,144,59,16.6,11,4,0.34,1.9,6.9,22,12.8
1080,80,354,USMT02,USMT02015,Montana,5.23103824,1.4622361692236323,23.60135127,562.864,,0.2642,23.8499,,911.944,0.20308,sand loam,0.55383,,,0.92981,0.0983,,149.306,,272.814,,136.531,,85.0073,,,1.66672,1.7674,105.478,,1.27212,4.67,14.86347,1.309420238,1.309420238,0.124,,1.03116,6.404269399,14.929199999999998,144,7.4,45.3,1.8,5.7,8.1,53,203,254,0.14,101,131,60,12.4,13,4.3,0.29,2.1,6.8,18.6,12.4
1072,80,352,USMT02,USMT02016,Montana,4.515067431,1.2791743119265961,33.27403623,455.812,0.16558,0.48588,22.7167,,1596.56,0.19344,sand loam,0.65466,,,1.00666,0.2,,112.421,,338.244,,201.464,,80.4821,,,2.3647,1.61282,105.738,,1.30958,6.25,13.58297,1.217180114,1.217180114,0.123,,1.32518,10.53924084,30.971999999999998,155,11,57.3,1.5,9.5,9.1,66,173,603,0.12,80,157,97,11.8,12,6.5,0.37,2.4,7.2,26,14.2
1089,82,357,USNC02,USNC02001,North Carolina,1.683790861,2.1620265780730916,17.50755975,585.148,,0.366123,8.26664,,546.739,0.0512568,sandy clay loam,0.0938975,,,1.71828,0.238,,100.34,,151.484,,100.907,,9.55411,,,142.295,0.0796942,73.4938,,7.13156,5.21,17.2914,0.685094222,0.685094222,0.064,,1.99621,4.581687258,17.226,135,43.5,12.4,20.5,22.9,2.1,14,117,199,0.27,41,38,52,3.3,7,4.2,0.6,2.3,6.7,42,8
1085,82,356,USNC02,USNC02002,North Carolina,5.841826588,2.1286956521739238,33.46748991,508.832,,0.391204,9.68646,,801.107,0.080265,sand loam,0.0554043,,,1.29062,0.0829,,124.483,,130.028,,113.72,,6.61608,,,140.715,0.0946194,206.6,,10.2364,6.2,13.0708,1.190520017,1.190520017,0.106,,3.2272,5.898411774,48.441599999999994,190,17.1,32.7,11.9,5.1,4.7,37,126,340,0.16,41,36,75,2.2,6,3.3,0.88,2.3,6.7,19.5,9.1
1093,82,358,USNC02,USNC02003,North Carolina,1.683790861,2.895502816,21.86026797,610.41,,0.44305,6.92486,,672.954,0.0799667,sandy clay loam,0.177604,,,1.24278,0.0911,,58.2927,,139.833,,130.386,,9.80907,,,139.581,0.097119,53.4573,,6.88243,6.05,14.6812,0.849800661,0.849800661,0.079,,1.57371,5.416740958,19.766399999999997,184,21.7,10.5,14.8,6.9,1.1,12,103,363,0.18,24,38,74,2.3,7,4.7,0.61,2.4,6.8,21.1,8.2
1094,82,358,USNC02,USNC02004,North Carolina,3.795823714,2.9856673114119827,26.69661045,638.942,,0.448138,10.3868,,1116.87,0.0905198,sandy clay loam,0.178924,,,2.51713,0.1027,,122.79,,129.526,,160.732,,9.87042,,,142.319,0.0874384,255.186,,12.0601,6.63,15.3128,1.300453579,1.300453579,0.115,,3.88612,7.874679777,45.727199999999996,143,20,50.8,14.8,5.2,3.8,55,194,585,0.28,56,39,134,2.3,8,4.8,1.06,2.8,7.2,17.5,6
1086,82,356,USNC02,USNC02005,North Carolina,5.263919407,3.4578727634194775,49.42742006,550.991,,0.453344,9.96361,,834.432,0.109717,sandy clay loam,0.0726917,,,3.05206,0.1064,,153.554,,146.617,,131.79,,8.86251,,,138.88,0.17547,101.166,,10.2017,5.86,14.2929,1.40854634,1.40854634,0.136,,5.32676,6.250178493,86.8608,210,21.8,21.7,15.1,6.7,3,25,160,348,0.36,64,44,83,2.6,7,5.3,1.65,3.2,6.6,25.1,10.6
1090,82,357,USNC02,USNC02006,North Carolina,2.842678869,3.1637316356513283,33.46748991,522.375,,0.359983,11.8972,,748.586,0.0731407,sandy clay loam,0.168193,,,3.91703,0.0705,,50.6878,,145.447,,130.304,,12.6079,,,136.784,0.0954621,56.0504,,9.79018,6.44,10.655,0.883042752,0.883042752,0.087,,2.89384,5.796451099,22.6896,180,15.5,16.3,12.8,2.6,2.6,19,169,259,0.55,44,37,65,2.4,8,3.3,1.06,2.5,6.7,18.3,6.9
1087,82,356,USNC02,USNC02007,North Carolina,2.608679268,3.0709236752552393,32.50022141,514.941,,0.413699,11.4711,,814.719,0.0719571,sandy clay loam,0.160167,,,1.75757,0.0924,,45.5859,,170.896,,134.848,,13.5914,,,141.221,0.0990131,30.9739,,7.10981,6.45,14.2526,1.117357905,1.117357905,0.104,,2.12467,6.249527908,30.171599999999998,135,19.2,9.2,13.1,6.1,2.1,11,186,296,0.21,47,49,79,2.5,7,3,0.71,2.5,6.8,18.6,8.4
1091,82,357,USNC02,USNC02008,North Carolina,1.893092528,2.5096657871592036,19.44209674,502.94,,0.306899,6.97631,,657.358,0.0559808,sandy clay loam,0.0906962,,,1.79296,0.0565,,57.4948,,139.347,,117.133,,10.0614,,,137.014,0.0827802,52.3814,,6.92555,6.32,11.8613,0.660162789,0.660162789,0.056,,3.35601,5.215911855,13.9896,150,19.4,13,15.4,4,2,15,110,229,0.31,30,36,60,1.8,7,3.9,1.07,2.1,6.8,17.7,7.7
1095,82,358,USNC02,USNC02009,North Carolina,3.128317072,4.312772861356944,32.01658716,600.664,,0.319326,6.92002,,925.841,0.0681472,sandy clay loam,0.105507,,,1.85676,0.145,,39.59,,184.249,,164.865,,12.8255,,,140.215,0.094461,59.9009,,9.62641,6.17,13.9004,1.05324795,1.05324795,0.102,,2.52827,7.085144444,64.6584,162,36.1,13.4,14.6,21.4,3.3,17,194,331,0.21,48,57,89,2.7,8,4.3,0.83,3.4,6.7,41.6,14
1096,82,358,USNC02,USNC02010,North Carolina,4.700089828,3.1460903027193545,32.01658716,548.475,,0.321528,10.2371,,635.19,0.130341,sand loam,0.182414,,,3.82236,0.776,,72.8473,,150.092,,115.024,,15.0417,,,135.271,0.142401,69.2226,,11.2308,5.72,19.4054,1.62549895,1.62549895,0.135,,11.8083,5.107471303,62.883599999999994,189,17.4,10.8,12.5,4.9,1.6,12,219,243,0.42,61,45,70,3.4,7,3.4,3.75,3.2,6.6,36,24.9
1092,82,357,USNC02,USNC02011,North Carolina,1.990070111,1.7751150895140682,15.08938851,414.466,,0.218953,10.1607,,390.827,0.0828466,sand loam,0.338648,,,4.14181,0.0999,,76.7822,,123.878,,67.9975,,25.5458,,,132.824,0.0928528,47.8172,,9.05364,5.67,9.50321,0.528543623,0.528543623,0.044,,8.87677,3.415914521,19.662,116,24,10.2,12.4,11.5,1.4,12,182,140,1.18,60,37,42,4.4,7,2.3,3.12,1.5,6.7,24.4,4.3
1088,82,356,USNC02,USNC02012,North Carolina,3.910545788,2.8833919843597036,47.00924883,470.975,,0.351442,8.34683,,886.265,0.120778,sand loam,0.153517,,,8.05494,0.0919,,64.5992,,124.59,,144.327,,15.8113,,,139.867,0.112935,60.2876,,13.051,6.54,17.4667,1.479014583,1.479014583,0.126,,11.0605,6.561629218,48.998400000000004,169,17.1,13.4,12.2,4.9,0.6,14,160,401,0.81,45,36,104,3.3,7,4.2,3.47,2.9,6.8,21.9,12.1
1115,83,365,USNC03,USNC03001,North Carolina,5.543157336,1.876481481481465,43.8172628,776.204,,1.51496,14.1901,,663.333,0.05,sand loam,0.34833,,,6.52928,0.108,,266.019,,195.177,,97.5238,,77.6521,,,9.04843,0.24792,421.345,,6.35357,6.17,14.47866,1.297341506,1.297341506,0.112824938,,9.42626,4.669158856,14.267999999999999,106,29.7,117.1,24.8,4.8,17.2,134,187,385,2.18,116,107,78,36.8,26,8.2,4.38,2,7.2,29.3,8.7
1118,83,366,USNC03,USNC03002,North Carolina,5.158946067,1.9274205784732228,38.49728608,784.058,,1.45748,14.9742,,673.419,0.05,sand loam,0.38083,,,6.3242,0.148,,209.53,,219.333,,103.89,,73.7929,,,8.73082,0.21848,375.976,,6.73757,5.79,15.49996,1.591806984,1.591806984,0.129165066,,10.429,4.833199016,18.3396,84,27.6,109.1,15.4,12.1,8.7,118,190,401,1.89,74,131,89,21,20,8.5,4.38,2.3,6.8,30.3,8.3
1121,83,367,USNC03,USNC03003,North Carolina,5.879758422,2.043559011893861,54.45721623,591.986,,1.67583,15.0589,,780.345,0.10813,sand loam,0.37023,1.04958,,3.87383,0.195,,209.876,,135.589,,126.869,,53.7577,,,9.29123,0.18012,283.625,,7.83623,5.88,15.77986,1.379394389,1.379394389,0.127888884,,9.21358,5.34702874,18.2004,101,25,95,19.2,5.7,10.3,105,155,442,1.1,90,85,98,23,19,8.5,4.01,2.4,7.2,24.2,6.1
1112,83,364,USNC03,USNC03004,North Carolina,5.363858734,1.6208026440037786,28.82460113,611.06,,0.99496,12.0887,,476.554,0.05,sand loam,0.2276,,,5.70954,0.1897,,244.008,,138.315,,55.3784,,43.2275,,,7.20794,0.23238,323.357,,6.1566,4.76,15.14106,1.517705448,1.517705448,0.131840446,,11.4023,3.23026676,21.610799999999998,68,29,98.1,4.5,24.5,12.3,110,162,275,2.1,112,83,47,19,21,7.7,5.47,2.2,6.7,33.9,4.8
1097,83,359,USNC03,USNC03005,North Carolina,4.706589266,1.8824828532235887,31.24277237,724.338,,0.36251,21.4412,,579.875,0.12173,sand loam,0.52946,,,0.93493,0.0937,,176.973,,207.302,,111.11,,91.2032,,,2.7227,0.21267,232,,9.49278,5.81,10.20636,1.312811698,1.312811698,0.108641145,,5.944,4.368674631,14.267999999999999,71,8.4,70.7,3.9,4.5,5.7,76,185,321,0.29,70,114,86,25.1,14,3.4,2.52,2,6.8,14.6,7.2
1100,83,360,USNC03,USNC03006,North Carolina,3.301543645,1.5397516930022583,23.02099017,562.799,,0.29824,14.0876,,489.447,0.05,sand loam,0.32771,,,0.77909,0.0694,,171.842,,125.599,,80.7467,,29.7992,,,2.35491,0.1899,145.2,,8.63827,5.41,8.46256,0.943517303,0.943517303,0.090966081,,3.37605,3.452415514,14.372399999999997,66,9.9,66.2,5.2,4.7,7.2,73,226,293,0.3,120,81,68,10.3,15,4.1,1.74,2.4,6.8,13.8,6.9
1136,83,372,USNC03,USNC03007,North Carolina,5.821601264,1.6834396355352956,30.75913812,558.105,,0.3446,14.0337,,501.55,0.05,sand loam,0.30338,,,0.5752,0.0709,,182.465,,65.901,,67.0841,,35.8091,,,2.71094,0.18304,164.893,,8.49055,5.03,8.57626,1.269676625,1.269676625,0.106978203,,6.11533,3.247557118,16.704,72,11.6,48.8,5.7,5.9,5.9,55,177,269,0.18,96,41,54,11,17,2.8,2.8,2,6.6,13.9,4.3
1133,83,371,USNC03,USNC03008,North Carolina,3.708881013,0.9402595688517457,13.83193947,587.579,,0.24859,7.56793,,105.413,0.05,loamy sand,0.11704,,,0.24856,0.0462,,180.805,,34.7372,,16.4205,,13.4241,,,1.71157,0.11395,207.987,,5.73845,4.31,8.96766,0.70489732,0.70489732,0.063393418,,2.03696,0.76046283,6.229199999999999,51,7.7,54,4.6,3.1,8.7,63,202,70,0.11,94,24,18,5.9,16,2.8,0.97,1,6.7,9.9,3
1130,83,370,USNC03,USNC03009,North Carolina,5.221736873,0.8418843045512425,24.95552716,504.168,,0.31391,6.52596,,150.571,0.05,loamy sand,0.11822,,,0.1404,0.0377,,157.733,,32.5886,,16.6168,,12.8844,,,2.05088,0.05,179.254,,6.1844,4.58,8.11496,0.595038275,0.595038275,0.061939507,,1.66492,0.983832018,7.273199999999999,44,4.9,44.1,2.6,2.3,7.3,51,165,76,0.06,81,17,17,5.8,13,2.3,0.8,1,6.6,8.1,4.1
1124,83,368,USNC03,USNC03010,North Carolina,2.803856198,0.7522534048700159,11.41376823,645.599,,0.24212,8.63837,,122.834,0.05,sand,0.05,,,0.31359,0.0315,,185.017,,23.1858,,12.1473,,16.2153,,,1.61104,0.10173,270.284,,5.01791,4.61,9.25066,0.779461975,0.779461975,0.068327456,,2.71932,0.781877338,4.071599999999999,39,5,65.4,3.1,1.9,9.1,75,205,76,0.13,81,16,15,7.6,14,2.6,1.28,0.9,6.8,8.7,3.7
1127,83,369,USNC03,USNC03011,North Carolina,3.677324338,0.9381643132220969,15.76647646,726.239,,0.22241,10.2004,,140.85,0.05,loamy sand,0.11754,,,0.31243,0.0362,,191.934,,32.8302,,18.3846,,22.3748,,,1.71401,0.11045,329.107,,5.31131,4.72,9.39876,0.826105406,0.826105406,0.071198709,,3.6655,0.949106272,4.872,48,4,75.5,2.6,1.3,9.3,85,217,93,0.13,78,22,22,9.6,13,2.4,1.85,1.3,6.6,7.4,3.1
1101,83,360,USNC03,USNC03012,North Carolina,4.271087029,1.1926327944572905,22.44062907,497.166,,0.25504,5.28598,,358.052,0.05,loamy sand,0.05,,,0.25078,0.0688,,165.609,,107.618,,81.4354,,11.6582,,,1.44557,0.05,116.637,,7.17995,5.92,6.74051,1.055472986,1.055472986,0.092900442,,1.23571,2.751118212,8.4912,51,10,29.2,3.5,6.5,4.4,34,151,213,0.08,83,61,64,4.3,19,2,0.62,1.4,6.8,14.4,4.1
1098,83,359,USNC03,USNC03013,North Carolina,3.767238879,1.049930343926855,21.47336058,558.242,,0.23481,6.93489,,229.655,0.05,loamy sand,0.05,,,0.25891,0.0783,,187.11,,119.665,,69.4718,,14.1616,,,1.43214,0.10141,202.382,,5.1899,5.85,7.97046,1.022828625,1.022828625,0.084131838,,1.67697,2.040268108,7.5168,51,9.6,50.8,3.5,6.2,6.4,57,155,148,0.09,82,70,59,5.3,13,2.1,0.74,1,6.8,13.9,3.2
1137,83,372,USNC03,USNC03014,North Carolina,2.987644653,0.9930800487606704,11.31704138,510.29,,0.16814,4.72956,,77.9927,0.05,loamy sand,0.05,,,0.17467,0.0302,,146.632,,18.3648,,10.7848,,7.6068,,,1.29397,0.05,156.705,,3.97037,4.6,7.74777,0.642421476,0.642421476,0.059313627,,1.54401,0.532577139,4.9068,43,5.7,44.3,4.4,1.3,8.6,53,199,59,0.11,85,16,16,4.3,13,3.1,0.86,0.7,6.7,7.8,3.5
1122,83,367,USNC03,USNC03015,North Carolina,4.724265923,1.389047619047624,37.91692498,497.407,,0.90607,8.77794,,486.128,0.05,loamy sand,0.21743,,,3.64107,0.207,,193.004,,114.134,,91.9641,,40.3731,,,4.70877,0.13862,200.211,,5.06347,5.78,9.40916,1.107855897,1.107855897,0.099774263,,7.73792,3.510133355,16.0428,48,36.6,66.9,5.3,31.2,7.4,74,137,302,1.54,102,68,78,14.7,19,4.9,3.68,1.6,6.8,38.2,2.8
1113,83,364,USNC03,USNC03016,North Carolina,4.553067719,1.4649152542372819,33.56421676,503.541,,1.08875,8.01099,,426.302,0.05,loamy sand,0.19783,,,3.44405,0.195,,198.476,,121.919,,86.7589,,36.3376,,,7.76697,0.12885,209.052,,5.55931,5.81,13.67956,0.978495908,0.978495908,0.097994089,,7.00132,3.200884637,18.5136,62,27.3,70.3,3.9,23.4,7.4,78,133,271,1.57,110,72,75,16,19,7.8,3.4,1.6,6.8,33.2,4.8
1119,83,366,USNC03,USNC03017,North Carolina,4.051145631,1.3304101649576676,28.72787428,563.348,,0.80843,9.15118,,446.167,0.05,loamy sand,0.26466,,,5.30346,0.0635,,225.377,,110.288,,67.8825,,48.0573,,,4.89961,0.17034,245.557,,7.50676,6.07,9.86046,0.854809059,0.854809059,0.084206655,,8.66247,3.100615747,9.187199999999999,54,10.1,88.2,4.1,6,8.3,96,162,289,2.35,106,68,62,19,24,6.7,4.48,1.4,6.8,14.6,4.3
1116,83,365,USNC03,USNC03018,North Carolina,3.495997778,1.2207772020725545,35.49875374,437.236,,1.22616,6.00817,,423.876,0.05,loamy sand,0.10986,,,4.78774,0.0987,,373.823,,121.376,,78.4035,,18.7279,,,9.66343,0.1866,236.857,,3.78133,6.3,10.83766,0.75579105,0.75579105,0.081053278,,7.21802,3.125978427,11.275199999999998,73,16.8,106.1,14.6,2.1,8.3,114,132,262,2.64,226,71,65,10.7,23,9.9,3.72,1.4,7.2,17.3,4.6
1106,83,362,USNC03,USNC03019,North Carolina,3.716168684,1.3579017013232528,28.24424004,415.759,,0.27479,4.38804,,281.559,0.05,loamy sand,0.11656,,,0.37417,0.0606,,192.048,,96.9646,,72.2677,,10.4707,,,1.54367,0.05,46.863,,3.86474,5.53,5.68904,1.085610242,1.085610242,0.111474574,,1.80683,2.265367573,13.2936,56,9.7,16.9,3.8,5.9,1.6,18,143,170,0.2,142,63,58,4.3,14,2.4,0.99,1.6,6.7,13.5,4.9
1103,83,361,USNC03,USNC03020,North Carolina,3.74533953,1.1289164785553094,27.27697154,541.363,,0.22848,7.4249,,469.968,0.05,loamy sand,0.16473,,,0.6554,0.0668,,131.076,,84.7852,,117.308,,25.4256,,,1.57659,0.05,159.635,,4.39503,5.51,5.61465,0.995293598,0.995293598,0.09,,2.23337,3.551662445,7.725599999999999,61,4.8,42.6,2.4,2.4,4.9,47,144,297,0.22,58,47,99,8.8,14,2,1.05,1.3,7.2,10.5,4.6
1109,83,363,USNC03,USNC03021,North Carolina,2.971099942,0.7391826708351847,20.50609208,571.942,,5.54031,8.63146,,230.405,0.05,loamy sand,0.17884,13.7225,,0.52446,0.0581,,139.219,,72.4165,,51.029,,33.6633,,,10.84643,0.05,207.405,,4.29701,6.65,5.8187,1.048853404,1.048853404,0.08,,3.33926,1.810108615,7.099199999999999,44,8.3,57.8,3.3,5,5.2,63,177,170,0.23,62,50,51,14.1,15,2.1,1.74,0.8,6.8,11.3,3.2
1104,83,361,USNC03,USNC03022,North Carolina,4.914383564,1.7514385150812044,37.43329073,338.387,,2.15535,8.3063,,574.938,0.05,sand loam,0.20258,5.83291,,0.91784,0.1063,,192.624,,96.5622,,119.868,,19.9968,,,5.86641,0.12239,79.3725,,5.95563,6.21,6.76288,1.337901957,1.337901957,0.123,,4.66772,4.146692132,12.284399999999998,62,11.3,26.4,4.5,6.8,3.8,30,105,254,0.39,121,48,69,8.1,14,2.7,1.91,1.2,6.9,14.3,4
1107,83,362,USNC03,USNC03023,North Carolina,4.547131517,1.5429831144465382,29.21150853,438.045,,0.54959,7.39119,,255.296,0.05,sand loam,0.14355,1.18273,,0.42703,0.0703,,250.863,,88.3178,,45.1939,,15.3441,,,2.40202,0.14427,84.4351,,7.08404,5.23,7.1863,1.364706924,1.364706924,0.141,,2.72695,1.890001184,11.623199999999999,58,9.8,25.6,4.6,5.1,3.8,29,143,139,0.18,172,54,36,7.1,14,2.9,1.42,1.7,6.6,11.9,3.6
1110,83,363,USNC03,USNC03024,North Carolina,3.458914603,1.100798479087454,26.79333729,437.357,,0.32873,11.0867,,325.127,0.05,loamy sand,0.33428,,,0.95013,0.0569,,166.881,,87.2713,,80.91,,44.9019,,,1.70754,0.12865,77.9792,,6.60443,5.98,6.47092,1.077686871,1.077686871,0.108,,2.7971,2.531082698,14.024399999999998,63,5.6,22.1,3.4,2.1,2.5,25,155,183,0.47,109,54,60,15.8,13,3,1.42,1.3,6.8,9.8,5.1
1131,83,370,USNC03,USNC03025,North Carolina,4.060388713,1.2784823475469882,41.78599896,468.68,,0.27631,7.8486,,232.165,0.05,sand loam,0.43588,,,0.44209,0.0443,,187.365,,77.5402,,46.1808,,40.2406,,,2.13487,0.10865,45.6223,,7.79069,5.37,6.08062,0.904781187,0.904781187,0.076,,1.66614,1.753772335,15.764399999999998,68,7.5,14.1,5.5,2,2.4,16,162,109,0.21,108,48,29,11,14,2.7,0.94,1.3,6.6,10.1,5.4
1128,83,369,USNC03,USNC03026,North Carolina,4.295899799,1.2503625377643617,24.37516606,489.105,,0.21984,8.12409,,259.919,0.05,sand loam,0.30291,,,0.93853,0.0498,,136.467,,78.3184,,54.7225,,26.2403,,,1.8934,0.10566,64.2006,,6.70582,5.38,6.21597,0.936654102,0.936654102,0.083,,1.86536,1.964668586,13.850399999999999,62,8.1,14.1,4.5,3.6,2.6,17,176,122,0.49,95,42,37,10.4,17,1.8,0.89,1.4,6.7,10.9,5.7
1125,83,368,USNC03,USNC03027,North Carolina,4.390780144,1.0475891341256407,16.6370181,437.317,,0.383,5.81701,,197.78,0.05,sand loam,0.21008,1.86157,,0.7109,0.0365,,211.785,,51.6708,,33.4806,,28.8317,,,2.81999,0.12188,88.5142,,7.77736,5.32,6.64798,0.708753342,0.708753342,0.062,,1.50705,1.412659843,6.4728,69,6.7,24,5.1,1.7,3.9,28,183,103,0.35,121,32,28,11.2,13,3,0.8,1.1,6.7,8.8,3.7
1134,83,371,USNC03,USNC03028,North Carolina,4.576400403,1.1917804667243048,25.34243455,418.727,,0.39432,6.37894,,140.352,0.05,sand loam,0.19514,1.26077,,0.53088,0.0339,,306.319,,41.3077,,28.4017,,16.8681,,,2.99425,0.13142,96.2463,,6.23014,5.03,7.37306,0.756300227,0.756300227,0.064,,1.7726,1.057385824,11.136,68,6.1,29.5,5.2,0.9,4.4,34,159,77,0.28,180,25,23,7.6,15,3.5,1,1.3,6.6,7.6,4
1138,83,372,USNC03,USNC03029,North Carolina,3.56320292,1.1946947082767954,19.53882359,428.429,,0.30456,5.99555,,152.283,0.05,sand loam,0.13874,,,0.2538,0.0354,,265.894,,55.5147,,28.8241,,11.1671,,,2.28392,0.1209,79.4883,,6.33584,5.02,7.16144,0.957185538,0.957185538,0.07,,2.00852,1.153900855,10.405199999999999,74,7.8,24.1,6,1.8,4,28,199,76,0.15,175,33,23,4.7,15,3.3,0.81,1.4,6.5,9.6,5.2
1117,83,365,USNC03,USNC03030,North Carolina,4.81460923,1.4468292682926738,48.55687842,400.006,,1.23354,10.7039,,488.213,0.05,sand loam,0.43593,,,5.44906,0.1341,,303.761,,227.5,,101.635,,49.7294,,,15.55343,0.21171,241.799,,7.65808,6.59,13.97316,1.289610328,1.289610328,0.11,,9.36295,3.938980532,16.0776,78,17.4,118.1,14.2,3.2,12.8,131,126,314,2.76,164,155,87,28.3,29,14.1,5.76,1.7,7.2,15.9,7.9
1114,83,364,USNC03,USNC03031,North Carolina,5.813429002,1.958505747126452,46.62234143,420.221,,1.19495,9.40347,,585.542,0.05,sand loam,0.35883,,,4.89577,0.1733,,284.452,,139.586,,137.239,,31.4218,,,7.37353,0.20449,138.773,,6.10278,5.95,14.54446,1.177507267,1.177507267,0.114,,7.78918,4.461341102,23.6292,78,32.8,66.7,5.1,27.7,7,74,126,321,2.29,182,84,97,14,21,9.3,4.01,2.3,6.8,40.1,7.9
1123,83,367,USNC03,USNC03032,North Carolina,4.922492814,2.279310986964617,60.16410035,399.535,,1.80291,10.8946,,710.992,0.05,sand loam,0.66876,,,3.64891,0.1491,,197.169,,139.035,,170.897,,46.208,,,15.04763,0.18129,79.4156,,6.60505,6.42,20.54326,1.255544556,1.255544556,0.118,,7.00856,5.401026525,29.406,111,25,38.4,4.6,20.4,4.1,42,146,349,1.54,136,84,116,15.3,23,12.2,3.82,3.2,6.8,34.6,9.8
1132,83,370,USNC03,USNC03033,North Carolina,3.527540982,0.9747101449275442,26.79333729,422.668,,0.32473,6.65912,,139.574,0.05,sand loam,0.76385,1.34494,,0.23722,0.0331,,144.984,,54.9575,,33.5786,,54.5616,,,2.53156,0.13889,43.8915,,8.82343,5.44,6.82798,0.844030817,0.844030817,0.075,,1.51173,1.129618747,9.4308,64,8.1,8.1,5.4,2.7,2.5,11,145,81,0.21,85,31,27,14.7,17,2.9,0.92,1.2,6.6,10.4,4.7
1135,83,371,USNC03,USNC03034,North Carolina,4.637720774,1.2540989399293299,28.24424004,498.314,,0.27128,8.47665,,208.401,0.05,sand loam,0.74602,,,0.31605,0.0363,,170.566,,52.6905,,62.6443,,50.9006,,,3.7138,0.14322,41.1099,,18.3941,5.16,6.73186,0.945614788,0.945614788,0.074,,1.25456,1.715298554,21.1236,97,6.2,11,5.1,1.1,3.5,14,241,107,0.22,139,34,41,12.5,18,3.2,0.76,1.5,6.5,9.7,6.4
1126,83,368,USNC03,USNC03035,North Carolina,4.881975812,1.443432566531347,28.72787428,479.026,,0.26701,9.90984,,289.87,0.05,sand loam,0.91319,,,0.44683,0.0391,,179.312,,71.2178,,67.1508,,81.313,,,2.51924,0.16886,48.9532,,12.2769,5.51,6.6024,0.852663709,0.852663709,0.073,,1.88394,2.202506051,10.787999999999998,53,6.4,11.4,5.4,1,2.3,14,182,129,0.2,106,39,42,21.4,14,2.9,0.92,1.6,6.6,7.4,3.5
1129,83,369,USNC03,USNC03036,North Carolina,4.952251829,1.708569989929527,39.36782772,492.94,,0.22746,8.80541,,314.739,0.05,sand loam,0.40216,,,0.3366,0.0393,,153.459,,67.2777,,85.5,,19.9661,,,2.94305,0.12636,19.6307,,13.7351,5.41,6.06922,1.154758524,1.154758524,0.114,,1.55862,2.471501683,25.682399999999998,81,6.9,4.7,5,1.9,1.3,6,198,131,0.19,130,38,51,6.2,15,2.5,0.85,2,6.6,10.7,5.5
1102,83,360,USNC03,USNC03037,North Carolina,3.188866236,1.2798039215686439,19.05518934,450.288,,0.19052,7.45123,,291.956,0.05,sand loam,0.54562,,,0.56788,0.0726,,125.534,,127.18,,65.1414,,33.6908,,,1.59962,0.13422,48.3037,,7.66072,5.5,9.22336,0.939943541,0.939943541,0.096,,1.62461,2.335685596,13.954799999999999,64,9.5,15.4,4.9,4.6,2.4,18,214,139,0.31,113,77,45,10.3,14,5.1,0.91,1.4,6.7,11.9,5.2
1099,83,359,USNC03,USNC03038,North Carolina,3.961662195,1.445874769797409,33.08058251,471.308,,0.26019,10.3463,,398.362,0.05,sand loam,1.27243,,,0.66975,0.066,,153.224,,159.633,,98.3152,,112.746,,,1.75133,0.14271,51.6646,,9.50165,6.37,7.72835,1.093666834,1.093666834,0.101,,1.40543,3.228033623,7.6908,62,7.5,14.1,5.3,2.1,1.8,16,148,205,0.24,75,97,69,35.2,18,3.3,0.78,1.5,6.9,11.4,4.7
1120,83,366,USNC03,USNC03039,North Carolina,3.933161093,3.0281100141043495,59.6804661,568.21,,2.23397,14.8421,,800.482,0.05,loam,1.32331,1.32412,,4.98838,0.0954,,173.965,,205.577,,206.507,,72.6114,,,8.82573,0.22202,47.7475,,7.49151,6.36,12.17896,1.756813527,1.756813527,0.112,,4.36008,6.288795355,28.709999999999997,99,12.7,24,3.7,9,1.6,26,182,302,2.04,117,99,105,17.7,15,8,2.02,3,6.8,20.2,9.6
1111,83,363,USNC03,USNC03040,North Carolina,4.065596432,3.293717328170351,38.88419347,635.978,,0.49082,16.9165,,639.194,0.05,loam,1.08885,,,0.85396,0.0937,,113.018,,164.988,,208.773,,49.6555,,,3.21257,0.19532,9.3684,,7.94908,5.8,15.69333,1.229906837,1.229906837,0.111877231,,1.30234,5.372760434,30.9372,105,8.2,5.8,3.5,4.7,1,7,195,229,0.33,119,76,99,11.2,15,6.7,0.73,3.2,6.6,15,9.4
1105,83,361,USNC03,USNC03041,North Carolina,3.809196156,3.940518746789953,35.49875374,619.414,,0.35081,21.3975,,1047.95,0.05,loam,1.23842,,,1.16177,0.1117,,124.804,,136.946,,307.888,,51.1937,,,4.25711,0.23557,23.1176,,7.44137,6.38,9.79243,1.313924886,1.313924886,0.123786453,,2.23693,8.175136514,25.0212,118,10.2,15.8,3,7.2,1.8,18,191,391,0.3,108,55,160,8.5,14,5.6,1.1,3.4,6.8,19.5,10.5
1108,83,362,USNC03,USNC03042,North Carolina,4.016169989,3.4262203228870005,40.33509622,642.033,,0.35324,17.4969,,802.93,0.05,loam,0.73383,,,0.82186,0.1216,,151.743,,210.596,,235.755,,31.5616,,,4.13884,0.19429,27.8523,,7.64485,5.98,12.56463,1.510139173,1.510139173,0.139909278,,1.67509,6.537260747,21.541199999999996,121,6.4,12.8,3.4,2.9,1.3,14,203,293,0.23,121,90,116,7,14,6.3,0.77,3.2,6.7,15.8,10
1154,84,376,USND01,USND01001,North Carolina,5.438642119,3.0676445396145633,32.3067677,678.091,,0.55549,65.7478,,2373.08,0.20637,silt loam,0.70821,,,1.29733,0.0774,,127.193,,268.607,,490.555,,64.8816,,,5.2486,3.07392,50.4742,,1.89147,5.28,12.03957,2.364497552,2.364497552,0.213964402,,1.51687,16.66491948,17.8176,126,7.4,17.6,3.1,4.3,5.8,23,132,540,0.05,51,76,153,5.5,12,3.6,0.22,3.9,7.2,11.1,5.9
1145,84,375,USND01,USND01002,North Carolina,5.47113745,3.0115005861664956,26.50315677,704.997,,0.48673,66.2048,,2195.32,0.19722,silt loam,0.67104,,,1.31792,0.0865,,137.289,,246.77,,477.561,,63.2316,,,5.2486,3.09673,73.5781,,1.90801,6.14,13.28297,2.206457545,2.206457545,0.196399849,,1.41822,15.61183931,12.5628,119,7.4,28,2.5,4.8,6.7,35,151,401,0.07,59,60,125,5.7,10,3.3,0.17,3.9,7.2,11.2,5.3
1142,84,374,USND01,USND01003,North Carolina,5.212242325,3.028691809074864,36.65947595,709.666,,0.76251,64.5424,,2105.45,0.2049,silt loam,0.69039,,,1.16757,0.0922,,133.097,,295.302,,466.823,,69.631,,,5.2486,3.05548,70.4477,,1.83031,4.99,13.40487,2.67809439,2.67809439,0.211683168,,1.51692,15.19745651,25.299599999999998,122,7,25.6,2,5,6.7,32,143,429,0.03,55,88,136,5.4,11,2.8,0.13,3.8,7.2,12.7,6.7
1139,84,373,USND01,USND01004,North Carolina,5.300963675,2.9239424280350463,27.47042523,714.034,,0.51319,64.2483,,1984.02,0.19493,silt loam,0.64806,,,1.19342,0.0852,,135.26,,255.257,,442.125,,63.725,,,5.2486,2.95439,58.4508,,1.77325,5.05,13.46587,2.407753579,2.407753579,0.192274989,,1.21289,14.28180904,20.8452,117,9.1,18.4,4.4,4.7,5.8,24,156,419,0.08,58,74,134,5.6,10,3.1,0.29,3.6,6.8,11.7,6.5
1163,84,377,USND01,USND01005,North Carolina,5.46301001,2.981382113821128,26.21297618,622.083,,0.53685,65.4841,,2418.57,0.2411,silt loam,0.67246,,,1.29315,0.0755,,121.047,,374.398,,473.964,,66.3326,,,5.2486,3.12305,73.927,,1.77863,5.27,9.37197,2.196730373,2.196730373,0.177357011,,2.00163,17.02537024,19.662,122,6.8,29.4,2.4,4.4,6.6,36,139,535,0.07,54,118,154,4.4,11,2.9,0.33,3.7,7.2,11.7,6.8
1172,84,378,USND01,USND01006,North Carolina,5.617845264,2.7294832648267797,24.2784392,597.934,,0.54337,64.7416,,2552.53,0.25844,silt loam,0.73264,,,1.21443,0.0749,,117.936,,445.099,,465.793,,76.1303,,,5.2486,3.10707,74.3314,,1.86382,5.31,8.83807,2.395381892,2.395381892,0.204469337,,1.98359,17.80836272,24.986399999999996,123,7.2,34,2,5.2,7,41,132,560,0.05,53,144,155,4.7,10,2.9,0.28,3.9,6.3,13.1,6.2
1187,84,380,USND01,USND01007,North Carolina,4.709631916,2.4637466595403223,26.69661048,576.599,,0.52347,63.1871,,2493.76,0.19358,silt loam,0.78735,,,1.40442,0.0614,,116.134,,365.592,,477.949,,67.3725,,,5.2486,3.16673,48.174,,1.90172,5.5,8.13277,2.037581457,2.037581457,0.170411326,,1.58645,17.41194688,19.0704,119,5.7,19.9,3.1,2.6,5.8,26,125,542,0.05,54,114,155,4.7,10,2.3,0.27,3.3,7.2,10.2,7
1181,84,379,USND01,USND01008,North Carolina,4.48668747,2.4259251559251385,21.860268,588.131,0.1002,0.47818,61.9382,,2397.05,0.2045,silt loam,0.73151,,,1.34492,0.0567,,116.68,,359.151,,474.036,,65.7722,,,5.2486,3.11769,55.9789,,1.71621,5.44,7.58508,2.105820554,2.105820554,0.185285068,,1.61553,16.87927363,16.0776,102,5.5,20.9,2.5,3.1,5.7,27,125,528,0.04,52,106,152,4.1,11,2.2,0.23,3.3,6.3,9.3,5.2
1188,84,380,USND01,USND01009,North Carolina,4.509377908,2.4776222980659686,26.69661048,604.152,,0.7767,65.0647,,2407.54,0.18107,silt loam,0.68813,,,1.32014,0.0546,,104.371,,279.459,,514.443,,64.0736,,,5.2486,3.13092,44.9856,,1.67551,5.47,6.84612,1.927375692,1.927375692,0.163920448,,1.35739,17.06410993,20.183999999999997,108,4.9,19.2,2.6,2.4,5,24,120,492,0.04,50,79,148,3.5,11,2.1,0.16,3.3,7.2,8.1,5
1182,84,379,USND01,USND01010,North Carolina,4.398683053,2.424387865655482,26.69661048,623.241,0.11077,0.53037,66.7738,,2406.81,0.17239,silt loam,0.73162,,,1.42865,0.0529,,108.868,,263.726,,521.237,,59.6413,,,5.2486,3.14743,43.5065,,4.78174,5.5,7.54436,1.885171214,1.885171214,0.171282611,,1.24898,17.07673534,17.573999999999998,107,4.2,22.2,1.7,2.6,5.5,28,136,509,0.06,53,82,159,3.5,10,2.4,0.16,3.3,6.9,8.5,5.6
1155,84,376,USND01,USND01011,North Carolina,5.009873564,2.683513513513512,34.91839268,645.48,0.11681,0.51642,66.1281,,2233.35,0.17778,silt loam,0.74474,,,1.26424,0.0795,,114.102,,261.013,,524.634,,69.4801,,,5.25605,3.14114,51.289,,1.7775,5.12,10.18957,2.001279698,2.001279698,0.169658423,,1.2098,16.23082408,26.900399999999998,124,7.3,22.1,2.4,4.9,6.6,29,135,474,0.04,54,79,157,4.9,12,3.1,0.15,3.6,7.2,12,6.2
1146,84,375,USND01,USND01012,North Carolina,4.557362162,2.5902479338842754,31.04931866,703.989,0.10612,0.47914,65.0833,,2121.04,0.16942,silt loam,0.71869,,,1.24049,0.0787,,119.235,,226.14,,518.672,,60.641,,,5.25605,3.19955,61.3381,,1.79356,4.92,11.25257,1.871494623,1.871494623,0.181933466,,1.10154,15.53017723,9.6744,116,6.4,18.1,2.4,4,5.3,23,144,406,0.05,55,59,142,4,13,2.9,0.17,3.2,6.9,10.8,5.6
1173,84,378,USND01,USND01013,North Carolina,4.216323097,2.465547533092662,30.56568443,687.87,,0.43788,65.3032,,2077.75,0.15755,silt loam,0.66496,,,1.14394,0.0876,,100.362,,251.839,,523.187,,58.9028,,,4.71768,3.04007,63.2803,,2.17978,5.04,34.37864,1.860946991,1.860946991,0.17820529,,1.17732,15.41490346,21.7152,108,6.3,23.2,2.2,4.1,6,29,137,429,0.1,50,62,153,4.2,10,3,0.14,3.3,7.2,10.3,4.3
1164,84,377,USND01,USND01014,North Carolina,4.52704331,2.4962313860252197,25.24570773,704.912,0.13101,0.39352,65.0638,,2028.06,0.17277,silt loam,0.63247,,,1.1874,0.0753,,108.709,,276.767,,517.616,,55.8755,,,4.21556,3.1041,77.4035,,1.69872,4.87,34.56534,1.807641411,1.807641411,0.172653894,,1.52022,15.18176765,20.532,118,6.8,33.2,2.3,4.6,7.3,41,154,426,0.08,55,74,153,4.6,10,3,0.23,3.2,6.9,11.5,6.1
1140,84,373,USND01,USND01015,North Carolina,5.501933613,3.383399231191631,36.36929536,674.639,,0.56727,63.3602,,2235.85,0.2388,silt loam,0.57959,,,1.23629,0.0859,,146.868,,427.014,,450.839,,56.7683,,,3.63232,3.12998,68.2952,,2.02585,4.8,37.27804,2.633030153,2.633030153,0.231669969,,1.56662,16.0469579,23.594399999999997,129,6,23.8,2.1,3.9,6,30,140,459,0.05,63,104,132,5.7,10,2.6,0.21,4.1,7.2,11.9,6.2
1143,84,374,USND01,USND01016,North Carolina,5.752650754,4.128816276,46.52561461,634.122,,0.44255,64.8222,,2192.04,0.21998,silt loam,0.68795,,,1.06227,0.091,,121.26,,343.977,,482.433,,73.2723,,,3.87786,2.82462,66.2626,,1.81513,5,35.64224,2.776955228,2.776955228,0.237142203,,1.61365,15.87933757,33.1992,149,7.1,26.9,2.3,4.7,6.4,33,140,480,0.05,60,90,150,6.3,9,2.7,0.19,4,6.8,14.8,8.8
1174,84,378,USND01,USND01017,North Carolina,5.71510462,3.784336918,29.59841591,625.349,0.11208,0.48543,60.4482,,2266.37,0.26199,silt loam,0.64376,,,1.16331,0.0928,,129.701,,484.663,,460.626,,70.2729,,,2.84458,3.12152,106.534,,1.85982,4.96,36.37264,2.49132211,2.49132211,0.216873649,,2.18875,16.42550434,15.938399999999998,158,7.4,42.3,2.2,5.2,7.9,50,131,488,0.03,55,123,141,6.1,10,2.9,0.27,3.9,7.2,15.1,8.6
1165,84,377,USND01,USND01018,North Carolina,5.632224157,3.917568474,29.11478168,638.533,,0.44385,58.9134,,2203.71,0.24262,silt loam,0.66106,,,1.16401,0.0777,,130.004,,457.313,,451.373,,74.5155,,,2.41026,3.18297,100.539,,1.84541,4.92,35.22884,2.355087856,2.355087856,0.200344883,,1.902,15.96308052,18.965999999999998,125,10.6,44.5,4.1,6.5,7.6,52,148,507,0.04,58,133,154,6.2,9,3.2,0.28,3.9,6.8,13.5,6.7
1189,84,380,USND01,USND01021,North Carolina,4.819461076,3.703884298,26.21297618,673.875,,0.42957,63.1317,,2123.37,0.19794,silt loam,0.58533,,,1.20365,0.0662,,130.082,,389.962,,491.55,,53.1922,,,3.44968,2.82417,83.5001,,2.65725,5.03,34.02254,2.137668461,2.137668461,0.19640495,,1.60487,15.72801051,24.186,138,8.5,32.2,5.4,3,7.4,40,136,463,0.05,54,109,151,5.2,13,2.7,0.36,3.7,7.2,11.3,7
1183,84,379,USND01,USND01022,North Carolina,4.765749547,3.680614525,27.1802447,679.578,,0.40175,61.7898,,2095.1,0.20501,silt loam,0.59456,,,1.20499,0.0577,,128.821,,361.929,,483.911,,52.8957,,,3.57934,2.82467,81.4274,,1.72981,4.99,32.88574,2.299226678,2.299226678,0.208452663,,1.64952,15.45168732,8.6304,132,6,32.1,2.4,3.5,7.1,39,144,480,0.04,56,106,155,4.7,13,2.8,0.25,3.4,6.8,12.4,8.6
1156,84,376,USND01,USND01023,North Carolina,5.020217514,4.044236743,40.72200361,700.451,,0.55016,64.0513,,2082.88,0.22219,silt loam,0.63883,,,1.1016,0.0823,,143.175,,363.04,,520.704,,60.1041,,,4.92402,2.82091,102.627,,1.98115,4.98,34.36784,2.394909472,2.394909472,0.21779107,,1.66732,15.70589105,35.843999999999994,155,9.5,46.1,3.5,6,8.8,55,146,481,0.06,58,107,170,6,13,3.4,0.39,3.8,7.2,15.9,9.1
1147,84,375,USND01,USND01024,North Carolina,5.348821666,3.764858612,31.53295289,704.43,,0.44905,61.1583,,2058.47,0.21675,silt loam,0.61073,,,1.07747,0.0728,,132,,355.186,,468.052,,64.2039,,,3.4498,2.76659,108.483,,1.82909,4.93,33.57664,2.256245992,2.256245992,0.207067004,,1.50137,15.11852755,12.110399999999998,137,8.8,39.3,3.3,5.5,8.2,47,141,425,0.06,55,92,136,5.7,10,3,0.27,3.8,6.8,15,7.4
1144,84,374,USND01,USND01902,North Carolina,5.744599029,4.262415403,36.36929536,709.468,0.11765,0.44971,63.4705,,2071.44,0.18223,silt loam,0.6434,,,1.13731,0.0866,,133.617,,351.783,,516.575,,65.9047,,,4.80159,2.88857,84.2895,,1.85753,4.91,34.45854,2.3120422,2.3120422,0.207788151,,1.42778,15.58488814,17.4,173,11.1,43,5.7,5.4,7.8,51,150,411,0.04,62,110,140,8.4,11,3.2,0.43,4.4,7.2,16.5,9.4
1141,84,373,USND01,USND01903,North Carolina,6.586685219,4.156519221,38.78746664,729.486,,0.4206,62.1418,,2022.29,0.2035,silt loam,0.56486,,,1.18102,0.0857,,143.865,,381.852,,489.618,,57.8591,,,3.14115,3.04414,103.899,,1.83284,4.81,34.04714,2.483241285,2.483241285,0.219969791,,1.52859,15.18438035,32.3292,141,7.9,32.4,3.4,4.5,6.6,39,140,383,0.06,61,74,138,7,11,2.9,0.21,4.1,6.8,14.7,8.8
1229,85,384,USND02,USND02001,North Carolina,4.625743559,2.661381948,36.85292966,459.309,0.12654,0.76582,44.0511,,2418.62,0.1405,loam,0.85687,,,1.08539,0.0971,,57.8797,,176.963,,366.198,,91.4962,,,5.33634,2.02983,20.0217,,1.11703,6.45,7.59549,1.717852722,1.717852722,0.16,,0.77465,15.62170312,33.303599999999996,139,4.1,6.9,2,2.1,2.3,9,132,622,0.1,49,51,154,15.3,13,3.1,0.36,3.1,7.2,12.4,8.9
1253,85,386,USND02,USND02002,North Carolina,5.787580307,2.846098607,31.53295289,603.563,,0.40383,41.2599,,1552.07,0.18665,loam,0.60256,,,1.00084,0.078,,122.926,,142.991,,290.822,,89.8114,,,4.28967,2.05678,33.0881,,1.07389,5.01,13.12758,2.196755424,2.196755424,0.19341923,,1.17162,10.56917077,26.935200000000002,171,7.1,6.1,3.2,3.9,3,9,182,379,0.11,92,50,116,14.8,14,3.7,0.49,3.2,6.3,17.9,11.3
1241,85,385,USND02,USND02003,North Carolina,6.690772127,3.563103448,33.46748993,660.865,,0.41821,43.5584,,1744.86,0.2187,silt loam,0.54342,,,1.2165,0.0836,,135.224,,177.534,,305.669,,85.6751,,,3.70269,2.36717,34.776,,1.19844,4.9,14.55298,2.629396517,2.629396517,0.231622336,,1.32772,11.74286829,28.8492,181,7.1,6,2.4,4.7,3.1,9,182,380,0.1,87,55,110,14.4,12,4,0.4,4,5.9,19,11.4
1193,85,381,USND02,USND02004,North Carolina,4.122022712,2.581839323,35.40202691,444.798,,0.69834,39.6964,,2188.33,0.1315,loam,0.7457,,,1.11443,0.1147,,68.3908,,152.161,,373.21,,81.5715,,,4.26775,1.7539,22.6019,,0.99323,6.67,6.52188,1.731008396,1.731008396,0.157018024,,1.0009,14.46044539,22.376399999999997,145,3.4,9.7,1.6,1.8,3,13,132,646,0.11,51,56,174,13.9,12,2.4,0.37,2.8,7.2,12.9,9.2
1217,85,383,USND02,USND02005,North Carolina,4.193950394,2.507623762,29.59841591,463.091,,0.657,37.4198,,1948.72,0.12491,loam,0.5951,,,1.05506,0.0771,,73.9018,,145.31,,352.312,,63.5476,,,3.81211,1.6291,21.5073,,0.89272,6.33,7.19023,1.73325512,1.73325512,0.156039126,,0.95742,13.06869794,17.8176,153,4.7,7.4,2,2.7,3,10,139,541,0.12,61,51,153,10.2,12,2.7,0.47,2.7,6.8,14.9,11.2
1205,85,382,USND02,USND02006,North Carolina,4.888728267,3.137451382,33.95112416,428.159,,0.76313,40.4492,,2443.98,0.16423,loam,0.66253,,,1.15653,0.1147,,66.5918,,166.914,,392.725,,80.1156,,,3.78694,1.65821,22.437,,0.9906,6.55,7.35238,2.070571322,2.070571322,0.182912955,,1.21716,15.93705819,33.3384,158,13.7,8.6,10.1,3.6,3.1,12,121,668,0.07,46,55,182,11.6,12,3.3,0.44,3.6,7.2,16.6,9.9
1230,85,384,USND02,USND02007,North Carolina,5.792959687,3.434921466,34.91839268,507.461,,0.68745,43.2311,,2030.47,0.17781,loam,0.6644,,,0.98571,0.0843,,77.8614,,345.346,,372.476,,85.552,,,7.52862,1.91311,23.1554,,1.11613,5.9,9.04418,2.289084368,2.289084368,0.207786581,,1.05256,14.17455362,26.5872,156,7.2,6,3,4.1,2.9,9,148,549,0.09,62,131,159,13.1,15,4.2,0.37,3.7,6.6,17.1,11.1
1242,85,385,USND02,USND02008,North Carolina,3.286879307,2.67174002,45.9452535,1.25,0.19824,1.5442,21.6229,5711.49,5686.79,0.11039,loam,0.69569,,0.592256,1.32192,0.178,4.449,20.3835,147.134,178.896,321.004,365.49,10.18672,80.8068,,9.5098,5.15787,1.38657,11.1944,8.2892,1.10796,8.22,8.95649,2.383279463,2.383279463,0.158088316,0.187312,0.46759,31.96083322,10.7532,190,5.4,1.3,1.7,3.7,1,2,18,2634,0.01,5,59,216,0.6,10,5.7,0.01,2.9,7.2,15.4,10.9
1254,85,386,USND02,USND02009,North Carolina,4.122022712,2.803942559,50.78159598,382.568,0.18425,1.19827,42.2642,3059.32,3081.87,0.14351,loam,0.98047,,0.60493,1.27906,0.1778,11.9673,43.8895,112.635,139.722,378.539,383.871,17.9034,106.905,,8.93159,4.38543,1.91461,18.6586,9.9743,1.27156,7.66,9.33809,1.749325414,1.790746001,0.166800408,0.261882,0.57344,18.98560365,23.4552,165,5.1,8.2,2.1,3,2.2,10,88,947,0.03,20,42,199,7.6,12,3.5,0.16,3.2,7.2,16.1,11.1
1194,85,381,USND02,USND02010,North Carolina,4.308552428,3.212622951,43.043448,420.536,,0.91959,40.7478,,2459.81,0.16114,loam,0.83442,,,1.21236,0.1047,,54.0859,,258.295,,407.575,,91.5809,,,5.25627,1.67695,19.1233,,1.04062,6.89,6.9966,2.023290782,2.023290782,0.18061674,,1.00691,16.38065668,25.9956,148,5.5,7.5,2.7,2.8,2.5,10,116,756,0.07,32,83,201,14.3,18,2.9,0.36,3.5,7.2,14.7,10.1
1206,85,382,USND02,USND02011,North Carolina,4.906725172,3.557646759,41.10891102,447.659,,0.7717,40.8101,,2473.35,0.16924,loam,0.56726,,,1.21162,0.0935,,63.2903,,186.464,,467.283,,68.4228,,,5.53316,1.76498,16.7433,,0.94266,6.71,6.85473,2.163549693,2.163549693,0.195039083,,0.99047,16.76294523,38.9412,161,5.8,6.4,1.9,3.9,1.9,8,119,692,0.06,44,65,213,9.1,14,3.2,0.36,3.8,7.2,16.6,10.9
1218,85,383,USND02,USND02012,North Carolina,4.827145756,3.328659218,33.37076305,452.867,,0.7297,41.8813,,2343.98,0.17615,loam,0.63076,,,1.18225,0.0845,,66.7345,,174.011,,454.386,,76.6711,,,4.32741,1.79091,22.709,,0.95531,6.42,6.95737,2.284249238,2.284249238,0.204291791,,1.15429,15.97144726,33.8256,167,4,8.6,2.2,1.7,2.6,11,125,649,0.07,49,59,207,10.7,13,3,0.35,4,7.2,15.3,11.5
1243,85,385,USND02,USND02013,North Carolina,6.236529846,3.47074813,33.37076305,507.113,,0.64663,40.0871,,2039.59,0.19028,loam,0.53488,,,1.13863,0.0887,,99.0206,,182.964,,364.157,,72.8983,,,3.85236,2.35872,26.6688,,1.18511,5.54,12.11538,2.249020523,2.249020523,0.202033836,,1.07241,13.7184824,22.5156,177,7.6,6.4,2,5.6,2.6,9,157,496,0.08,71,67,142,11.3,12,3.5,0.33,3.9,6.4,19.2,11.4
1231,85,384,USND02,USND02014,North Carolina,5.814492196,3.010081384,32.88712882,512.652,,0.57662,38.0854,,1711.7,0.18577,loam,0.51948,,,0.98516,0.0784,,103.465,,203.965,,315.098,,73.828,,,4.4479,2.14886,32.5283,,0.98811,5.6,12.54068,1.974805322,1.974805322,0.17783378,,1.03751,11.72664505,25.090799999999998,152,5.7,6,2.5,3.3,3.9,10,159,453,0.1,78,95,134,12.8,13,3.8,0.34,3.6,6.5,14.2,8.5
1255,85,386,USND02,USND02015,North Carolina,7.113134813,3.906363636,33.37076305,616.942,,0.51997,40.8067,,1802.69,0.23088,loam,0.46459,,,1.15527,0.0842,,125.428,,202.854,,318.943,,75.4842,,,4.13608,2.16939,38.9505,,1.11717,5.3,15.16728,2.653846932,2.653846932,0.232136104,,1.44244,12.20943476,22.793999999999997,168,6.1,5.6,2.7,3.3,3.6,9,166,483,0.08,75,70,139,12,13,3.6,0.45,4.7,6.1,16.3,10.2
1207,85,382,USND02,USND02016,North Carolina,4.176565925,3.440411985,27.56715211,498.897,,0.6255,37.9502,,2065.12,0.16057,loam,0.43148,,,1.04623,0.073,,73.4238,,221.076,,416.885,,55.6935,,,4.20541,1.74615,23.0492,,0.85389,6.48,8.17798,2.395151491,2.395151491,0.210156784,,1.04087,14.38478793,28.014,156,4.8,5.8,2.3,2.5,3,9,133,541,0.08,57,78,174,7.7,14,3,0.37,3.9,6.8,14.7,9.7
1195,85,381,USND02,USND02017,North Carolina,5.097967465,3.204093162,31.9198603,494.127,,0.63188,37.1309,,1872.35,0.17501,loam,0.4508,,,1.02015,0.0665,,83.3995,,239.272,,378.011,,62.974,,,4.37382,1.76031,27.2727,,0.81862,6.22,9.08788,2.327940087,2.327940087,0.203426287,,1.22693,13.14437683,19.9056,157,5.1,5.5,2.6,2.4,3,8,141,551,0.08,65,88,182,9.5,14,3.3,0.56,3.8,6.6,15.6,11.2
1219,85,383,USND02,USND02018,North Carolina,5.3461922,3.392641509,28.53442057,532.67,,0.59095,38.07,,1960.58,0.1812,loam,0.37363,,,1.0497,0.0781,,87.5184,,199.78,,373.858,,56.6521,,,3.96852,1.65622,30.1111,,0.86902,6.01,9.82158,2.359687684,2.359687684,0.207892136,,1.35261,13.44789516,12.980399999999998,146,5.7,5.7,2,3.6,3.6,9,144,562,0.07,64,69,175,7.6,14,2.9,0.41,4,6.7,16,10.4
1280,86,390,USNE01,USNE01002,Nebraska,2.72744011,1.385384615,17.79774027,549.28,0.10727,0.43838,60.0161,,1955.56,0.12611,loam,0.81269,,,0.97793,0.0915,,51.1688,,564.958,,215.799,,90.4933,,,3.27283,0.81782,40.6385,,2.49378,6.62,5.13087,0.96989519,0.96989519,0.091,,0.48908,13.03896519,5.707199999999999,97,2.8,26.6,0.6,2.1,4.4,31,200,496,0.13,58,165,87,9.1,9,1.9,0.21,2.2,7.2,9.3,7.6
1268,86,388,USNE01,USNE01003,Nebraska,3.128516401,1.597505828,17.79774027,569.144,0.14648,0.39364,62.1247,,2100.31,0.14373,loam,0.77338,,,1.0609,0.0666,,52.6491,,629.583,,222.29,,88.8416,,,3.35023,0.82249,43.3028,,2.55823,6.59,6.04318,1.032197228,1.032197228,0.098,,0.56073,13.98284853,6.5424,103,2.9,28.8,0.6,2.3,4.6,33,205,519,0.25,58,182,85,7.2,8,2.4,0.32,2.4,7.2,9.2,7.2
1265,86,387,USNE01,USNE01004,Nebraska,4.967380929,2.69616721,37.62674441,575.531,0.12763,0.54953,66.7233,,2547.23,0.19951,loam,0.89325,,,1.04466,0.1287,,47.6638,,818.989,,290.84,,106.108,,,2.64712,0.68616,58.321,,3.85088,6.61,8.21919,2.207428548,2.207428548,0.193,,1.1507,17.27129792,36.4008,147,3.3,35.8,0.9,2.3,5,41,189,564,0.11,46,204,96,7.7,9,2.9,0.26,4.4,7.2,14.4,12.3
1266,86,387,USNE01,USNE01005,Nebraska,5.255313529,3.024901961,37.62674441,631.028,0.12607,0.55088,71.549,,2795.38,0.2118,loam,0.8386,,,1.14587,0.1065,,52.4609,,806.222,,309.332,,101.659,,,2.7439,0.7284,55.2338,,3.78735,6.48,8.05179,2.228018682,2.228018682,0.198,,0.98034,18.6338329,12.354,141,3.2,31.6,0.5,2.7,5.5,37,178,631,0.08,35,194,105,6.7,9,2.8,0.2,4.6,7.2,13.7,11.3
1281,86,390,USNE01,USNE01006,Nebraska,2.927162653,1.492669191,17.79774027,567.885,0.14195,0.3321,61.7606,,1996.27,0.13238,loam,0.77532,,,0.99405,0.063,,53.2789,,634.014,,225.165,,89.8297,,,2.74649,0.80884,45.1998,,2.47483,6.54,6.24337,1.113877311,1.113877311,0.105,,0.49769,13.49534347,6.263999999999999,98,2,28.1,0.7,1.3,5.6,34,195,483,0.13,55,184,84,8.5,11,2,0.21,2.4,7.2,8.3,7
1269,86,388,USNE01,USNE01007,Nebraska,3.203513911,1.67342241,16.34683752,578.674,0.11463,0.32408,63.7295,,2072.84,0.13966,loam,0.75461,,,1.03459,0.0543,,54.7214,,625.687,,229.918,,85.8994,,,3.30916,0.82113,45.6024,,2.41047,6.62,5.95391,1.177549244,1.177549244,0.11,,0.52492,13.89889687,4.8372,97,1.8,27.5,0.9,0.8,5.2,33,180,483,0.15,49,173,79,7.1,8,1.6,0.2,2.5,7.2,8,6.8
1274,86,389,USNE01,USNE01008,Nebraska,3.086119737,1.466588869,17.31410605,557.168,0.12478,0.46034,60.3657,,1982.91,0.14984,loam,0.96628,,,1.05285,0.0528,,59.3833,,621.315,,226.277,,114.067,,,3.77963,0.8665,44.8048,,2.80853,6.77,5.33503,1.001183523,1.001183523,0.093,,0.59506,13.4097404,4.2108,84,1.9,32.2,1.4,0.5,5.8,38,211,467,0.15,65,185,85,11.1,10,1.7,0.26,2.3,7.2,7.2,6.5
1282,86,390,USNE01,USNE01009,Nebraska,3.121029297,1.42625,15.37956907,561.204,0.16787,0.36184,60.167,,1979.2,0.1327,loam,0.7426,,,0.99516,0.0609,,54.6872,,587.703,,224.553,,85.8621,,,3.48106,0.77714,46.8686,,2.44359,6.57,6.39182,0.990450795,0.990450795,0.097,,0.52025,13.28934108,4.8372,88,2.7,31.5,1.2,1.5,5.3,37,194,477,0.15,53,173,86,7.5,11,2.4,0.2,2.1,7.2,7.6,5.9
1270,86,388,USNE01,USNE01010,Nebraska,3.26618854,0.881111111,23.11771705,535.933,0.159,0.32545,60.1108,,1914.55,0.12611,loam,0.72892,,,0.94181,0.0694,,51.3143,,652.599,,211.058,,85.6435,,,2.67648,0.74247,49.1354,,2.2908,6.71,5.64827,1.080304808,1.080304808,0.104,,0.49824,13.0165345,11.309999999999999,101,2.3,33,1,1.2,5.8,39,178,461,0.13,46,201,83,7.7,8,1.7,0.19,2.2,7.2,8.5,6.9
1275,86,389,USNE01,USNE01011,Nebraska,3.0388219,0.725848885,18.28137457,534.746,0.14564,0.35514,56.3795,,1832.6,0.14046,loam,0.86852,,,0.95745,0.0741,,55.6401,,657.9,,217.879,,103.129,,,2.86679,0.809,50.0337,,2.64576,6.67,5.58504,0.91288404,0.91288404,0.085,,0.60488,12.67804593,7.5516,99,2.6,34.4,1.2,1.4,7.3,42,207,480,0.17,61,215,87,11,9,2.1,0.27,2.1,7.2,8.8,7.4
1267,86,387,USNE01,USNE01012,Nebraska,6.128070653,2.755781991,51.16850339,656.521,0.13493,0.63505,73.0743,,3004.93,0.22217,loam,0.8462,,,1.20768,0.1566,,56.4295,,888.413,,330.871,,99.73,,,2.83113,0.77034,59.3915,,4.30493,6.29,10.78909,2.861334372,2.861334372,0.245,,1.53779,20.07220016,51.9912,150,6.9,27.1,2.6,4.3,5.5,33,171,532,0.09,39,209,102,7.1,9,3.3,0.26,5.1,7.2,15.7,11.1
1279,86,389,USNE01,USNE01901,Nebraska,2.999062728,1.355961795,17.31410605,514.721,0.11855,0.32367,55.6993,,1865.28,0.13369,loam,0.91419,,,0.94283,0.0628,,51.2713,,553.508,,205.954,,103.987,,,2.91317,0.79422,42.4641,,2.7845,6.71,5.02022,0.934695209,0.934695209,0.086,,0.5687,12.47460077,8.0388,99,1.8,30.9,0.6,1.2,4.3,35,199,452,0.17,65,169,82,12.6,11,2.7,0.27,2,7.2,9.2,8.1
1286,88,391,USNE03,USNE03001,Nebraska,5.294754529,2.390320856,23.31117068,849.93,0.18476,0.48128,82.9231,,1786.06,0.29341,silt loam,0.35752,,,1.5761,0.338,,266.409,,597.505,,278.37,,49.8879,,,2.69651,2.44512,174.775,,4.05395,4.5,31.21917,1.890972899,1.890972899,0.195,,3.96843,12.79386968,24.6732,220,101.5,61,91.3,10.3,8.8,70,276,378,0.25,138,188,94,5.8,11,6,1.08,3.8,6.2,46.2,15.3
1287,88,391,USNE03,USNE03002,Nebraska,3.012871333,2.000806374,18.47482827,730.377,0.20324,0.59886,108.565,,2516.82,0.20027,silty clay loam,0.5498,,,1.96197,0.109,,139.997,,912.033,,547.893,,51.4622,,,3.76102,2.1781,64.9351,,2.92203,5.34,36.38357,1.513564922,1.513564922,0.153,,2.4732,19.50477799,16.460399999999996,195,18.4,35.5,10,8.5,4.6,40,246,414,0.27,114,269,131,4.6,10,6.6,0.66,3.5,6.6,27.6,16.4
1288,88,391,USNE03,USNE03003,Nebraska,3.290199088,1.986547497,24.76207343,738.849,0.18098,0.52131,110.379,,2982.02,0.1437,silty clay loam,0.7075,,,2.08015,0.0743,,104.277,,467.833,,565.004,,59.7562,,,6.09236,1.68922,10.8265,,1.98453,5.18,39.35367,1.294636152,1.294636152,0.132,,1.22722,20.84453359,30.554399999999998,153,9.3,9.8,3.2,6,3.4,13,211,460,0.35,85,126,126,5.7,13,6.8,0.43,3.3,6.7,19.1,11.3
1289,88,391,USNE03,USNE03004,Nebraska,5.436835031,2.701206381,25.24570773,731.331,,0.512,86.2392,,2212.38,0.30705,silty clay loam,0.46682,,,1.82721,0.1014,,181.168,,404.342,,313.62,,60.3029,,,3.91292,2.90049,45.1737,,2.9108,4.64,34.20887,2.015177798,2.015177798,0.186,,3.73718,14.72920996,19.2444,143,9.1,12.1,2,7.2,4.4,17,199,447,0.23,107,108,101,6,10,5,0.75,3.9,6.3,18.5,9.6
1290,88,391,USNE03,USNE03005,Nebraska,4.711537107,2.737836257,23.79480498,729.925,0.1102,0.51119,91.5921,,2414.02,0.26511,silty clay loam,0.44809,,,2.09099,0.0997,,187.884,,522.436,,375.356,,53.4953,,,3.66721,2.85231,40.3717,,3.25995,4.68,35.73187,2.081827078,2.081827078,0.182,,3.23115,16.55361144,14.894399999999997,143,8.2,14.1,2.5,5.7,4.7,19,199,458,0.22,114,129,116,5.5,9,4.1,0.77,4,6.2,17.6,10.1
1291,88,391,USNE03,USNE03006,Nebraska,4.559655846,2.629202307,27.66387893,627.995,0.13012,0.55831,79.1532,,2655.72,0.24455,silt loam,0.8268,,,1.5126,0.1007,,95.9785,,452.464,,276.298,,81.787,,,2.72573,2.14318,11.4379,,2.64454,5.41,37.55787,2.015876232,2.015876232,0.185,,1.20488,16.75310233,36.6096,171,11.5,1.9,2.5,9.1,3.4,5,163,626,0.18,67,112,97,8.8,8,4.4,0.5,3.9,6.7,24.3,13.5
1292,89,392,USNE04,USNE04001,Nebraska,4.089855831,2.734876033,32.79040193,631.233,0.1896,0.75946,90.3951,,3043.33,0.18029,silty clay loam,0.85146,,,2.83647,0.1261,,134.389,,598.776,,459.096,,83.8229,,,19.29486,2.18321,15.6776,,2.65347,5.78,42.75517,1.518591168,1.518591168,0.152,,3.59025,20.66166543,16.182,196,11,5.9,2.9,8,3.4,9,210,595,0.37,93,164,128,7.1,19,7,0.93,3.3,7.2,26.7,16.9
1293,89,392,USNE04,USNE04002,Nebraska,4.447111484,2.866707819,33.75767045,529.958,0.18445,0.72182,93.614,,3368.93,0.23458,silty clay loam,1.19529,,,2.57588,0.1472,,116.694,,565.421,,432.242,,118.228,,,16.83256,2.39728,19.65,,3.11692,5.98,45.63997,1.584673489,1.584673489,0.167,,3.64524,21.96965019,15.416399999999998,166,13.4,9.8,3.2,10.2,3.5,13,186,653,0.4,86,135,120,8.3,18,6.9,0.82,3.6,7.2,26.2,14.3
1294,89,392,USNE04,USNE04003,Nebraska,4.332796257,2.89751004,29.8885965,557.86,0.11805,0.83756,83.3382,,2870.34,0.23207,silty clay loam,1.0653,,,1.89999,0.1124,,108.095,,477.946,,350.717,,103.469,,,17.34266,2.15332,17.1855,,2.85356,5.84,40.59147,1.665339299,1.665339299,0.159,,3.12421,18.57524855,11.101199999999999,168,12,6.7,3.2,8.8,3.7,10,168,664,0.19,72,124,114,9.1,19,5.2,0.93,3.6,7.2,24.5,14
1295,89,392,USNE04,USNE04004,Nebraska,6.631549431,3.56585327,50.20123486,601.708,0.13992,0.78843,80.9844,,2875.43,0.28043,silty clay loam,0.64031,,,1.88372,0.1412,,136.148,,651.679,,367.829,,69.3633,,,12.29846,2.11542,53.0735,,4.00815,5.62,42.40847,2.258623753,2.258623753,0.207,,5.72258,19.16683743,33.8952,180,10.4,22,2.9,7.5,5.4,27,195,637,0.22,91,183,124,6.8,16,6.4,1.3,4.4,6.7,23.8,14.6
1296,89,392,USNE04,USNE04005,Nebraska,5.687215139,3.530330579,47.29942936,592.091,0.21365,0.78033,87.285,,2915.48,0.25704,silty clay loam,0.57824,,,3.02874,0.134,,181.388,,624.857,,387.515,,62.7711,,,13.43926,2.16423,87.1731,,6.60237,5.57,42.40397,1.805647012,1.805647012,0.169,,9.80492,19.46732336,11.3448,203,10.9,53.2,2,8.9,7.7,61,210,657,0.36,115,212,128,4.3,16,6.8,2.88,3.8,6.6,27.8,16.2
1297,89,392,USNE04,USNE04006,Nebraska,5.453296359,3.233541667,38.1103787,584.933,0.11839,0.68608,75.628,,2471.78,0.23883,silt loam,0.93838,,,1.48738,0.1261,,94.496,,604.183,,297.944,,87.8602,,,9.93726,1.82733,23.6778,,2.77418,5.64,37.30837,1.876198443,1.876198443,0.183,,2.23734,16.43416162,17.504399999999997,168,8.5,8.5,1.9,6.6,4.2,13,161,582,0.19,68,183,104,8.6,14,5.6,0.77,3.6,7.2,22,13.7
1298,90,393,USNE05,USNE05001,Nebraska,5.013801041,2.286455696,38.30383241,517.878,,0.51779,80.1453,,2749.54,0.27051,silty clay loam,0.91928,,,2.01084,0.205,,118.253,,427.998,,438.996,,97.5055,,,19.0409,2.7666,29.1611,,3.01851,6.02,12.6104,1.601733972,1.601733972,0.153933589,,1.91573,18.58621825,32.5032,182,25.4,15.2,4.5,20.9,4.7,20,177,476,0.45,99,148,112,9.8,19,7.7,0.57,3.5,6.6,37,13.8
1299,90,393,USNE05,USNE05002,Nebraska,5.65203068,2.780396975,34.91839268,643.282,,0.55889,69.0741,,2405.2,0.28149,silty clay loam,0.81063,,,1.33476,0.167,,109.805,,434.198,,298.516,,90.3247,,,16.6703,2.2904,27.7755,,2.83736,5.73,15.3593,2.170982399,2.170982399,0.193157927,,1.95831,15.69944297,29.057999999999996,177,11.9,4.9,2.9,9,4.1,9,165,500,0.19,78,119,90,9.6,17,6.2,0.47,4.2,6.5,24.6,13.9
1300,90,393,USNE05,USNE05003,Nebraska,5.347250021,3.119462366,34.91839268,467.99,,0.68126,80.5583,,3177.25,0.2813,silty clay loam,0.67037,,,2.14161,0.186,,176.159,,235.757,,331.416,,70.3655,,,30.2074,2.42957,45.0708,,3.53819,6.05,11.7837,2.299001486,2.299001486,0.185902961,,2.76408,19.38389254,30.6936,165,19.3,29.5,3.3,16.1,4.5,34,141,744,0.21,103,70,120,7.3,24,6.8,0.82,4.5,6.6,30.4,12.6
1301,90,393,USNE05,USNE05004,Nebraska,4.998315005,2.513153919,32.98385564,496.427,,0.58436,81.1648,,2980.85,0.21864,silty clay loam,0.81702,,,2.01918,0.188,,145.55,,350.858,,367.013,,83.3257,,,25.0486,2.4163,30.939,,2.87011,6.09,12.5339,1.810783112,1.810783112,0.165855425,,2.25201,18.97123533,27.526799999999994,168,22.2,15.5,3.5,18.7,4.2,20,191,676,0.29,109,108,124,7.9,25,8.8,0.61,3.7,6.8,34,14.6
1302,90,393,USNE05,USNE05005,Nebraska,5.540132773,2.671023891,35.88566114,548.2,,0.5962,67.4286,,2513.66,0.28669,silty clay loam,1.1129,,,1.58988,0.191,,104.547,,468.358,,274.56,,115.073,,,21.0292,2.38813,21.5464,,2.91859,5.98,14.4326,1.927510822,1.927510822,0.172850789,,1.94085,16.1486503,32.224799999999995,161,20.2,6.5,3.1,17.2,4.2,11,155,568,0.21,75,153,92,13.6,19,6.3,0.57,3.7,6.6,32.2,13
1303,90,393,USNE05,USNE05006,Nebraska,5.556076382,2.685301825,40.72200361,624.69,,0.77717,77.0621,,2972.33,0.25934,silt loam,0.9749,,,1.70666,0.199,,105.762,,408.681,,420.702,,97.2188,,,24.704,2.45914,18.7973,,2.85314,5.99,15.1012,2.04658843,2.04658843,0.185792422,,1.57769,19.52280972,35.6352,180,28.5,9.9,4.4,24.1,4.5,14,202,551,0.23,87,114,106,10.4,23,8.2,0.49,3.9,6.6,41.3,15.1
1304,91,394,USNE06,USNE06001,Nebraska,7.44219751,4.460315315,59.58373923,520.664,,0.62303,64.993,,1861.83,0.24718,silt loam,0.36806,,,1.54757,0.159,,214.987,,458.806,,349.503,,45.5621,,,40.0894,2.02356,39.3675,,3.55678,5.81,13.0777,3.03119403,3.03119403,0.270067821,,5.05169,13.57240393,81.7452,244,5,11.3,3.1,1.8,5.9,17,144,439,0.26,151,152,121,6.6,28,4.5,1.23,5.3,6.3,22.2,18.8
1318,92,399,USNY01,USNY01001,New York,5.218898188,2.55930131,35.40202691,630.754,,0.784473,29.7489,2092.53,2419.59,0.107728,silt loam,0.50594,,0.96,2.28283,0.0983,33.46,138.326,34.8028,55.9229,127.369,156.101,11,91.2877,,12.3459,9.77341,0.64365,59.5038,20.8976,5.91653,7.25,38.6401,1.90878378,1.90878378,0.163,0.58,1.67192,13.58467686,26.204399999999996,96,1.9,32.5,1.1,0.7,5.7,38,129,904,0.28,54,21,92,8.4,12,3.5,0.4,3.5,6.7,6.4,5.3
1319,92,399,USNY01,USNY01002,New York,5.384085454,3.030869565,50.8783228,290.201,,0.991009,28.363,3587.88,3310.03,0.0949949,silt loam,0.358508,,0.58,1.61934,0.1654,30.56,134.616,30.2072,46.0985,125.709,161.095,8.02,62.9988,,16.9393,13.5825,0.43779,33.8164,15.1124,4.43348,8.03,52.7326,2.075818175,2.128135259,0.167,0.44,1.32142,18.06986397,18.2352,121,4.1,24.2,0.7,3.4,4.2,28,89,1280,0.13,34,16,96,3.8,13,5,0.25,3.9,7.2,10.5,6.7
1320,92,399,USNY01,USNY01003,New York,8.209799608,3.640967742,59.100105,734.39,,0.753444,27.597,,2782.67,0.120036,silt loam,0.337851,,,1.16012,0.0981,,138.449,,51.571,,84.0855,,61.4582,,,8.46709,0.610547,48.3463,,5.14436,6.53,45.0557,2.682,2.682,0.233,,1.85566,14.78310956,56.93279999999999,121,5.2,22.1,1.2,4,5.2,27,152,960,0.15,61,19,51,5.5,11,4.3,0.32,5,6.5,12,7.5
1321,92,399,USNY01,USNY01004,New York,4.87488067,2.995985564,43.62380911,666.216,,0.899264,29.9531,2537.92,2903.58,0.111749,silt loam,0.577387,,1.36,3.29507,0.1492,23.52,116.227,33.4895,57.7646,136.509,178.202,9.4,95.6907,,11.6651,8.632,0.643631,22.1021,14.6453,9.31732,7.77,43.2574,2.050609563,2.050609563,0.172,1.4,3.50397,16.18856148,26.97,99,5.3,21.4,1.4,4,4.3,26,121,1015,0.24,39,21,112,6.6,12,3.7,0.59,3.5,7.2,10.8,6.2
1314,92,398,USNY01,USNY01005,New York,6.931559745,3.352518689,52.81285977,556.181,,1.09517,30.0695,2854.5,3169.02,0.110561,silt loam,0.458958,,0.72,1.76606,0.1417,39.9,164.696,49.251,79.5423,160.412,196.248,8.86,80.2177,,10.8267,7.37911,0.581177,97.096,36.9529,4.60441,7.61,48.5738,2.427892915,2.46945874,0.202,0.8,2.08529,17.71653773,32.816399999999994,112,3.2,62.9,0.6,2.6,7.9,71,94,1095,0.21,46,26,123,4.2,10,4.2,0.42,4.6,7.2,9.4,6
1315,92,398,USNY01,USNY01006,New York,7.268286977,3.164720688,44.88125816,675.597,,0.794235,33.1564,,2260.95,0.107405,silt loam,0.454327,,,2.77064,0.102,,184.371,,130.781,,198.375,,80.7164,,,5.74939,0.715144,105.202,,6.762,6.83,36.7735,2.43,2.43,0.201,,2.17332,13.31820839,28.396799999999995,106,4.2,47.5,1.3,2.9,8.3,56,140,879,0.74,76,45,116,6.9,12,3.5,0.63,4.1,7.2,10.5,6.6
1316,92,398,USNY01,USNY01007,New York,9.954181491,4.097850255,63.25935955,416.147,,1.01781,26.1981,3180.01,3272.25,0.113159,silt loam,0.426952,,0.76,1.91456,0.1458,44.02,154.406,51.4646,79.1638,177.223,214.796,11.84,82.7483,,10.3996,6.36082,0.668192,26.3704,17.7462,5.2245,7.59,49.2265,3.167951279,3.167951279,0.241,0.98,2.26981,18.38185653,32.19,126,4,26.1,0.6,3.5,5.1,31,81,1184,0.21,42,30,127,5.3,13,3.9,0.44,5.2,7.2,13,8.4
1317,92,398,USNY01,USNY01008,New York,9.503335445,3.853333333,56.97211432,489.654,,1.36307,27.9455,3006.64,3372.59,0.126084,silt loam,0.496741,,0.68,1.91985,0.142,33.82,152.316,60.9362,100.698,195.39,244.943,10.02,93.9953,,9.5328,5.69831,0.657016,42.6599,18.5454,5.96878,7.8,50.2645,3.005673737,3.014390698,0.241,1,2.66285,19.18711694,39.846,122,2.7,37.8,0.2,2.5,6,44,80,1028,0.17,43,34,129,5.1,11,3.4,0.43,5.9,7.2,10.7,7.6
1310,92,397,USNY01,USNY01009,New York,2.732266904,1.561590494,28.43769375,206.776,,0.661895,27.0657,3328.05,2914.68,0.0693054,silt loam,0.686668,,0.72,1.7474,0.1344,24.88,158.915,29.8347,45.4107,82.5062,109.912,9.4,115.859,,13.4416,10.1544,0.684528,19.942,13.3599,3.06584,8.22,41.1851,1.114766753,1.242943522,0.092,0.26,0.951223,15.6499206,2.8535999999999997,85,0.8,12,0.7,0.1,2.2,14,70,1937,0.31,58,18,110,20,10,4.9,0.23,2.1,7.2,5.7,5.5
1311,92,397,USNY01,USNY01010,New York,3.311504581,1.698635953,24.56861973,542.434,,0.600334,31.3669,2217.7,2341.93,0.0700087,silt loam,0.683774,,0.98,1.9894,0.1345,33.16,168.868,32.189,52.519,87.5718,115.128,13.34,117.083,,10.7272,7.81057,0.606835,24.701,13.3253,3.24706,7.79,33.8652,1.183777408,1.183777408,0.099,0.42,1.28545,12.83767312,4.0367999999999995,69,1.4,23.7,0.8,0.6,3.1,27,135,989,0.41,67,18,79,12.3,12,2.7,0.37,2.3,7.2,6.4,5.6
1312,92,397,USNY01,USNY01011,New York,4.944213546,2.540905492,38.1103787,558.617,,0.805299,27.9497,2556,2924.56,0.0930852,silt loam,0.653513,,0.48,1.38371,0.1256,19.76,109.571,31.0405,50.437,84.8108,114.778,10.74,121.573,,10.6394,7.74532,0.70271,22.3091,12.2892,3.81226,7.88,42.5804,1.812641468,1.812641468,0.152,0.56,1.66324,15.74228429,9.048,87,3.2,27.7,1.1,2.1,3.4,31,113,1017,0.18,42,17,71,9.7,11,3,0.31,3.5,7.2,9,6.4
1313,92,397,USNY01,USNY01012,New York,3.439803596,1.643557914,32.3067677,113.041,,0.617639,27.7439,4227,3557.09,0.0790407,silt loam,0.631168,,0.66,1.70171,0.1545,20.12,117.088,26.7877,40.65,86.1855,115.779,8.52,116.445,,12.8167,8.87243,0.751172,17.8202,11.2175,3.78539,8.1,49.3855,1.340562266,1.744538601,0.093,0.48,1.50415,18.89308156,4.5588,81,1.8,4.9,0.4,1.5,1.6,7,58,2285,0.21,30,11,98,7.8,10,4.4,0.15,2.5,7.2,6.8,4.9
1306,92,396,USNY01,USNY01013,New York,3.435037432,1.887138742,32.3067677,527.902,,0.578137,29.8144,2294.22,2491.48,0.0651548,silt loam,0.669289,,0.56,1.50097,0.1478,21.34,125.043,33.2779,53.2466,80.5521,107.765,8.66,101.131,,10.8762,7.91218,0.655643,20.0925,11.8216,3.3985,7.83,34.704,1.245064668,1.245064668,0.099,0.36,1.20709,13.52637221,6.959999999999999,97,1,25,0.7,0.3,3.6,29,128,1011,0.32,59,22,76,10,12,3,0.39,2.7,7.2,7.1,6.6
1307,92,396,USNY01,USNY01014,New York,3.51002129,1.464650527,41.49581843,107.158,,0.768294,33.8967,4167.35,3473.3,0.0900074,silt loam,0.745189,,1.14,3.14214,0.1398,19.66,223.298,71.0151,104.178,100.802,131.903,9.26,155.457,,11.4096,7.33686,0.86261,19.3088,12.8063,4.48595,8.31,48.8474,1.153917648,1.539302997,0.093,0.26,1.29549,18.76471414,3.4104,85,1.8,7.8,1,0.8,2.1,10,72,2032,0.44,77,29,108,24.9,9,4.7,0.2,2.4,7.2,5.9,4.8
1308,92,396,USNY01,USNY01015,New York,4.364724331,1.68238813,35.2085732,132.442,,0.565899,26.2236,3467.1,2957.92,0.07616,silt loam,0.734411,,0.52,1.38627,0.1434,23.86,138.108,37.0586,56.6294,90.5469,120.043,10.06,132.176,,18.57,7.65185,0.91449,13.7477,11.1532,2.87551,8.12,40.8972,1.295583159,1.425899259,0.093,0.38,1.2275,15.96843084,3.9672,100,2.9,14.4,1.7,1.3,2.6,17,80,1619,0.39,54,25,105,12.1,10,3.8,0.46,2.6,7.2,8.3,5.8
1309,92,396,USNY01,USNY01016,New York,3.82619154,1.975809946,41.97945266,163.132,,0.754322,27.9333,3879.88,3552.93,0.0827944,silt loam,0.647516,,0.86,2.09028,,21.68,110.423,42.6049,65.413,87.0956,120.613,10.1,119.732,,14.239,7.87986,0.751128,21.3705,16.7829,4.3394,8.07,49.1812,1.375389912,1.666732523,0.122,0.56,1.66662,18.97174424,8.247599999999998,91,3,14.7,0.8,2.2,2.6,17,79,1566,0.41,38,22,93,7.9,11,3.2,0.39,2.8,7.2,8.9,6.2
1305,92,395,USNY01,USNY01017,New York,6.253274381,2.6679793,41.97945266,551.405,,1.05676,27.9726,2509.34,2729.47,0.0860795,silt loam,0.507716,,1.06,2.42726,0.1145,32.9,165.113,52.0694,84.1954,136.35,174.185,9.4,82.9188,,12.6031,8.27162,0.583271,53.6973,23.7656,4.9213,7.73,42.6013,1.985045619,1.988785092,0.163,0.82,2.17207,15.35074089,14.198399999999998,95,1.9,44.1,0.5,1.4,5.3,49,107,1022,0.57,53,23,108,5.5,10,3.5,0.49,3.6,7.2,8.7,6.9
1327,93,402,USNY02,USNY02001,New York,3.542950695,1.416390916,21.6668143,519.382,0.13543,0.40903,15.9741,,1204.6,0.05,sand loam,0.83189,,,1.01273,0.0828,,105.157,,46.6187,,117.422,,76.6921,,,2.97546,0.52692,30.0148,,2.31318,7.06,5.6161,1.799972987,1.799972987,0.15,,0.999,7.133988665,6.263999999999999,100,1.2,23.5,0.5,0.7,5.1,29,193,609,0.43,97,46,93,15.1,16,3,0.55,2.2,7.2,9.8,8.2
1328,93,402,USNY02,USNY02002,New York,3.439266352,1.176314063,18.28137457,494.697,,0.59762,14.7287,,1275.28,0.05,loamy sand,0.34658,,,0.76361,0.0737,,84.463,,31.7499,,93.6294,,96.0319,,,2.34263,0.38932,23.4577,,1.65165,6.96,7.01349,0.997201995,0.997201995,0.091,,1.07291,7.248240457,5.045999999999999,73,2.7,16.4,0.9,1.8,3.9,20,155,536,0.48,76,31,67,22.7,8,2.2,0.49,1.5,7.2,9.6,7.7
1329,93,402,USNY02,USNY02003,New York,4.777309551,1.395881377,17.31410605,962.333,0.27274,0.29694,11.5478,,665.977,0.05,loamy sand,0.05,,,0.56789,0.0465,,95.5358,,25.658,,28.5594,,9.09459,,,1.92191,0.2281,50.9348,,2.76609,5.86,10.51034,1.141186437,1.141186437,0.105,,0.64613,3.642027254,8.1084,61,4,12.2,2,2,2.9,15,200,392,0.13,61,19,33,3.5,8,2.6,0.26,1.9,7.2,8,5.4
1330,93,402,USNY02,USNY02004,New York,4.001585552,1.882197195,22.15044852,610.612,,0.550924,17.567,,1663.89,0.0837554,sand loam,0.469721,,,0.99437,0.0626,,99.7032,,48.8545,,115.604,,75.7525,,,6.45111,0.499967,15.2041,,2.08342,6.52,26.5545,1.215,1.215,0.109,,0.895489,9.436133222,6.3336,83,3.1,14.1,0.8,2.2,3.3,17,174,599,0.36,77,31,74,12.5,10,2.1,0.33,2.1,7.2,10.2,7.8
1323,93,401,USNY02,USNY02005,New York,4.251711103,1.247649007,20.21591155,612.078,,0.219618,9.06135,,527.771,0.0815781,loamy sand,0.141695,,,0.707793,0.0392,,110.941,,32.9515,,44.2346,,56.9511,,,3.73046,0.367615,57.4495,,2.38548,5.45,16.6667,1.141,1.141,0.1,,1.36803,3.108190632,6.1248000000000005,54,3.3,13.2,1.9,1.4,4.4,18,150,255,0.2,69,21,36,14.2,9,1.7,0.44,1.5,7.2,7.3,5.2
1324,93,401,USNY02,USNY02006,New York,6.227198817,1.629468723,18.7650088,1084.28,,0.241678,9.70546,,429.385,0.0585157,loamy sand,0.0786511,,,0.524132,0.0469,,151.875,,45.3169,,32.5711,,9.33834,,,3.33843,0.229126,181.865,,3.40951,5.42,19.3091,1.601,1.601,0.136,,0.87913,2.549066728,6.7164,60,5,27.4,2.4,2.6,4.8,32,216,246,0.1,68,21,29,3,9,2.5,0.29,2.3,7.2,8.6,5.2
1325,93,401,USNY02,USNY02007,New York,5.165520031,2.246506357,27.47042523,550.29,,0.671056,12.8859,,1450.91,0.0848659,sand loam,0.368006,,,1.1809,0.093,,112.268,,68.7767,,172.61,,53.5521,,,4.54456,0.526487,85.4047,,2.64164,6.91,26.4462,1.496,1.496,0.136,,1.59505,8.889076259,7.969199999999999,95,5.8,33.5,1.4,4.3,4.8,38,154,670,0.2,78,38,126,9.9,9,3,0.51,2.3,6.6,12.2,7.8
1326,93,401,USNY02,USNY02008,New York,5.925602266,1.758130564,23.11771705,739.927,,0.325352,11.3708,,726.271,0.0826587,loamy sand,0.120017,,,0.862773,0.0506,,116.101,,34.1328,,38.8997,,34.0387,,,3.59046,0.328415,77.5891,,4.2546,5.72,19.3591,1.431,1.431,0.119,,1.80635,4.058651768,9.6048,66,5.3,17.1,2.3,3,4.2,21,159,407,0.2,69,21,36,8.3,10,2.1,0.61,2.3,7.2,10.1,5.1
1322,93,400,USNY02,USNY02009,New York,4.267443606,3.29560259,72.4484102,548.823,,0.844961,28.5701,2720.97,2716.93,0.0747078,sandy clay loam,0.520539,,0.86,1.6351,0.271,27.76,94.6059,167.878,264.079,239.306,271.666,14.52,89.1137,,10.1414,7.84608,0.598214,11.2507,14.1531,1.9879,7.35,41.8339,2.6438006,2.664590585,0.235,0.94,2.05054,16.55977241,32.74679999999999,188,4.1,10.7,0.6,3.5,3.5,14,121,898,0.5,39,57,142,5.1,10,3.4,0.38,3.7,6.5,15.7,12.1
1336,94,405,USNY03,USNY03001,New York,3.143588541,1.825713692,22.63408275,716.299,,0.408307,47.672,,2210.74,0.025,sandy clay loam,0.518165,,,1.99022,0.0746,,147.434,,131.266,,296.457,,43.2758,,,16.9695,0.862396,17.5911,,2.29449,7.09,30.987,1.04,1.04,0.117,,0.992012,13.934535,6.263999999999999,101,0.7,27,0.6,0.1,3,30,226,643,0.35,100,38,128,4,17,2.2,0.2,2.3,6.5,8.4,8.2
1337,94,405,USNY03,USNY03002,New York,4.23075287,3.014579875,33.27403623,826.597,,0.690534,60.7527,,3685,0.0681042,clay,0.507241,,,2.37348,0.1038,,128.472,,215.957,,431.022,,36.408,,,21.1718,1.06683,11.7153,,2.83892,7.12,48.7101,1.881,1.881,0.193,,1.49401,22.66263728,10.196399999999999,126,1.7,9.3,0.5,1.3,2.6,12,222,874,0.18,66,37,160,2.3,17,2.9,0.22,4.2,7.2,10.4,9
1338,94,405,USNY03,USNY03003,New York,4.166450504,3.759126959,35.69220743,797.815,,0.909209,57.4991,4176.87,4210.32,0.0776994,clay,0.499134,,1.16,2.49991,0.1886,37.96,124.946,161.546,234.807,341.903,370.877,9.18,40.441,,17.9334,18.5853,1.03873,19.4613,18.6086,3.49627,7.41,54.7992,2.127014957,2.127014957,0.206,0.82,1.70604,24.82511659,8.8044,132,1.8,8.7,0.2,1.6,2.1,11,208,1180,0.16,51,32,159,2.6,17,3.2,0.21,4.2,6.6,10.4,8.7
1339,94,405,USNY03,USNY03004,New York,3.9769263,3.351604104,27.47042523,802.767,,0.613201,56.0281,,3100.32,0.0599667,clay,0.458024,,,2.48577,0.0796,,133.094,,169.143,,387.386,,26.6209,,,19.4396,1.02083,11.9722,,2.89666,6.99,41.5453,1.675,1.675,0.167,,1.11092,19.24803677,10.579199999999998,97,1.4,13.4,0.4,1,2.5,16,209,769,0.23,62,30,149,2.5,20,2.5,0.16,3.5,7.2,8.7,7.6
1332,94,404,USNY03,USNY03005,New York,6.860374044,3.65443866,41.97945266,798.843,,0.79181,43.5019,,2844.37,0.0987381,clay loam,0.297812,,,2.35851,0.0848,,156.658,,200.422,,358.338,,20.6529,,,17.1835,1.2895,34.8774,,4.42794,6.51,42.4685,2.506,2.506,0.231,,2.07641,17.79661374,28.9884,169,2.5,15.6,1.3,1.2,4.3,20,214,733,0.19,100,55,144,2.4,18,3.6,0.41,4.5,6.9,11.7,10.5
1333,94,404,USNY03,USNY03006,New York,6.910510352,4.437135166,43.91398964,762.147,,0.898355,42.5769,,3129.43,0.0867254,clay loam,0.250881,,,1.89261,0.1001,,128.372,,171.232,,294.452,,21.0489,,,13.6891,1.1117,27.5591,,4.05938,6.58,43.98,2.244,2.244,0.213,,1.57361,18.59949117,55.157999999999994,169,4.7,13,1.1,3.6,4.4,17,181,896,0.16,64,39,136,2,14,3.4,0.29,4.6,7.2,14.5,10.8
1334,94,404,USNY03,USNY03007,New York,5.764142265,3.413606282,39.56128145,767.382,,0.773037,41.9814,,2743.15,0.0772192,clay loam,0.378496,,,2.2273,0.0964,,149.494,,212.222,,305.572,,29.1583,,,13.9575,1.15669,61.4842,,2.27732,6.71,39.7487,2.067,2.067,0.198,,2.02921,16.86702729,18.4092,167,5.5,26.6,3.5,2,5.3,32,218,782,0.24,94,55,137,2.5,17,3.3,0.42,4.1,7.2,13.4,11.3
1335,94,404,USNY03,USNY03008,New York,6.336776589,3.077707882,38.59401293,708.519,,0.572649,30.1589,,1967.1,0.0738086,sandy clay loam,0.238812,,,1.62713,0.0746,,148.245,,132.977,,180.023,,20.7892,,,9.31295,1.08969,49.8136,,3.1951,6.2,31.9468,1.817,1.817,0.175,,1.85423,11.71715005,24.7776,145,4.6,26.3,1.5,3.1,5,31,202,633,0.23,109,51,94,3,11,3.2,0.45,3.3,7.2,13,9.8
1331,94,403,USNY03,USNY03009,New York,10.20915595,4.818076923,45.36489239,575.19,,0.952141,30.6558,,2795.31,0.0852267,sandy clay loam,0.337052,,,2.15692,0.1273,,157.977,,284.881,,301.081,,24.7921,,,7.70471,0.928632,15.6364,,3.38263,6.63,43.206,3.308,3.308,0.301,,2.34391,17.24952141,167.45759999999999,273,2.7,7.7,0.9,1.9,5,13,130,793,0.2,81,70,140,3.3,13,4,0.4,5.6,7.2,19.2,17.1
1353,95,409,USNY04,USNY04001,New York,5.135824107,3.3912786725231787,57.74592912,464.37,,1.40328,22.1105,2479.5,2493.27,0.174922,loam,0.975518,,1.338312,2.80463,0.178,19.0187,97.8673,70.2858,95.4659,277.791,308.778,23.3918,172.219,,11.1892,3.70502,0.875139,31.4398,28.5466,4.77448,7.69,36.91324,1.940351074,2.135090344,0.194412592,1.876482,4.07239,15.30039316,27.6312,134,1.4,16.2,0.1,1.3,3.5,20,99,840,0.22,40,30,204,15.9,12,2.5,0.92,3.8,7.2,9.6,8.2
1354,95,409,USNY04,USNY04002,New York,4.732315494,3.1581897386253512,57.74592912,478.229,,1.34945,23.3983,2611.79,2567.27,0.17468,loam,0.892836,,0.913772,3.12081,0.164,15.33108,125.595,56.5918,80.4299,267.084,296.535,14.99986,171.675,,12.2593,4.90303,0.894384,25.3815,38.8277,5.14045,7.71,38.02174,2.546796383,2.715901184,0.237,1.678216,6.79179,15.53502305,24.9516,136,7.5,15.7,0.5,7,3.7,19,105,938,0.35,51,29,214,16,13,3.8,0.85,3.8,7.2,15,7.9
1355,95,409,USNY04,USNY04003,New York,5.180027178,3.327647058823547,60.6477346,492.203,,1.26994,21.344,2662.04,2519.34,0.171586,loam,0.993596,,1.374468,2.7824,0.193,23.6556,110.636,76.5082,111.462,252.207,291.186,24.2834,163.419,,10.8963,3.58486,0.875967,31.5546,31.6585,4.91884,7.67,36.95214,1.618883534,1.794897546,0.149,2.53754,5.48255,15.32463637,29.58,119,5.9,17.5,0.6,5.3,3.1,21,114,865,0.34,48,36,202,14.7,10,3.1,1.03,4,6.5,12.9,7.5
1356,95,409,USNY04,USNY04004,New York,4.841998358,3.2263758389261654,58.22956336,466.852,,1.55021,22.2576,2264.77,2374.16,0.191094,loam,0.945356,,1.351124,3.01382,0.169,18.08814,101.123,114.7684,162.726,289.544,332.263,23.4006,165.013,,11.0027,4.1723,0.848351,43.2241,21.0233,4.9719,7.76,36.33554,2.682374538,2.749927529,0.237,3.14774,7.04618,15.07504494,30.902399999999997,129,5,21.8,0.9,4.1,4.2,26,104,822,0.26,43,47,223,12.7,10,2.9,1.3,4.1,7.2,13.3,8.5
1357,95,409,USNY04,USNY04005,New York,5.125438197,3.263470149253709,47.49288308,496.095,,1.45057,23.8035,2384.02,2363.29,0.185417,loam,0.995224,,1.347736,2.9874,0.171,17.53026,91.0883,87.1058,120.993,291.398,329.064,24.419,178.477,,24.5099,3.4333,0.979986,25.765,4.65954,4.7934,7.68,35.40264,1.821062405,2.048846911,0.182,2.08618,4.76453,14.88381587,23.0724,108,4.7,14.1,0.4,4.3,3.3,17,103,842,0.22,36,37,221,15.4,10,3,0.9,3.7,7.2,11.3,6.9
1358,95,409,USNY04,USNY04006,New York,5.381534632,3.0386084142394822,52.32922555,475.334,,1.29596,22.5022,2059.08,2164.33,0.179621,loam,0.935589,,1.17875,2.87085,0.159,19.58246,117.486,60.5276,90.7406,272.517,307.503,22.884,172.345,,13.6208,4.23426,1.01258,26.4137,4.06612,4.8593,7.61,33.65694,1.903837514,1.903837514,0.17,1.15505,3.24392,13.63525306,25.3692,108,4.8,15,1.4,3.5,3.4,18,101,752,0.33,50,31,203,22.7,10,3.2,0.73,3.7,7.2,10.2,6.3
1359,95,410,USNY04,USNY04007,New York,4.70435572,3.265007132667603,49.91105431,489.511,,1.43596,22.7873,2291.27,2457.49,0.185996,loam,1.00449,,1.22,2.79344,0.16,20.78,98.5715,76.4269,113.538,287.552,330.321,22.54,171.585,,10.438,5.64209,0.886913,42.2761,5.77718,4.73833,7.73,37.8299,2.125070185,2.340551113,0.217,4.96,8.66694,15.35577892,19.4532,113,6.6,26.7,1,5.5,5,32,104,855,0.49,38,43,241,14.7,13,3.7,1.86,3.8,7.2,11.9,6.1
1360,95,410,USNY04,USNY04008,New York,4.737403384,3.093741007194251,50.39468856,353.794,,1.44364,22.9667,2959.09,2595.84,0.179526,loam,1.00956,,1.375596,3.13135,0.194,16.71228,105.877,71.7948,104.787,253.004,303.214,17.99312,171.161,,9.3302,6.15163,0.935845,31.103,4.9574,4.93157,7.89,39.4937,1.745879463,2.163476461,0.194,1.807236,4.61944,15.80141418,18.374399999999998,115,7.6,25,1.3,6.3,4,29,96,953,0.77,43,35,225,16.3,12,4.1,1.59,3.8,7.2,12,5.5
1361,95,410,USNY04,USNY04009,New York,4.623244138,3.032711864406757,47.97651732,487.227,,1.22568,20.4749,2506.99,2424.88,0.15528,loam,1.07892,,1.2,2.77774,0.163,20.36,106.313,76.7133,113.861,218.74,271.016,17.48,158.838,,7.5038,5.61741,0.820099,22.2616,3.61214,4.85837,7.92,37.1506,1.726536768,1.985532714,0.165,0.9,2.20771,14.69924148,9.3264,112,3.4,13.5,0.2,3.2,3.4,17,106,990,0.62,40,43,221,13.7,12,3.5,0.69,3.3,7.2,10.8,7.5
1362,95,410,USNY04,USNY04010,New York,5.016723928,3.7238310412573736,52.81285979,464.093,,1.42014,23.0898,2771.28,2713.67,0.189808,loam,0.947598,,1.4,3.10027,0.198,23.42,109.51,80.5155,116.903,276.853,321.653,23.52,165.442,,7.2324,6.06745,0.886195,43.2559,5.97314,4.93179,7.82,41.2513,1.787499402,1.979574739,0.165,3.08,6.10488,16.57492318,17.2608,112,5.4,19.5,0.4,4.9,3.9,23,103,848,0.68,41,38,219,14.8,10,3.8,1.41,3.8,7.2,14,8.9
1363,95,410,USNY04,USNY04011,New York,4.434436789,2.127685009487686,47.00924883,527.168,,1.48019,25.7086,2299.33,2463.74,0.194459,loam,1.01049,,1.64,3.44432,0.163,21.7,100.047,74.39,114.167,279.444,335.122,23.66,181.088,,6.0384,5.81087,1.03588,26.2291,4.22942,5.01889,7.81,38.3949,2.179718479,2.179718479,0.178,1.72,4.14577,15.4293839,21.8196,122,6.6,20.1,0.6,6.1,3.9,24,110,847,0.53,41,42,225,14.8,13,3.5,1.15,3.6,7.2,13.5,7.3
1364,95,410,USNY04,USNY04012,New York,4.590387924,1.8822112211221147,39.27110087,469.582,,1.32394,22.7151,2419.71,2508.99,0.175714,loam,0.918316,,1.3,2.93781,0.181,20.46,104.229,68.2731,106.804,254.147,304.625,20.04,168.754,,5.0612,5.45717,0.983252,32.3213,4.51868,4.71778,7.95,38.6688,2.117332242,2.117332242,0.189,1.68,3.88462,15.38107491,10.0224,102,5.3,16.4,1.3,4,3.5,20,119,821,0.89,46,40,227,15,11,3.4,1.08,3.3,7.2,11.6,7.4
1341,95,407,USNY04,USNY04013,New York,4.414590062,2.0097325692454686,50.39468856,176.044,,1.14463,21.3992,3789.63,2957.83,0.171726,loam,1.02238,,1.38,2.96754,0.205,29.56,126.441,54.7546,77.5955,181.411,225.848,20.88,184.455,,6.0831,6.77233,1.09312,17.0951,3.37414,4.98022,7.29,41.6851,1.767274845,2.603408634,0.246,1.12,2.63827,16.89962445,11.0316,103,3.7,10,0.6,3.1,2.6,13,83,1251,0.48,41,23,211,13.5,11,2.9,0.64,3.2,7.2,11.4,8.2
1342,95,407,USNY04,USNY04014,New York,3.971391023,2.1681481481481426,47.97651732,453.822,,1.28174,24.8215,3040.98,2822.28,0.186844,loam,1.0623,,1.46,3.23687,0.198,27.18,114.136,68.5575,106.107,241.479,304.396,22.98,197.075,,4.6014,6.08182,1.0878,20.2471,3.59772,5.30284,7.29,40.6649,1.83314327,2.291806144,0.143,1.5,3.73859,16.94654531,11.101199999999999,81,5.2,15.7,1,4.2,3.2,19,113,884,1.15,46,36,224,22.5,10,2.7,1.57,3.3,7.2,10,5.6
1343,95,407,USNY04,USNY04015,New York,3.838915513,1.9322867680959015,53.78012829,115.177,,0.945388,19.159,4185.18,3327.68,0.143668,loam,1.05956,,1.24,2.55738,0.187,27.86,107.241,49.5653,71.1522,137.393,179.469,18.64,165.471,,38.3279,7.0262,0.912128,21.9938,14.9133,4.28672,7.43,45.8731,1.667093102,2.634195972,0.19,1.92,6.51557,18.34696527,8.7,149,3.9,6.7,0.7,3.2,2.2,9,55,2036,1.18,25,18,161,9.2,12,3.7,0.6,2.9,7.2,12.1,8.9
1344,95,407,USNY04,USNY04016,New York,4.026615681,2.2126386233269724,47.97651732,522.268,,1.27408,26.2271,2373.69,2437.83,0.193524,loam,1.09413,,1.52,3.41601,0.169,29.5,134.013,56.82,85.5308,265.506,318.731,21.92,188.08,,22.4009,6.99744,1.09937,27.195,14.8156,5.46179,7.32,37.9899,2.166430452,2.166430452,0.116,1.82,4.08482,15.09497511,11.3796,131,6.5,13,1.6,4.9,3,16,108,901,0.88,48,25,231,19.4,11,2.9,1.24,3.5,7.2,13.2,8.1
1345,95,407,USNY04,USNY04017,New York,3.976405718,1.985827338129491,43.14017485,531.393,,1.2036,25.6702,1964.18,2188.64,0.189319,loam,0.991475,,1.28,3.03989,0.151,20.88,113.312,50.8068,81.9518,217.555,279.137,21.54,195.206,,17.1812,5.80362,1.06174,33.3573,13.6261,4.92609,7.31,34.7879,2.228863441,2.228863441,0.179,1.4,3.84062,13.50470767,10.8576,128,4.9,16.4,1.1,3.8,3.4,20,114,860,0.54,43,29,205,20.7,10,2.7,0.94,3.1,7.2,11.7,7.8
1346,95,407,USNY04,USNY04018,New York,4.15770233,1.9911538461538405,42.6565406,519.193,,1.46843,25.9828,2253.82,2534.17,0.199091,loam,0.986901,,1.32,3.11751,0.181,23.96,115.058,52.1694,89.5433,249.784,320.268,20.9,178.28,,16.312,8.05917,1.03925,33.6259,17.7255,5.24574,7.4,39.6918,1.682038255,1.791643298,0.168,1.76,4.12019,15.60438811,11.518799999999999,123,3.2,19.3,0.6,2.6,3.8,23,126,802,1.11,54,31,210,24.3,11,2.8,1.24,3.3,7.2,11.5,8.7
1347,95,408,USNY04,USNY04019,New York,3.219580182,1.8386367969494555,38.78746663,365.726,,1.31687,24.2813,2937.64,2776.59,0.182827,loam,1.1891,,1.3,3.06446,0.176,24.34,115.877,62.4645,100.514,189.995,257.605,20.58,205.622,,14.273,6.34257,1.17891,29.3193,18.6217,4.95004,7.55,41.1856,1.28197884,1.969381193,0.139152726,1.56,4.09634,16.31496296,7.621199999999999,133,3.4,20.1,1.2,2.2,3,23,102,1172,0.25,44,37,229,20.1,11,3.3,1.3,3.1,6.4,12.7,10.3
1348,95,408,USNY04,USNY04020,New York,3.724576081,1.7699999999999871,40.72200361,292.303,,1.28791,23.7912,2999.31,2831.12,0.176701,loam,1.05976,,1.4,3.18411,0.183,22.72,106.445,60.1619,103.195,226.176,292.924,21.34,184.166,,13.8806,8.31318,1.03799,24.1999,18.3392,5.033,7.63,41.6673,1.355490758,2.071498248,0.146,1.12,2.72225,16.89738018,8.282399999999999,121,4.5,17.5,1.1,3.4,2.9,20,112,998,0.33,45,35,236,19.5,12,3,0.74,3.2,6.4,12.7,8.8
1349,95,408,USNY04,USNY04021,New York,3.856366805,1.8425883476599898,36.85292964,218.029,,1.10263,20.0394,3564.29,3009.01,0.163332,loam,1.02037,,1.24,2.86275,0.167,22.78,112.802,52.2239,79.7476,130.248,184.177,16.7,171.707,,13.2903,6.07,0.989997,25.2224,14.9219,5.01151,7.71,43.4307,1.358275287,2.131696509,0.148,1.36,3.13517,16.81073068,5.742,132,3.9,10.9,1.4,2.5,2.3,13,86,1590,0.67,37,29,176,11,11,3.3,0.74,3,6.4,10.5,7.6
1350,95,408,USNY04,USNY04022,New York,4.256536507,2.031282660332529,35.88566114,526.704,,1.36131,26.7289,2504.36,2563.55,0.199472,loam,1.13774,,1.46,3.47076,0.161,23.48,110.908,65.5415,103.033,256.054,318.699,21.42,199.064,,12.2258,6.55172,1.10419,27.265,14.6525,5.23942,7.57,38.737,2.157624481,2.438773079,0.149,1.54,3.87326,15.76624795,7.029599999999999,133,6.7,16.2,1.8,4.9,3.1,19,119,956,0.67,46,37,243,17.8,12,3.4,0.93,3.5,6.5,14.3,8.9
1351,95,408,USNY04,USNY04023,New York,3.436369836,1.7355797101449364,34.91839265,512.508,,1.20476,24.7897,2560.65,2595.13,0.178766,loam,1.01685,,1.32,3.06036,0.17,24.66,116.508,53.1354,86.1084,207.565,267.929,20.58,190.808,,11.4819,6.41659,1.07879,21.9969,11.6518,4.84667,7.62,38.6015,1.603451259,1.838160913,0.155,1.5,3.74154,15.45708068,4.3152,131,5.3,13.5,1,4.3,2.5,16,101,1074,0.89,43,27,220,17.3,11,2.9,0.97,2.8,7.2,14.2,9.6
1352,95,408,USNY04,USNY04024,New York,3.684943317,2.030147601476024,32.50022141,521.754,,1.37541,25.8662,2230.01,2282.17,0.194781,loam,1.01406,,1.48,3.3595,0.153,32.84,148.17,58.1328,93.6666,257.136,300.222,22.62,184.479,,9.90775,7.73419,1.14044,29.7612,16.9743,5.51915,7.62,35.5618,1.862152018,1.862152018,0.148,1.4,3.49819,14.18649771,4.8372,118,7.3,22,2.4,4.9,3.5,25,134,906,1.12,62,38,228,22.5,10,3.4,1.21,3,7.2,13.3,7.9
1340,95,406,USNY04,USNY04025,New York,7.963791504,3.3985097192224645,83.28181737,472.08,,1.7651,21.5085,2519.39,2727.16,0.183266,loam,0.7773,,1.38,3.00335,0.209,34.82,125.239,102.2352,153.301,314.032,355.654,26.48,129.451,,4.7994,8.31197,0.787797,34.763,6.33636,5.10755,7.58,44.4717,1.650375061,1.795473609,0.162,2.04,4.12418,17.02880185,59.16,158,6.7,15.9,0.4,6.3,4.4,20,86,865,0.22,40,57,232,7.7,12,3.9,0.72,5.3,7.2,19.2,12.1
1368,96,412,USOH02,USOH02001,Ohio,6.022247905,3.484285714,46.62234143,643.526,,1.11714,32.3042,,2901.01,0.288574,silty clay loam,0.75,,,4.42164,0.1255,,200.101,,341.007,,328.61,,17.1217,,,111.03,1.6465,42.7112,,3.90129,6.18,14.7701,2.48,2.48,0.264,,2.24405,18.60058338,30.7632,185,8.3,19.9,3.5,4.8,6,26,248,686,0.5,170,109,181,2.5,12,4.8,0.52,4.5,6.7,23,16.6
1369,96,412,USOH02,USOH02002,Ohio,5.663229134,4.640395634,47.58960995,680.669,,1.06028,31.6828,,2827.17,0.75,clay loam,0.275815,0.149619,,3.94686,0.1314,,210.576,,332.539,,316.135,,14.0539,,,111.331,1.6697,35.231,,3.96439,6.05,16.2261,2.539,2.539,0.266,,2.21128,18.10702115,35.078399999999995,175,10.3,14.2,4.5,5.8,5.7,20,245,651,0.42,167,103,165,2.4,12,5.1,0.5,4.7,6.7,23.2,16.1
1370,96,412,USOH02,USOH02003,Ohio,5.376992657,3.137088608,41.30236473,651.3,,1.10736,31.6327,,2898.33,0.75,clay loam,0.233597,0.108172,,3.80833,0.1151,,224.499,,301.917,,323.146,,13.595,,,110.775,1.6491,37.4104,,3.689,6.12,13.759,2.276,2.276,0.241,,1.86032,18.44031068,22.793999999999997,183,8.9,17.6,3.8,5.1,5.8,23,255,662,0.48,192,99,170,1.9,12,4.8,0.45,4.6,6.9,23.8,17.3
1371,96,413,USOH02,USOH02004,Ohio,4.000255168,2.621429666,34.04785098,623.466,,1.29143,30.8693,,3177.88,0.253198,clay loam,0.276679,,,4.35853,0.1021,,172.294,,272.003,,332.263,,18.5602,,,111.171,1.27222,33.3435,,3.53507,6.98,11.8749,2.05,2.05,0.215,,1.8157,19.8390542,5.8464,147,6.7,20.7,2.8,3.9,5.5,26,239,781,0.46,155,83,189,1.9,12,4.7,0.42,3.9,7.2,16.9,13
1372,96,413,USOH02,USOH02005,Ohio,4.671798996,3.445341716,35.98238802,625.584,,1.29048,30.2435,,3181.21,0.259736,silty clay loam,0.227749,,,4.32156,0.1108,,180.172,,306.404,,333.94,,16.6443,,,109.913,1.35341,29.8571,,3.31567,6.84,12.148,2.247,2.247,0.234,,1.91845,19.95241737,18.757199999999997,157,5,19.6,2.5,2.5,5.1,25,219,777,0.4,141,84,186,2,11,4.6,0.46,4.5,7.2,15.7,12.7
1373,96,413,USOH02,USOH02006,Ohio,4.91512692,2.39825396,36.46602225,603.764,,1.30575,29.766,,3007.08,0.234152,clay loam,0.282611,,,4.24035,0.099,,136.81,,287.48,,330.337,,17.8366,,,110.13,1.31897,26.2093,,3.42257,6.89,12.694,1.998,1.998,0.215,,1.73125,19.00416275,17.2608,150,5.2,18.5,2.9,2.3,4.8,23,236,798,0.46,127,81,196,2.1,12,4.2,0.41,4,7.2,15.8,12.9
1365,96,411,USOH02,USOH02007,Ohio,5.283318684,3.383098606,48.55687841,407.181,,1.42678,41.9833,,4398.41,0.16749,clay loam,0.75,,,2.27567,0.1107,,80.2195,,298.128,,318.866,,77.7997,,,109.488,2.03082,49.2871,,3.15697,6.76,18.573,2.409,2.409,0.245,,2.71075,25.88973239,26.622,163,6.8,14,4.3,2.5,5.1,19,252,784,0.44,163,133,183,3,16,5.7,0.49,4.4,6.7,16.8,14
1366,96,411,USOH02,USOH02008,Ohio,5.286240419,3.375058878,37.916925,686.297,,1.13128,33.3534,,2850.58,0.261642,silty clay loam,0.75,,,4.55274,0.0966,,234.539,,328.487,,324.046,,21.4396,,,108.113,1.68366,39.2607,,3.79667,6.49,15.1858,2.237,2.237,0.242,,2.12542,18.26561454,20.5668,163,6.7,20.6,4.8,1.9,5.7,26,279,630,0.57,211,110,167,3.3,13,5.3,0.52,4,7.2,16.8,14.4
1367,96,411,USOH02,USOH02009,Ohio,4.80890815,3.021110338,35.0151195,694.638,,1.13784,34.1648,,2934.16,0.257159,clay loam,0.75,,,3.90533,0.0907,,236,,309.371,,317.77,,18.027,,,111.054,1.60126,30.6391,,3.72718,6.46,15.5278,2.104,2.104,0.221,,1.90593,18.59498613,14.720399999999998,164,5.7,15,4.4,1.3,5,20,267,644,0.49,198,101,162,2.5,13,5,0.45,3.9,6.8,15.5,13.8
1377,96,415,USOH02,USOH02010,Ohio,5.126073738,4.979901759,46.1387072,689.281,,2.03936,35.2255,,3941.95,0.411794,clay loam,0.308009,,,5.33503,0.224,,172.583,,626.579,,451.369,,19.0682,,,182.383,1.56101,54.7945,,4.66812,6.57,21.8849,3.747,3.747,0.373,,3.34049,25.87074099,58.255199999999995,245,10.8,21.2,2.6,8.2,6,27,203,803,0.36,109,119,236,1.6,11,5.1,0.49,5.6,6.7,34.6,24.3
1378,96,415,USOH02,USOH02011,Ohio,6.620972002,4.407089875,41.78599895,767.268,,1.57949,35.5871,,3478.16,0.378221,clay loam,0.277619,,,5.29798,0.149,,244.106,,537.493,,428.247,,17.0008,,,181.021,1.82634,59.2241,,5.01045,6.2,19.9832,2.91,2.91,0.311,,3.19284,23.12476064,57.45479999999999,193,10.3,23,3.1,7.3,5.2,28,216,691,0.42,163,127,197,2,12,4.4,0.58,6,6.6,29.6,20.4
1379,96,415,USOH02,USOH02012,Ohio,5.453375973,4.751284844,45.17143868,714.123,,1.68301,34.7345,,3686.43,0.410998,clay loam,0.293857,,,5.01902,0.163,,174.32,,481.813,,428.507,,16.4347,,,178.909,1.60672,48.8074,,5.13791,6.37,32.5424,3.283,3.283,0.34,,3.71847,24.01632526,59.6472,208,8.8,19.7,2.3,6.5,5.7,25,205,787,0.35,108,111,217,1.7,11,4.2,0.63,6.2,7.2,27.8,20.5
1380,96,416,USOH02,USOH02013,Ohio,4.495830381,2.922834008,36.94965648,618.801,,1.53036,30.2197,,3341.24,0.275479,clay loam,0.75,,,4.26237,0.137,,166.717,,291.15,,379.392,,19.2505,,,109.21,1.29494,42.428,,4.12036,6.47,12.8406,2.488,2.488,0.249,,2.17814,21.08916489,41.1336,184,6.4,25.5,2.2,4.2,5.7,31,177,970,0.35,95,74,246,2.7,12,4.1,0.45,4.6,7.2,21.2,16.9
1381,96,416,USOH02,USOH02014,Ohio,4.416771849,3.612671194,50.00778116,605.595,,1.32729,30.882,,3460.38,0.320548,clay loam,0.75,,,4.31937,0.181,,139.94,,313.648,,381.408,,20.8105,,,109.392,1.24356,34.1185,,4.16371,6.69,12.8851,2.693,2.693,0.26,,2.14747,21.76014324,39.880799999999994,207,7.2,26.7,3,4.2,6.2,33,208,837,0.37,125,86,238,2.1,11,4.8,0.59,5.2,7.2,24.3,19
1382,96,416,USOH02,USOH02015,Ohio,4.640486387,3.221957295,33.08058252,647.911,,1.21013,29.2306,,3071.58,0.304445,clay loam,0.75,,,4.69734,0.105,,197,,295.897,,371.511,,13.725,,,110.348,1.44326,43.7655,,4.43002,6.3,14.679,2.779,2.779,0.273,,2.21486,19.69230967,38.7672,190,6,23.5,2.9,3.1,6.3,30,228,757,0.46,140,84,221,1.7,11,4.9,0.54,5,7.2,21.1,17.2
1374,96,414,USOH02,USOH02016,Ohio,5.547726243,3.730941412,40.81873043,833.826,,0.971923,28.032,,2451.2,0.293059,clay loam,0.75,,,3.57592,0.11,,272.031,,323.745,,334.255,,14.734,,,109.193,1.70438,102.001,,4.69748,5.43,18.7628,2.883,2.883,0.293,,2.90633,16.34632961,68.6952,189,8,44.4,5.6,2.3,9.7,54,362,506,0.4,228,132,166,3,12,5.4,0.79,6.1,6.1,18.3,15.5
1375,96,414,USOH02,USOH02017,Ohio,4.538287834,3.472950153,38.88419345,693.833,,0.968617,32.0755,,2849.06,0.290279,clay loam,0.75,,,4.16973,0.139,,216.465,,369.236,,360.492,,18.5123,,,111.65,1.57787,45.3571,,4.25615,6.26,15.6972,2.351,2.351,0.234,,2.50037,18.68159431,101.3724,181,8.4,31,4.9,3.5,7,38,276,641,0.42,219,131,189,3,12,5.5,0.76,6,6.6,20.7,16.3
1376,96,414,USOH02,USOH02018,Ohio,8.616280374,4.002209738,36.46602225,859.514,,0.930333,31.8418,,2550.95,0.297042,clay loam,0.75,,,4.98212,0.0978,,279.066,,299.741,,316.173,,15.7519,,,110.435,1.94685,48.585,,4.35068,5.53,19.2589,2.52,2.52,0.26,,2.45325,16.63824679,48.511199999999995,184,8.4,26.9,5.3,3.1,7.8,35,357,431,0.51,277,118,127,3.6,11,5.8,0.73,5.9,5.8,19.6,15.2
1386,96,418,USOH02,USOH02019,Ohio,4.590318978,2.987603912,31.62967977,665.032,,1.4632,34.222,,3534.38,0.259979,silty clay loam,0.75,,,4.49778,0.1112,,148.542,,279.998,,361.383,,15.7755,,,110.084,1.23459,33.9082,,3.64315,7.09,12.6933,2.1,2.1,0.231,,1.86096,21.87999476,11.797199999999998,153,5,22.4,2.6,2.4,4.8,27,228,840,0.39,106,98,204,1.3,15,4.2,0.38,4,7.2,16.9,13.7
1387,96,418,USOH02,USOH02020,Ohio,4.28182252,2.799693005,32.113314,752.37,,1.83064,41.7726,,3818.44,0.302953,clay loam,0.232651,,,4.9479,0.0989,,184.032,,391.119,,407.959,,13.626,,,175.844,1.35259,34.9153,,4.03146,6.94,16.8537,1.862,1.862,0.208,,2.24358,24.25926681,13.919999999999998,148,4.3,21.8,2.3,2,4.5,26,211,776,0.39,115,64,186,1.1,12,3.7,0.35,3.7,7.2,15.2,12.4
1388,96,418,USOH02,USOH02021,Ohio,4.20527585,2.793474178,33.08058252,729.174,,1.70845,40.7045,,3578.62,0.26758,clay,0.327661,,,5.17873,0.1119,,160.373,,403.005,,395.746,,20.2263,,,173.866,1.35328,28.1388,,4.14681,6.95,15.207,2.365,2.365,0.218,,1.73226,22.98026873,13.745999999999999,141,5.7,20.6,2.1,3.6,4.5,25,214,775,0.4,106,78,189,1.6,11,3.8,0.31,3.6,7.2,17.2,13
1389,96,419,USOH02,USOH02022,Ohio,2.864393367,2.341290478,26.30970307,704.853,,1.48511,36.1868,3561.25,3834.11,0.232414,silty clay loam,0.35421,,2.33284,4.58497,0.1349,39.1992,163.04,157.179,275.593,460.446,345.56,5.6637,25.2824,,12.5367,115.59,1.05752,21.4721,3.69884,3.91998,7.52,11.9718,1.568511359,1.568511359,0.174,0.381816,1.70612,23.25943063,5.5332,114,3.6,17.8,1.6,2,3.8,22,221,910,0.39,98,50,186,2,14,3.8,0.24,3.2,7.2,11.9,9.4
1390,96,419,USOH02,USOH02023,Ohio,3.369581405,2.819370765,25.82606877,799.904,,1.68052,42.8664,,3759.54,0.295275,clay,0.317674,,,6.39764,0.0886,,270.273,,388.693,,382.187,,26.7132,,,182.129,1.50632,27.9297,,4.30504,7.13,14.4371,1.716,1.716,0.184,,2.05898,23.77110568,5.3591999999999995,118,4.8,20.7,2.8,2,4,25,229,790,0.48,147,68,175,1.9,14,3.6,0.36,3.5,7.2,12.3,9.8
1391,96,419,USOH02,USOH02024,Ohio,2.974939311,2.721207958,26.7933373,704.875,,1.44251,35.3005,3240.84,3575.95,0.21429,silty clay loam,0.310341,,2.60374,4.72021,0.0989,50.2784,181.09,169.507,291.257,476.227,350.656,6.1338,22.6391,,12.7678,113.422,1.06712,21.7635,3.86272,3.77954,7.45,11.1696,1.287014245,1.539634478,0.174,0.407762,1.54949,22.04183532,5.1504,109,3.3,18.8,2,1.3,3.8,23,221,825,0.43,124,56,184,2,13,3.5,0.28,3.2,7.2,10.9,9.2
1383,96,417,USOH02,USOH02025,Ohio,3.50703013,2.538850433,28.72787427,787.395,,1.57879,44.4076,,3789.66,0.307461,clay,0.336353,,,6.48901,0.1063,,260.003,,382.507,,368.48,,26.8881,,,178.157,1.46777,23.5547,,4.32731,7.08,16.7507,1.854,1.854,0.19,,1.8457,23.77434958,10.44,122,4.6,15.2,2.6,2,4.1,19,234,778,0.59,177,70,169,3.3,14,5.1,0.37,3.6,7.2,12.8,10.3
1384,96,417,USOH02,USOH02026,Ohio,4.083835722,3.310462428,30.66241125,789.001,,1.68749,42.7648,,3806.62,0.33846,silty clay,0.290555,,,6.76446,0.1091,,281.212,,408.805,,388.917,,24.7557,,,179.132,1.57726,25.1614,,4.31384,6.97,15.6512,1.922,1.922,0.213,,2.12839,24.10112784,10.787999999999998,133,5.6,18.2,3.5,2.1,4.5,23,241,809,0.56,186,80,187,2.8,12,5.1,0.43,3.8,7.2,14,11.6
1385,96,417,USOH02,USOH02027,Ohio,4.489933976,3.096932309,26.7933373,808.167,,1.47489,42.047,,3507.5,0.350583,clay loam,0.218017,,,7.07499,0.0929,,307.635,,374.211,,368.328,,17.4244,,,178.386,1.7585,32.5374,,4.34622,6.72,17.0493,1.836,1.836,0.207,,2.03348,22.34200688,9.291599999999999,142,7,16.8,4.3,2.8,4.5,21,254,718,0.65,204,80,170,1.8,14,5.1,0.46,3.7,7.2,15.8,12.5
1395,97,421,USOH03,USOH03001,Ohio,7.830746366,2.866366509,60.35755405,660.039,0.18934,0.7638,42.3174,,1095.24,0.05,silt loam,0.80242,,,1.05957,0.1249,,169.245,,343.688,,162.239,,163.99,,,1.88581,0.70498,67.2071,,5.04434,6.17,12.25299,2.057384753,2.057384753,0.202,,1.80269,7.717642799,57.45479999999999,129,4.7,18.8,2.4,2.3,5,24,138,501,0.21,64,141,100,39.9,9,4.6,0.61,3.9,7.2,14.7,10.5
1396,97,421,USOH03,USOH03002,Ohio,7.441480571,2.786889924,59.39028552,638.757,0.23062,0.59598,43.0378,,1197.79,0.05,silt loam,0.85795,,,1.18845,0.1146,,148.45,,321.577,,203.16,,195.98,,,1.52603,0.71712,39.3746,,4.20703,6.38,10.81689,1.739646699,1.739646699,0.177,,1.69738,8.51314174,57.071999999999996,157,6.7,13.1,3.2,3.4,3.9,17,135,549,0.25,69,118,120,51,9,4.5,0.61,3.8,7.2,18.3,12.4
1397,97,421,USOH03,USOH03003,Ohio,6.985633588,2.716127946,57.93938284,661.481,0.16173,0.46954,45.1518,,1073.93,0.05,silt loam,0.86187,,,1.01473,0.1153,,143.841,,257.39,,179.525,,206.237,,,1.53592,0.70752,42.0664,,4.11918,6.16,9.94639,1.747064231,1.747064231,0.173,,1.69674,7.532344631,52.3392,134,5,11.3,2.3,2.7,3.6,15,137,457,0.26,61,89,102,49.4,8,3.8,0.61,3.3,7.2,14.4,9.1
1398,97,422,USOH03,USOH03004,Ohio,6.353418672,2.369887451,44.39762386,653.873,0.19189,0.43392,43.4437,,1030.48,0.05,silt loam,0.91286,,,1.04738,0.0872,,169.534,,211.526,,158.514,,186.403,,,1.86892,0.6941,56.5094,,4.98303,6.27,9.68879,1.455672558,1.455672558,0.145,,1.67989,7.023850635,11.309999999999999,110,3.6,18.9,2.4,1.3,4.5,23,140,476,0.27,63,112,101,52.1,9,3.5,0.66,3.2,7.2,10,7
1399,97,422,USOH03,USOH03005,Ohio,5.966696458,2.578139535,60.35755405,597.999,0.14778,0.5421,39.6993,,1260.41,0.05,silt loam,0.83788,,,1.29876,0.1055,,158.255,,269.494,,207.782,,180.789,,,0.9675,0.73203,50.0967,,4.14665,6.49,22.96857,1.493934372,1.493934372,0.153,,1.83709,8.728783768,20.7408,124,5.5,19.1,2.2,3.3,4.2,23,136,558,0.36,67,102,121,42.3,11,3.6,0.62,3.2,7.2,15.1,9.5
1400,97,422,USOH03,USOH03006,Ohio,5.66267609,2.20683324,44.88125816,645.398,0.16633,0.39168,41.8784,,911.446,0.05,silt loam,0.75368,,,0.99795,0.1025,,159.041,,228.872,,139.5,,170.01,,,0.91273,0.71063,52.0055,,3.8604,6,20.12177,1.314812716,1.314812716,0.135,,1.64576,6.310550673,14.3376,115,6,15.7,2.2,3.8,3.9,20,149,409,0.41,59,107,85,39.6,10,4.2,0.61,2.8,7.2,14.9,9.1
1392,97,420,USOH03,USOH03007,Ohio,7.594901781,2.867725876,51.65213761,688.055,0.10835,0.42741,45.5909,,980.963,0.05,silt loam,0.68881,,,1.1087,0.0812,,172.446,,252.166,,148.266,,173.327,,,1.06385,0.80661,47.3768,,4.46224,5.98,21.84627,1.843123651,1.843123651,0.17,,1.82754,6.791570969,35.35679999999999,122,2.6,11.9,1.7,0.9,3.6,16,144,430,0.23,68,113,84,43.1,10,3.7,0.59,3.8,7.2,11,8.9
1393,97,420,USOH03,USOH03008,Ohio,6.806364449,3.71984326,50.20123486,650.249,0.13344,0.57241,43.3598,,1091.78,0.05,silt loam,0.76645,,,1.21315,0.0868,,155.375,,233.155,,180.979,,178.93,,,1.21729,0.84685,33.1875,,4.08237,6.02,21.29877,1.509727621,1.509727621,0.156,,1.62922,7.570185187,18.548399999999997,143,5.5,10.1,1.7,3.8,2.9,13,148,433,0.28,74,89,91,45,10,3.7,0.55,3.3,7.2,17.7,12.2
1394,97,420,USOH03,USOH03009,Ohio,6.380477384,2.118993289,47.29942936,680.611,0.14179,0.405,39.7761,,698.868,0.05,silt loam,0.72164,,,0.79014,0.0683,,160.852,,229.29,,102.44,,170.419,,,1.5857,0.73586,51.602,,3.77723,5.31,16.94227,1.267272794,1.267272794,0.132,,1.45982,4.942828989,15.8688,99,5.9,11.7,3.8,2.1,3.2,15,178,277,0.25,70,106,54,43.1,9,3.3,0.53,3,7.2,9.6,5.4
1404,97,424,USOH03,USOH03010,Ohio,8.142394844,3.1226451,63.25935955,624.067,,0.68305,46.6394,,1362.74,0.10428,silt loam,0.93431,,,1.12382,0.0974,,150.656,,145.294,,257.234,,206.309,,,3.04818,0.8253,37.0367,,4.74857,6.07,24.77527,1.931468601,1.931468601,0.197,,1.91788,9.343119192,33.6864,146,2.5,13.5,1.4,1.1,3.5,17,141,513,0.25,73,41,126,54.3,12,4.3,0.59,3.8,7.2,12.9,10.1
1405,97,424,USOH03,USOH03011,Ohio,7.833998659,3.46557268,56.77866061,653.603,0.1171,0.71375,44.9844,,1430.93,0.1023,silt loam,1.08003,,,1.26668,0.1085,,164.695,,106.684,,258.906,,223.745,,,4.0313,0.81158,39.1008,,4.88295,6.13,11.73647,1.976916987,1.976916987,0.202,,1.91768,9.603276851,60.621599999999994,135,4.3,12.2,2.3,2,3.6,16,136,543,0.29,66,49,130,58.2,10,4.4,0.56,4.1,7.2,14,9.9
1406,97,424,USOH03,USOH03012,Ohio,6.889605443,2.300220935,57.74592914,725.639,0.13496,0.44049,46.8344,,978.076,0.05,silt loam,0.70943,,,1.00815,0.1033,,165.094,,157.662,,165.674,,169.264,,,2.21235,0.96619,52.8416,,4.05757,5.37,11.42777,1.811786428,1.811786428,0.187,,2.03605,6.684881384,76.45559999999999,134,5.1,12.2,2.3,2.7,3.4,16,157,383,0.29,63,60,91,37.9,9,3.6,0.63,3.7,7.2,13.8,9.4
1407,97,425,USOH03,USOH03013,Ohio,5.697520229,2.44154973,46.62234143,608.821,0.13896,0.50175,40.853,,1165.77,0.05,silt loam,0.86364,,,0.99123,0.0807,,151.256,,181.792,,209.741,,184.624,,,2.10484,0.72545,37.8498,,4.3374,6.28,8.54327,1.373446701,1.373446701,0.138,,1.49456,8.051977003,19.7316,95,5.4,13.7,3.3,2.1,3.2,17,143,519,0.21,63,82,126,43.6,10,3,0.53,3,7.2,9.6,5.4
1408,97,425,USOH03,USOH03014,Ohio,7.113398134,3.230395169,47.58960995,664.586,0.12839,0.52426,47.7577,,1176.37,0.05,silt loam,0.92977,,,0.93877,0.0727,,142.934,,170.273,,216.83,,207.972,,,2.52804,0.85366,34.0222,,4.47868,6.13,8.80897,1.557928359,1.557928359,0.156,,1.7006,8.136356322,25.299599999999998,100,5.4,12.6,2.7,2.7,3.5,16,137,469,0.2,65,80,113,51.6,10,3,0.57,3.6,7.2,10.7,6.3
1409,97,425,USOH03,USOH03015,Ohio,7.141561368,2.649965397,47.10597566,695.553,0.11035,0.5159,44.5294,,948.67,0.05,silt loam,0.68967,,,1.03577,0.0914,,182.581,,189.973,,150.429,,175.333,,,1.91396,0.87655,41.8236,,3.81686,5.91,9.06187,1.454245693,1.454245693,0.15,,1.67992,6.492358052,12.3888,110,4.8,13.7,2.5,2.3,3.5,17,155,369,0.28,82,92,83,42.5,9,3.3,0.58,3.3,7.2,10.1,5.9
1401,97,423,USOH03,USOH03016,Ohio,7.393799282,3.197995581,50.97504968,789.717,0.14394,0.39248,32.935,,678.348,0.05,silt loam,0.68757,,,0.98975,0.0614,,200.757,,154.163,,120.338,,168.394,,,2.24159,0.76107,51.3709,,4.77281,5.32,13.13727,1.449668767,1.449668767,0.137,,1.50213,4.79959724,14.094,101,4.5,11,3.2,1.4,3.1,14,175,284,0.35,75,81,68,45.9,9,3.9,0.55,3.6,7.2,8.2,5.2
1402,97,423,USOH03,USOH03017,Ohio,7.879592874,2.966161267,50.97504968,695.999,0.12381,0.53708,42.3147,,1191.77,0.1005,silt loam,0.8142,,,1.28957,0.0801,,180.487,,187.276,,201.379,,194.399,,,2.59951,0.80843,45.7184,,4.74733,6.12,9.64477,1.858453987,1.858453987,0.172,,1.78921,8.128506181,49.7292,109,4.3,13.5,2.3,1.9,3.6,17,145,461,0.34,77,84,107,57.8,10,3.5,0.58,4.4,7.2,10,6.5
1403,97,423,USOH03,USOH03018,Ohio,7.444663738,3.107749896,54.84412364,814.332,0.13419,0.40466,34.4158,,460.435,0.05,silt loam,0.50613,,,0.86307,0.0513,,184.658,,215.129,,81.8032,,160.799,,,0.85997,0.8147,58.8535,,22.8511,5.05,17.91457,1.486681745,1.486681745,0.144,,1.31057,3.539229066,24.986399999999996,132,4.4,15.3,2.5,1.8,4.4,20,208,170,0.36,84,82,35,33.5,9,4.5,0.47,3.4,7.2,11.3,8.2
1413,97,427,USOH03,USOH03019,Ohio,6.634871473,2.489475277,52.90958666,649.356,0.14594,0.49048,40.0885,,1016.34,0.05,silt loam,1.03898,,,1.08082,0.0912,,155.404,,176.038,,189.91,,179.649,,,1.73007,0.697,24.5687,,4.14883,5.98,22.09807,1.483697681,1.483697681,0.156,,1.32975,7.123185911,13.154399999999999,136,4.5,6.5,2.3,2.2,2.5,9,145,405,0.28,69,74,101,47.6,9,4.5,0.44,3.3,7.2,13.4,8.8
1414,97,427,USOH03,USOH03020,Ohio,6.665382251,2.511203178,51.45868391,634.749,0.15849,0.51085,44.673,,1101.1,0.05,silt loam,0.89826,,,1.18492,0.0903,,171.736,,212.178,,191.388,,188.19,,,1.24989,0.75095,47.1074,,4.47636,6.12,21.60157,1.419746728,1.419746728,0.153,,1.61326,7.649881217,36.157199999999996,128,4.8,14.9,2.3,2.5,4.1,19,141,466,0.28,79,107,107,55.2,10,3.9,0.55,3.6,7.2,14.1,9.5
1415,97,427,USOH03,USOH03021,Ohio,5.764474555,2.245516866,47.58960995,555.784,,0.49456,36.2551,,989.455,0.05,silt loam,0.86524,,,0.75517,0.0914,,114.221,,181.086,,168.098,,144.163,,,1.95389,0.52549,34.8664,,3.49224,6.34,8.17868,1.312146777,1.312146777,0.134201649,,1.13145,6.820910375,17.678399999999996,128,7,11.1,3.8,3.2,3.2,14,145,455,0.21,52,103,106,36.8,9,3.2,0.45,2.9,7.2,15,9.4
1416,97,428,USOH03,USOH03022,Ohio,4.796488999,2.245099602,38.88419345,565.728,,0.45753,38.5464,,1201.17,0.05,silt loam,1.06866,,,1.03212,0.0813,,128.226,,139.175,,212,,182.455,,,2.43662,0.58712,26.0436,,3.91727,6.96,7.53072,1.29452488,1.29452488,0.127772113,,1.16188,8.139969751,11.6928,122,5,10.3,2.8,2.1,2.7,13,145,583,0.26,56,70,143,46.6,11,3.5,0.46,2.9,7.2,11.4,6.8
1417,97,428,USOH03,USOH03023,Ohio,5.31464915,2.100905307,39.85146198,581.791,,0.41768,40.0603,,1066.27,0.05,silt loam,0.87998,,,1.13798,0.0808,,153.1,,147.522,,179.642,,189.769,,,1.952,0.6725,37.3417,,3.77019,6.49,8.12168,1.384286484,1.384286484,0.131790267,,1.46792,7.215115485,14.720399999999998,111,4.8,11.9,2.9,1.9,3.2,15,140,451,0.37,67,82,100,54,10,3.5,0.53,3.1,7.2,11.6,7.3
1418,97,428,USOH03,USOH03024,Ohio,5.124464862,2.102137365,36.94965648,574.138,,0.35617,38.9361,,875.494,0.05,silt loam,0.95275,,,0.87515,0.0628,,136.715,,161.425,,164.235,,162.783,,,1.93547,0.60992,35.0461,,3.80872,6.19,7.13335,1.16402842,1.16402842,0.110990254,,1.28168,6.168420989,11.588399999999998,122,4.4,13,2.4,2,2.9,16,149,360,0.38,66,98,90,41.3,8,3.2,0.53,2.7,7.2,11.5,7.5
1410,97,426,USOH03,USOH03025,Ohio,6.179937315,2.619246231,67.41861409,594.443,,0.43198,35.3288,,1048.9,0.05,silt loam,0.84376,,,1.01421,0.0859,,158.902,,161.585,,164.927,,153.767,,,1.97857,0.62057,33.4968,,4.09358,6.22,10.50928,1.614888893,1.614888893,0.15212764,,1.3522,7.04181526,12.5628,120,4.4,9.4,2,2.4,2.8,12,138,461,0.31,64,104,102,37.9,10,3.7,0.48,3.5,7.2,12.2,8.3
1411,97,426,USOH03,USOH03026,Ohio,6.425659395,2.5900883,35.49875373,600.038,,0.40636,38.8802,,1027.69,0.05,silt loam,0.83647,,,1.06367,0.0873,,156.141,,167.815,,159.559,,188.911,,,1.58723,0.7469,42.5226,,3.92547,6.17,10.02768,1.536807654,1.536807654,0.145514463,,1.56454,6.905304881,12.702,122,6.1,13.8,3.3,2.9,3.6,17,147,440,0.38,65,113,98,53.3,10,3.7,0.57,3.2,7.2,13,8
1412,97,426,USOH03,USOH03027,Ohio,5.149909963,2.03835443,31.14604555,599.746,,0.37851,36.2433,,735.117,0.05,silt loam,0.87336,,,0.72971,0.075,,126.971,,163.653,,123.371,,145.519,,,1.90495,0.58549,30.8412,,3.45671,5.79,8.62548,1.115216832,1.115216832,0.113131416,,1.01425,5.131583757,9.6048,126,5.6,9.8,3.1,2.5,2.8,13,169,299,0.42,65,100,60,39.6,10,3.4,0.47,2.6,7.2,11.2,7.2
1423,98,431,USOK01,USOK01001,Oklahoma,5.786121744,2.51801061,47.49288308,506.336,,0.902937,44.0051,,1776.19,0.106239,loam,0.587881,,,1.60803,0.0889,,174.876,,220.993,,242.101,,47.2723,,,114.799,0.892149,12.11,,3.21788,6.3,15.1795,1.94736376,1.94736376,0.172,,1.90226,11.96423364,55.19279999999999,116,2.9,3.9,2.1,0.8,2.1,6,145,450,0.27,164,52,125,8.5,18,3.6,0.54,3.5,6.7,11.2,9.9
1425,98,432,USOK01,USOK01002,Oklahoma,7.175537987,2.850593849416729,49.91105431,470.959,,0.940616,48.6579,,2126.8,0.115031,loam,0.706035,,,2.08096,0.0989,,192.473,,270.167,,286.296,,67.8572,,,114.628,1.3309,14.2436,,3.84518,6.21,15.8779,2.142551981,2.142551981,0.189,,2.47428,14.21091912,68.03399999999999,121,4.6,2.5,2.3,2.3,2.7,5,136,510,0.31,154,62,148,9.9,15,3.7,0.65,4.2,6.7,13.6,10
1424,98,431,USOK01,USOK01003,Oklahoma,5.961759363,2.3356265477959637,43.14017485,440.35,,1.07543,51.7961,,2212.61,0.127402,loam,0.823293,,,2.10259,0.0971,,185.437,,288.562,,309.438,,84.8925,,,117.28,1.59326,13.6436,,4.38904,6.3,17.4132,2.035652045,2.035652045,0.178,,2.28824,14.89151611,68.8344,121,5.1,2,2.8,2.3,3,5,136,553,0.31,158,73,169,11.6,15,4.5,0.64,4.1,6.7,13.8,10.5
1426,98,432,USOK01,USOK01004,Oklahoma,6.191861554,2.7865745856353694,45.55834609,522.216,,0.887406,52.9228,,1955.27,0.105581,loam,0.588867,,,1.62727,0.1022,,165.25,,218.478,,279.7,,49.7908,,,115.993,1.09712,16.4474,,2.98567,6.07,15.9587,2.203022486,2.203022486,0.176,,1.84519,13.17170158,28.953599999999998,110,6.6,2.2,3.4,3.2,3,5,164,506,0.27,151,54,157,7.9,16,3.9,0.53,4.1,6.6,12.9,8.7
1421,98,430,USOK01,USOK01005,Oklahoma,4.762812183,1.7267510548523184,32.01658716,667.774,,0.610998,56.7226,,1569.8,0.105883,loam,0.689501,,,1.61605,0.0528,,199.069,,145.598,,246.588,,61.5889,,,113.954,1.388,17.7593,,2.77137,5.63,18.6415,1.478260933,1.478260933,0.142,,0.824141,10.77268272,28.8492,98,2.6,2,2.4,0.3,3.2,5,203,338,0.31,175,28,114,9.7,17,4.3,0.26,3,6.4,6.8,6
1419,98,429,USOK01,USOK01006,Oklahoma,5.225563945,2.2074693477194614,37.82019813,639.095,,0.586861,54.0401,,1697.37,0.12909,loam,0.766925,,,1.62528,0.0578,,195.866,,295.65,,256.362,,72.6606,,,111.92,1.65463,31.2608,,2.76838,5.64,17.5396,1.882086073,1.882086073,0.161,,1.26709,11.86788791,35.9484,118,2.4,7,2,0.4,4.2,11,203,366,0.28,156,68,116,11.9,15,4,0.33,3.6,6.3,8,7.4
1422,98,430,USOK01,USOK01007,Oklahoma,6.036320486,2.4373532440782637,34.4347584,660.833,,0.598622,56.6985,,1799.31,0.135827,loam,0.755822,,,1.77292,0.0608,,189.172,,247.325,,280.273,,73.8221,,,111.358,1.67227,26.4098,,3.14952,5.56,19.7846,1.829085963,1.829085963,0.168,,1.46802,12.45049297,33.6864,129,2.9,4.4,2.6,0.3,4.2,9,211,380,0.29,155,55,128,10.8,15,4.6,0.38,3.9,6.2,8.8,7.5
1420,98,429,USOK01,USOK01008,Oklahoma,5.069295637,2.302299741602078,35.4020269,714.719,,0.581564,63.2447,,1996.79,0.133114,clay loam,0.778515,,,1.84986,,,161.526,,275.135,,317.956,,73.0932,,,117.281,1.80049,22.0795,,2.7838,5.29,18.8631,1.820800997,1.820800997,0.154,,1.25138,13.84898021,39.9156,125,3,3.4,2.8,0.2,3.8,7,224,362,0.29,128,52,127,12,17,3.6,0.32,3.7,6.3,7.8,7.1
1427,98,433,USOK01,USOK01009,Oklahoma,6.348635181,3.000163196398418,44.10744334,448.461,,0.85852,50.2166,,2042.58,0.131027,loam,0.515658,,,1.5467,,,152.951,,300.508,,267.208,,49.7886,,,110.143,1.08499,15.1851,,3.34392,5.7,14.3401,2.410719388,2.410719388,0.205,,2.84924,13.68905127,54.114,107,3.3,1.5,2.6,0.7,2.5,4,111,513,0.21,105,77,139,7.3,12,2.4,0.84,4.5,6.6,9.1,7.7
1434,99,436,USOR01,USOR01001,Oregon,3.795879417,1.894378109,15.28284218,564.886,,0.32858,40.9986,,890.076,0.05,silt loam,0.77216,,,1.47717,0.15,,162.173,,533.098,,217.517,,67.5276,,,3.76216,1.20215,70.7487,,0.73974,4.92,5.58442,0.93572683,0.93572683,0.081,,1.35006,7.646308855,22.968,82,16.4,28.6,9.2,7.2,5.3,34,122,246,0.23,77,225,79,9.1,17,2.1,0.17,2.1,7.2,15.5,6.1
1435,99,436,USOR01,USOR01002,Oregon,3.443391575,1.700792377,12.38103675,516.91,,0.25674,40.801,,977.575,0.05,silt loam,0.68708,,,1.85046,0.139,,136.19,,407.937,,257.928,,58.6864,,,4.15714,1.18359,53.3318,,0.78054,4.96,4.43097,0.904134663,0.904134663,0.078,,1.09895,8.101352794,11.6928,72,16.6,27.5,8.9,7.7,5.4,33,133,280,0.37,83,193,93,9.4,15,1.7,0.17,1.7,7.2,14,4.8
1431,99,435,USOR01,USOR01003,Oregon,2.973314848,1.592200393,8.511962727,557.127,,0.26271,40.5681,,1074.14,0.05,silt loam,0.62082,,,2.0698,0.0876,,144.654,,384.028,,262.1,,50.6718,,,3.81725,1.30644,58.1286,,0.7584,5.03,4.22691,0.833558381,0.833558381,0.073,,0.92957,8.556159918,12.7716,72,8.7,28.5,4.4,4.3,5,33,129,261,0.37,80,163,80,6.4,14,1.4,0.1,1.6,7.2,11.3,5.7
1436,99,436,USOR01,USOR01004,Oregon,3.387643405,1.77511509,11.89740245,563.098,,0.35689,42.3248,,870.493,0.05,silt loam,0.70451,,,1.76746,0.1304,,157.215,,580.674,,217.403,,60.3101,,,2.76901,1.18672,68.5699,,0.78786,4.91,13.60907,1.001505649,1.001505649,0.084,,1.32467,7.665115836,14.8596,70,12.8,32.9,7.3,5.6,5.2,38,127,231,0.32,80,228,77,8.3,14,1.6,0.16,1.7,6.9,10.8,3.8
1432,99,435,USOR01,USOR01005,Oregon,,,,597.161,0.10317,0.31277,40.4042,,822.625,0.05,silt loam,0.70823,,,1.71055,0.1972,,169.713,,613.858,,201.728,,59.368,,,2.44833,1.24699,79.3225,,0.72939,4.69,14.21207,0.965682791,0.965682791,0.087,,1.29679,7.378851869,13.154399999999999,78,27.3,34.4,16,11.3,6.2,41,127,194,0.32,81,243,68,8.7,12,2.1,0.15,1.7,6.9,21.8,5.1
1433,99,435,USOR01,USOR01006,Oregon,3.504345919,1.799501526,9.47923125,592.458,,0.39759,42.6312,,865.569,0.05,silt loam,0.64216,,,1.6762,0.1818,,168.017,,561.301,,193.838,,57.5032,,,2.47611,1.26172,79.9293,,0.64474,4.59,14.53377,0.957862196,0.957862196,0.084,,1.15516,7.3931864,13.223999999999998,75,27.1,37.4,17.5,9.7,6,43,134,206,0.29,88,213,63,8.9,14,2.1,0.15,1.3,7,19.2,4.9
1428,99,434,USOR01,USOR01007,Oregon,3.898969252,1.992800625,15.76647648,558.069,,0.36007,41.6042,,874.329,0.05,silt loam,0.67372,,,1.54106,0.0878,,152.666,,604.265,,205.216,,56.3176,,,2.26465,1.12268,81.4125,,0.74873,5.13,14.54257,1.027604546,1.027604546,0.09,,1.28413,7.641029487,19.5228,79,5.9,38.1,4,1.8,6.8,45,140,234,0.28,86,243,75,7.6,12,2,0.18,1.8,6.9,8.2,5.4
1429,99,434,USOR01,USOR01008,Oregon,3.613919514,3.010223464,12.38103675,572.721,,0.30118,40.5915,,923.404,0.05,silt loam,0.6918,,,1.6827,0.1017,,156.041,,516.632,,214.786,,54.759,,,2.18692,1.29607,76.2713,,0.64469,4.92,15.30057,0.99194778,0.99194778,0.084,,1.15046,7.74112114,13.398,79,9.2,36.5,5,4.2,5.9,42,130,223,0.32,84,194,72,7.5,12,1.9,0.14,1.7,7,9.6,4.2
1430,99,434,USOR01,USOR01009,Oregon,3.906717955,1.988181818,13.3483052,517.724,,0.3262,40.9419,,990.187,0.05,silt loam,0.69383,,,1.70982,0.1216,,141.026,,528.483,,253.244,,54.277,,,2.89592,1.13059,67.8216,,0.71501,5.08,15.46387,0.953406165,0.953406165,0.083,,1.05126,8.428985556,14.1636,83,10.8,35.1,5.1,5.7,6.1,41,129,270,0.29,78,214,93,8,11,1.8,0.13,1.9,6.9,11.6,4.7
1437,100,437,USOR02,USOR02001,Oregon,4.475178865,3.050528053,34.24130468,564.585,,0.63082,52.8551,,2328.36,0.05,silt loam,1.36525,,,2.05874,0.1436,,73.4298,,699.483,,481.273,,93.1732,,,3.8906,0.83446,60.5581,,1.45594,6.04,33.88444,2.047449936,2.047449936,0.18743565,,3.46054,17.46287105,27.422399999999996,104,6.2,38.6,4.2,2.1,4.8,43,170,618,0.15,43,237,191,11.8,14,2.9,0.71,3.9,7.2,10.7,6.8
1438,100,437,USOR02,USOR02002,Oregon,4.61748375,3.212622951,49.23396634,566.646,,0.73657,54.1038,,2189.19,0.10987,silt loam,1.05078,,,1.65422,0.1714,,99.4599,,953.707,,482.021,,81.9779,,,5.09172,0.72879,81.2639,,2.2025,6,33.04924,2.428959258,2.428959258,0.205108191,,4.44025,17.43033314,34.0692,121,7.6,42.8,4.1,3.5,5.5,48,163,581,0.14,54,341,197,9.8,14,2.8,0.88,4.3,7.2,13.6,7.9
1439,100,437,USOR02,USOR02003,Oregon,4.976418667,3.440076726,35.69220743,567.803,,0.72027,50.4023,,2432.98,0.05,silt loam,1.32863,,,1.91043,0.1568,,56.1152,,733.36,,445.073,,92.8283,,,3.55116,0.69659,57.0122,,1.34233,6.31,36.58754,2.226550497,2.226550497,0.198219369,,3.08369,17.76969224,36.7836,147,7.8,35.1,4,3.8,4.1,39,176,675,0.14,34,246,186,12.1,15,3.1,0.64,4.1,7.2,17.8,11.3
1448,101,440,USOR03,USOR03001,Oregon,4.622677491,2.801339031,25.53588825,636.699,,0.357075,54.3822,,1649.49,0.135213,silt loam,0.71833,,,1.76116,0.1162,,132.013,,685.663,,332.956,,68.6663,,,5.45231,1.46327,56.0849,,0.7113,5,26.51173,1.24592,1.24592,0.0832,,0.931976,12.80390929,15.416399999999998,110,8.9,26.8,4.4,4.5,3.5,30,177,348,0.33,98,232,108,8.7,17,4.1,0.21,2.4,6.3,12.2,7.2
1440,101,438,USOR03,USOR03002,Oregon,4.800071735,2.973661327,29.4049622,663.324,,0.362553,56.441,,1579.7,0.160152,silt loam,0.753622,,,1.69365,0.1152,,146.93,,749.47,,295.253,,73.826,,,4.41291,1.49491,60.9121,,0.728726,4.94,26.75883,1.54492,1.54492,0.09778,,1.05295,12.29985766,17.365199999999998,105,7.2,25.3,4.5,2.7,3.3,29,164,300,0.46,95,228,85,9.6,14,3.4,0.29,2.9,6.5,9.9,5.7
1444,101,439,USOR03,USOR03003,Oregon,4.844668096,3.019733191,26.986791,698.457,,0.364637,54.9087,,1568.21,0.154403,silt loam,0.805139,,,1.70169,0.1872,,156.072,,759.343,,268.145,,82.404,,,3.29685,1.54489,77.3387,,0.783294,4.7,27.15453,1.62137,1.62137,0.1136,,0.950507,12.03697908,15.799199999999999,127,17.3,36.6,7.5,9.8,5.5,42,206,333,0.24,101,284,87,11.6,15,4,0.21,3.2,6.1,19.3,8.3
1449,101,440,USOR03,USOR03004,Oregon,5.344706214,2.284723204,30.85586495,592.116,,0.449643,56.9157,,1953.87,0.133104,silt loam,0.765825,,,1.77155,0.1053,,109.341,,699.22,,290.362,,74.7356,,,5.04669,1.45934,48.6655,,0.820723,5.21,30.16663,1.68821,1.68821,0.11341,,0.86821,14.00385342,23.5596,114,8.4,22.5,4.6,3.8,4.5,27,174,426,0.33,89,241,97,9.5,22,3.7,0.29,3,6.6,11.6,6.9
1441,101,438,USOR03,USOR03005,Oregon,5.109055836,2.27,31.33949925,665.112,,0.400841,56.7298,,1662.86,0.15263,silt loam,0.753047,,,1.68503,0.105,,138.833,,713.902,,252.246,,77.4208,,,5.27357,1.50905,55.2859,,0.848659,4.92,27.82013,1.52314,1.52314,0.09997,,0.918487,12.26980854,17.573999999999998,116,7.3,22.8,4.8,2.5,3.8,27,180,327,0.3,102,224,77,10.2,18,3.1,0.24,3.3,6.2,11.1,7.1
1445,101,439,USOR03,USOR03006,Oregon,5.250639438,2.542699573,31.82313348,635.135,,0.3401,50.103,,1623.83,0.14449,silt loam,0.90674,,,1.56134,0.171,,129.008,,787.926,,246.098,,85.3374,,,2.76445,1.4212,55.6946,,0.90919,4.96,27.66071,1.8,1.8,0.15,,0.7982,12.20232006,16.4256,116,15.6,23.1,6.5,9,3.5,27,182,353,0.25,92,296,82,10.4,13,3.7,0.2,3.4,6.3,20.2,8.5
1442,101,438,USOR03,USOR03007,Oregon,5.194417264,2.308860104,31.82313348,624.393,,0.33027,53.6549,,1625.57,0.1505,silt loam,0.81207,,,1.52245,0.103,,131.931,,746.153,,259.85,,78.7204,,,3.95726,1.47673,56.2848,,0.96162,5.02,27.01411,1.69,1.69,0.14,,0.9379,12.22369452,16.738799999999998,104,8.4,25.5,4.7,3.7,5.1,31,177,357,0.25,96,268,86,11.3,15,3.4,0.21,3.4,6.2,11,6.1
1450,101,440,USOR03,USOR03008,Oregon,4.648666389,2.287048977,24.0849855,606.189,,0.44454,50.3424,,1759.58,0.12434,silt loam,0.73398,,,1.7272,0.103,,118.87,,709.625,,284.402,,67.1547,,,5.88684,1.48795,50.7705,,0.8866,5.23,27.97231,1.52,1.52,0.13,,0.77625,13.01306879,10.683599999999998,109,8.5,26.2,4.2,4.3,3.7,30,188,415,0.23,94,285,102,9.1,18,4.6,0.24,3,6.5,12.1,6.3
1446,101,439,USOR03,USOR03009,Oregon,4.729447041,2.533157895,28.92132798,678.623,,0.33166,51.6982,,1554.48,0.14988,silt loam,0.86192,,,1.59376,0.26,,147.342,,724.051,,245.446,,87.359,,,2.34328,1.50335,68.2808,,1.02872,4.33,26.33914,1.652858044,1.652858044,0.129588912,,0.80289,11.68455931,12.354,116,21.2,31.7,8.7,12.4,3.5,35,198,360,0.23,96,288,85,10.8,14,4.4,0.19,3.3,6.1,23.8,8
1443,101,438,USOR03,USOR03010,Oregon,5.018765243,2.399107981,31.82313348,634.536,,0.35439,54.3108,,1511.44,0.13633,silt loam,0.76977,,,1.57386,0.111,,130.338,,759.581,,256.981,,68.8907,,,3.57978,1.3658,45.6662,,0.78518,4.73,25.36664,1.590590822,1.590590822,0.122256804,,0.88133,11.6619348,12.876,118,7.3,20.8,4.1,3.2,3.1,24,169,327,0.24,89,288,84,9.8,15,3.7,0.19,3.1,6.4,11.1,6.8
1451,101,440,USOR03,USOR03011,Oregon,4.653868214,2.317592385,25.53588825,640.774,,0.42116,57.5567,,1627.26,0.12548,silt loam,0.84689,,,1.82691,0.0714,,133.386,,580.959,,280.323,,74.0585,,,5.14377,1.45209,42.8732,,0.80021,4.73,26.89374,1.440428244,1.440428244,0.110963061,,0.81197,11.9843463,14.094,125,9.4,22.2,4.6,4.8,3.9,26,201,386,0.26,106,238,100,9.6,17,3.8,0.21,2.5,6.2,13.2,7.5
1447,101,439,USOR03,USOR03012,Oregon,5.368968849,2.666270396,34.24130468,657.513,,0.38865,55.6548,,1545.75,0.15408,silt loam,0.86586,,,1.57339,0.1434,,138.82,,727.619,,256.527,,81.6149,,,3.69182,1.3542,51.8244,,0.90328,4.63,26.26814,1.828207337,1.828207337,0.137851399,,0.93842,11.74823958,17.713199999999997,149,8.8,22.7,5.3,3.5,3.5,26,193,336,0.26,99,270,85,10.6,13,3.1,0.22,3.3,6.3,14.7,9.1
1464,102,444,USOR04,USOR04001,Oregon,2.135476345,1.825800294,14.89593484,657.108,,0.33315,58.5968,,2044.65,0.05,silt loam,0.93611,,,2.27067,0.0409,,78.1017,,539.161,,308.88,,68.4101,,,8.64855,1.03807,21.329,,0.67627,5.6,27.95604,0.999799782,0.999799782,0.074183048,,0.58088,14.21731901,3.5147999999999997,69,5.7,13.8,4.3,1.5,2.8,17,224,566,0.23,56,205,127,7.3,18,1.2,0.23,2.1,7.2,7.6,3.9
1465,102,444,USOR04,USOR04002,Oregon,2.073171832,1.772042901,15.95993018,657.318,,0.32922,55.6241,,2143.68,0.05,silt loam,0.72662,,,2.24954,0.0384,,66.4068,,528.654,,266.845,,53.5396,,,8.65185,0.9534,22.009,,0.60209,5.69,28.70574,0.995257268,0.995257268,0.074552982,,0.55859,14.33525019,3.7931999999999997,70,9,15.1,4.8,4.1,2.9,18,228,602,0.21,56,204,115,7.3,19,1,0.21,2.2,7.2,10.3,5.2
1460,102,443,USOR04,USOR04003,Oregon,2.276876132,1.782401353,17.41083293,662.593,,0.38635,56.021,,2193.36,0.05,silt loam,0.70649,,,2.33589,0.1034,,69.1619,,571.703,,277.934,,53.6018,,,6.47362,1.03387,28.1132,,0.63874,5.62,29.36134,1.076410078,1.076410078,0.085946293,,0.52368,14.77697037,8.978399999999999,74,14.4,20.4,4.6,9.7,2.9,23,219,602,0.23,51,200,113,7.6,16,1.4,0.16,2.3,7.2,15.4,4.4
1461,102,443,USOR04,USOR04004,Oregon,2.216498568,1.822356021,15.95993018,672.67,,0.45255,56.7425,,2053.93,0.05,silt loam,0.67176,,,2.4057,0.0545,,79.1486,,544.097,,273.956,,48.2116,,,8.92995,1.04098,22.3894,,0.64291,5.56,27.61274,0.98652669,0.98652669,0.076371089,,0.52286,13.9865658,4.384799999999999,72,11.6,13.9,4.5,7,3.1,17,222,586,0.23,53,203,113,7.2,18,1.3,0.17,2.2,6.9,13.6,4.5
1452,102,441,USOR04,USOR04005,Oregon,1.92616831,1.804883721,12.57449045,639.075,,0.42715,56.4213,,2164.55,0.05,silt loam,0.96711,,,2.17333,0.0373,,72.3405,,550.106,,310.304,,68.0636,,,9.85095,0.98643,28.8724,,0.68088,5.95,28.45044,1.015728687,1.015728687,0.077751033,,0.82377,14.86197621,2.9232,65,4.5,23.4,3.7,0.8,2.8,26,216,628,0.16,48,196,131,7.1,19,0.9,0.19,2.2,7.2,7.5,5.4
1453,102,441,USOR04,USOR04006,Oregon,1.757370297,1.688304033,13.05812468,626.461,,0.34626,56.8266,,2013.63,0.05,silt loam,0.93201,,,2.21542,0.0324,,72.095,,531.267,,324.594,,64.1823,,,11.36365,0.97167,25.255,,0.65769,5.94,26.43684,0.940356835,0.940356835,0.071020512,,0.6783,14.1847314,1.9836,65,4,19.7,3.4,0.6,2.9,23,219,604,0.19,50,200,140,7.2,22,1.1,0.19,2.1,7.2,5.9,3.6
1456,102,442,USOR04,USOR04007,Oregon,3.471381977,2.466569921,30.46895755,602.255,,0.8566,55.7644,,2441.11,0.05,silt loam,1.38926,,,2.33994,0.141,,93.2573,,1170.29,,348.754,,102.095,,,11.27975,1.01062,131.683,,1.3792,6.6,35.84904,1.541388754,1.541388754,0.127334796,,3.49962,18.16161957,4.872,123,5.5,99.4,3.8,1.7,7.8,107,209,768,0.18,51,513,165,10.6,21,4.1,0.64,2.9,7.2,11.7,9.5
1457,102,442,USOR04,USOR04008,Oregon,3.513179671,2.342178478,29.98532332,590.823,,0.89594,52.622,,2424.84,0.05,silt loam,1.35348,,,2.23786,0.1419,,87.1617,,1238.21,,347.243,,100.296,,,9.28465,0.92192,142.834,,1.19856,6.65,36.40374,1.515873764,1.515873764,0.1286737,,3.79973,18.23315737,4.35,131,5.7,102.7,3.6,2,8.9,112,200,738,0.19,49,537,159,12.1,20,4.2,0.72,2.9,7.2,13.8,10.7
1466,102,444,USOR04,USOR04009,Oregon,2.428536556,1.787075774,15.47629589,651.196,,0.3028,66.518,,1651.15,0.05,silt loam,0.96007,,,1.69382,0.0379,,102.522,,597.923,,322.553,,67.7771,,,9.42665,0.96883,27.079,,0.71748,5.46,22.54524,1.091271468,1.091271468,0.086542093,,0.77801,12.51781647,4.1064,78,8.9,22.5,4.1,4.8,3,25,206,449,0.21,75,241,128,7.2,20,0.8,0.25,2,6.7,9.8,4.1
1467,102,444,USOR04,USOR04010,Oregon,2.407475844,1.758427144,14.99266166,629.985,,0.38356,63.8822,,1696.94,0.05,silt loam,0.6367,,,1.66906,0.0462,,89.3908,,593.77,,319.99,,45.5299,,,8.17129,0.97286,24.4491,,0.56162,5.33,22.50464,1.175787964,1.175787964,0.091495482,,0.72559,12.70930254,4.489199999999999,76,10.7,15.3,4.4,6.3,2.4,18,202,444,0.19,76,226,126,7,17,1,0.19,2.1,6.8,11.4,4
1462,102,443,USOR04,USOR04011,Oregon,2.522381835,1.804676186,14.99266166,642.976,,0.30436,64.2205,,1585.5,0.05,silt loam,0.6225,,,1.52555,0.0878,,100.455,,597.497,,303.056,,49.2184,,,6.77569,1.03959,29.7379,,0.59601,5.01,21.53724,1.095274825,1.095274825,0.093088112,,0.65133,12.01447955,5.1156,68,23.3,17.3,5.7,17.6,2.7,20,194,400,0.2,77,237,113,7.2,17,1.5,0.21,2.2,6.5,22.9,4.3
1463,102,443,USOR04,USOR04012,Oregon,2.529436254,1.776369427,13.05812468,656.126,,0.29547,64.1875,,1579.38,0.05,silt loam,0.60581,,,1.6779,0.0608,,113.229,,612.015,,302.637,,47.3811,,,7.76186,1.0548,31.5964,,0.63707,5.09,22.28484,1.071622675,1.071622675,0.087674518,,0.7803,12.02189958,4.4544,88,14.2,17.8,5,9.1,2.5,20,214,400,0.24,94,250,117,7.2,18,1.4,0.24,2.2,6.8,17.8,6.4
1454,102,441,USOR04,USOR04013,Oregon,1.939909533,1.52862069,11.1235877,572.631,,0.28159,57.8842,,1683.09,0.05,silt loam,0.97244,,,1.90321,0.0306,,95.7019,,510.655,,342.961,,63.5491,,,9.40485,0.99281,34.4121,,0.7045,5.71,22.38644,0.935066447,0.935066447,0.070967596,,0.94,12.62372273,2.7492,68,5.8,24.4,4.5,1.2,2.3,27,199,468,0.23,79,198,142,7,19,0.8,0.27,2,7.2,6,4.5
1455,102,441,USOR04,USOR04014,Oregon,1.92616831,1.537490794,12.09085616,580.562,,0.2986,58.2636,,1718.63,0.05,silt loam,0.79757,,,1.97563,0.0369,,95.218,,493.927,,344.398,,51.8325,,,10.25155,0.94548,32.3723,,0.64964,5.61,22.80374,0.943496921,0.943496921,0.072544048,,0.98033,12.77418723,3.2712,76,4.9,22,4,0.9,2.5,24,188,474,0.24,72,210,142,6.5,23,1.2,0.27,2,7.2,7.2,5.6
1458,102,442,USOR04,USOR04015,Oregon,3.089190731,2.188926103,23.21444386,575.682,,0.68198,58.2841,,2274.51,0.05,silt loam,1.69904,,,2.23303,0.1082,,109.399,,1061.74,,388.612,,118.665,,,7.04262,1.08913,109.342,,1.22361,6.49,32.41714,1.338352095,1.338352095,0.111259187,,2.91437,17.364014,3.8627999999999996,108,5.5,73.4,4,1.5,5.5,79,197,634,0.21,62,434,164,12.7,16,2.6,0.56,2.6,7.2,10.4,8.2
1459,102,442,USOR04,USOR04016,Oregon,3.518102473,2.316816479,25.14898084,555.451,,5.68963,57.0301,,2388.65,0.05,silt loam,1.85374,15.4317,,2.25477,0.1356,,111.698,,1207.64,,393.066,,135.005,,,17.33525,1.05643,140.368,,1.33243,6.69,34.73414,1.430174658,1.430174658,0.120443487,,3.85493,18.39068368,4.176,129,4.3,99,3.2,1.1,7.2,106,188,694,0.18,56,518,169,15.1,17,3.8,0.74,2.9,7.2,10.5,8.3
1474,103,447,USPA01,USPA01001,Pennsylvania,4.613622993,3.4696997,39.27110086,918.545,0.137387,0.360781,23.6565,,1020.15,0.05,silt loam,1.08784,,,1.61451,0.141,,117.288,,79.396,,103.721,,153.062,,,4.65142,0.440492,35.2861,,3.73642,5.15,20.54223,1.5614,1.5614,0.21951,,1.77857,6.188901799,37.236,71,5.2,6.3,3.3,1.9,2.2,8,197,412,0.3,53,38,63,35.8,15,2.1,0.45,3.8,6.6,9.5,4.9
1475,103,447,USPA01,USPA01002,Pennsylvania,8.114212575,4.613646041,36.85292966,1239.84,0.283876,0.424956,26.2325,,1237.05,0.100764,loam,0.487946,,,5.8892,0.1008,,122.604,,234.893,,109.119,,114.032,,,2.96046,0.400106,240.093,,3.81598,5.15,25.35873,1.9601,1.9601,0.25979,,4.1671,7.709743388,38.279999999999994,72,7.3,45.7,3.1,4.2,2.7,48,257,489,0.67,31,87,63,17.4,13,2.3,0.66,5.5,6.5,12.2,6.3
1476,103,447,USPA01,USPA01003,Pennsylvania,5.804417004,4.153473209,34.43475839,1094.67,0.148749,0.336599,27.1806,,984.458,0.05,silt loam,0.555353,,,4.71669,0.0716,,112.39,,151.338,,96.3646,,82.7733,,,2.49625,0.374214,112.749,,3.41648,5.04,20.59663,2.07863,2.07863,0.28368,,2.65809,6.124236868,29.336399999999998,70,7.9,22.4,4.1,3.9,1.3,24,227,412,0.73,34,64,58,12.1,13,1.5,0.51,4.8,6.4,11.7,4.6
1480,103,449,USPA01,USPA01004,Pennsylvania,4.994333948,3.879589041,30.0820502,976.36,,0.312788,28.1112,,1105.62,0.05,silt loam,1.09762,,,1.60341,0.0768,,104.698,,83.0917,,108.171,,157.87,,,3.66929,0.406236,40.3694,,4.08343,5.31,20.38743,1.68314,1.68314,0.22642,,2.07287,6.658538974,29.510399999999997,59,7.8,7.7,2.3,5.4,1.7,9,204,462,0.26,44,37,67,38,15,1.7,0.49,4.3,6.6,12,4.8
1481,103,449,USPA01,USPA01005,Pennsylvania,8.925132585,4.51982865,42.65654059,1251.85,0.182376,0.366364,25.5089,,1068.97,0.05,loam,0.394194,,,5.63625,0.0856,,115.873,,208.657,,96.3173,,97.4654,,,2.19766,0.387645,222.448,,6.39198,5.03,24.29923,2.05479,2.05479,0.27947,,3.72844,6.692076491,33.7908,66,7.2,36.7,2.2,5,3.3,40,260,471,0.58,26,88,63,13.8,13,2.2,0.56,5.6,6.3,12.3,6.1
1482,103,449,USPA01,USPA01006,Pennsylvania,5.237387634,3.666024465,31.04931866,1062.71,0.166409,0.450431,26.2112,,1046.12,0.05,silt loam,0.646299,,,4.13254,0.073,,116.594,,150.422,,106.87,,80.7856,,,3.062,0.354884,101.085,,3.73304,5.23,21.16843,1.63732,1.63732,0.22381,,2.7515,6.520199701,27.317999999999998,64,6,19.6,1.7,4.2,2.2,22,221,431,0.58,32,69,65,12.1,14,1.5,0.47,4.4,6.6,11.6,6
1477,103,448,USPA01,USPA01007,Pennsylvania,5.632427576,4.107899543,32.98385564,1146.74,0.172534,0.442781,30.0102,,1253.22,0.05,silt loam,0.651682,,,5.43165,0.0764,,111.279,,183.905,,105.559,,123.833,,,3.21357,0.337582,125.165,,3.91101,5.36,23.42053,1.7632,1.7632,0.21619,,3.06397,7.631286024,28.814399999999996,58,6.2,22.6,1.9,4.4,2.4,25,238,532,0.64,33,81,70,21.3,14,2,0.53,4.5,6.5,10.4,5.1
1478,103,448,USPA01,USPA01008,Pennsylvania,6.038760574,4.139426752,33.95112416,1086.33,0.110745,0.40353,34.0623,,1159.26,0.05,silt loam,1.05187,,,2.85507,0.0815,,105.591,,135.822,,115.691,,128.254,,,2.89417,0.387178,66.1551,,4.86318,5.43,23.21393,1.94738,1.94738,0.24424,,2.49483,7.121240268,34.138799999999996,69,6.2,12.1,3.5,2.7,2.2,14,227,481,0.44,35,62,68,27.1,12,2.2,0.47,4.6,6.6,10.5,5.3
1479,103,448,USPA01,USPA01009,Pennsylvania,8.065053693,5.090197044,36.85292966,1201.58,0.287939,0.454918,35.2704,,1382.31,0.10424,silt loam,0.550007,,,4.69794,0.0782,,90.3806,,204.748,,120.996,,67.8224,,,3.41666,0.306761,113.215,,5.60667,5.35,27.14733,2.94252,2.94252,0.27278,,3.64536,8.459704382,23.246399999999998,69,5.2,17.9,2.1,3.2,2.6,20,242,566,0.34,24,78,74,12.3,13,2.1,0.41,5.8,6.4,10.7,6.1
1483,103,450,USPA01,USPA01010,Pennsylvania,7.130753785,4.497954972,68.28915573,1169.4,0.1312,0.42042,30.5939,,1324.12,0.05,silt loam,0.533509,,,5.86018,0.0843,,105.287,,212.176,,114.755,,110.972,,,2.78466,0.316354,158.807,,4.11794,5.44,24.49743,2.14676,2.14676,0.24453,,3.27915,8.13304354,29.3016,59,6.8,30.6,1.9,4.9,2.4,33,240,540,0.58,28,75,68,19.2,14,2.3,0.5,5.2,6.5,11.4,5
1484,103,450,USPA01,USPA01011,Pennsylvania,6.505776756,4.265825305,34.91839268,1065.44,0.124681,0.413773,34.766,,1243.1,0.05,silt loam,0.944016,,,3.15634,0.1007,,92.3848,,152.433,,120.877,,118.825,,,2.92757,0.321911,68.6781,,4.8201,5.5,23.41023,2.06494,2.06494,0.24479,,2.63971,7.626393907,30.345599999999997,58,8.8,13.1,2.6,6.2,2.2,15,223,513,0.4,32,61,72,23.6,14,1.9,0.45,5,6.5,14.5,5.1
1485,103,450,USPA01,USPA01012,Pennsylvania,8.865653724,5.373864734,40.23836939,1122.69,0.30603,0.612685,38.8941,,1674.16,0.116513,silt loam,0.473805,,,4.82329,0.0879,,77.492,,271.885,,152.833,,62.1263,,,3.34602,0.267788,112.046,,6.24779,5.48,29.48443,2.86919,2.86919,0.30454,,4.03797,10.35610058,33.3732,62,6.8,22.4,1.9,4.9,3.1,25,238,640,0.32,24,87,87,10.4,15,2,0.43,6.5,6.6,11.3,5
1486,103,451,USPA01,USPA01013,Pennsylvania,8.41918696,4.817862157,34.91839268,1166.22,0.180533,0.525731,30.8412,,1403.01,0.05,silt loam,0.575696,,,6.483,0.076,,99.5137,,148.235,,92.2,,119.468,,,3.15419,0.274492,149.78,,3.98849,5.33,26.68023,2.35069,2.35069,0.27978,,3.33019,8.177191624,25.5432,56,6,31.4,1.7,4.3,2.6,34,264,604,0.58,30,54,60,24.8,16,2.5,0.49,5.7,6.4,9.9,5
1487,103,451,USPA01,USPA01014,Pennsylvania,6.64968814,4.436666667,33.95112416,1059.73,0.119545,0.429911,36.5576,,1234.93,0.05,silt loam,1.21054,,,3.30975,0.0916,,88.8879,,91.1313,,94.2241,,144.834,,,4.18882,0.358867,46.298,,4.94817,5.37,25.03173,2.02643,2.02643,0.2511,,2.60511,7.21173736,24.255599999999998,47,5.6,8.9,1.8,3.8,2.2,11,219,527,0.37,31,36,58,32.4,13,2.3,0.42,5.1,6.6,9.5,3.6
1488,103,451,USPA01,USPA01015,Pennsylvania,6.838847017,3.955478951,36.36929536,1099.34,0.12286,0.360738,29.9024,,1101.15,0.05,silt loam,0.857161,,,3.97529,0.0764,,89.95,,127.81,,89.5924,,90.8987,,,3.78727,0.304212,56.3672,,4.43761,5.27,23.15743,1.91632,1.91632,0.24657,,2.21626,6.596543044,23.663999999999998,58,6.3,7.3,2.2,4.1,2.4,10,238,471,0.41,33,45,57,18.2,16,2.4,0.35,4.8,6.4,9.8,3.8
1468,103,445,USPA01,USPA01016,Pennsylvania,7.099937391,4.279068168,40.72200361,1066.43,0.166096,0.467909,32.6104,,1352.31,0.107396,silt loam,0.780929,,,2.10941,0.0761,,97.5501,,142.697,,101.183,,132.929,,,2.91809,0.364887,72.4781,,5.05268,5.4,26.08833,1.80679,1.80679,0.20821,,3.4507,7.983322739,33.129599999999996,63,4.8,12.8,1.7,3.1,1.9,15,220,524,0.22,33,60,62,25.7,14,2.4,0.57,4.7,6.6,10.4,5.7
1469,103,445,USPA01,USPA01017,Pennsylvania,9.070111779,4.874166667,36.36929536,1260.43,0.173074,0.355255,31.6367,,935.947,0.100076,loam,0.367074,,,6.75411,0.0762,,103.516,,132.868,,61.7924,,92.7386,,,2.26488,0.425156,177.479,,5.45689,5.01,24.72463,2.3702,2.3702,0.23726,,3.50197,5.545215923,41.968799999999995,73,6.9,28.3,3.5,3.4,0.8,29,278,443,0.65,22,55,46,12.4,13,2.3,0.58,5.7,6.2,11.1,4.5
1470,103,445,USPA01,USPA01018,Pennsylvania,9.165423997,4.984765101,36.36929536,1128.84,0.182653,0.521322,29.5378,,1247.25,0.05,silt loam,0.547103,,,3.54067,0.0749,,89.7947,,133.749,,100.27,,101.734,,,3.40439,0.327721,97.3692,,3.55746,5.34,25.26653,2.33403,2.33403,0.26649,,2.99053,7.429585754,36.0876,60,5.9,17.4,3.1,2.8,1.1,18,243,502,0.36,26,49,57,16.1,14,2.5,0.45,5.6,6.5,10.5,3.9
1489,103,452,USPA01,USPA01019,Pennsylvania,8.812632546,4.580533076,37.33656389,1162.89,0.204429,0.616673,24.4904,,1542.36,0.05,silt loam,0.473997,,,7.5361,0.0922,,115.549,,162.201,,115.788,,105.394,,,4.73871,0.339429,231.145,,4.11183,5.48,31.13943,2.21436,2.21436,0.26249,,4.9554,9.113206398,35.426399999999994,68,4.4,47.2,2.5,1.9,2.3,49,248,613,0.71,32,57,71,16.7,15,2.8,0.78,5.2,6.4,10.2,4.8
1490,103,452,USPA01,USPA01020,Pennsylvania,6.406005905,4.783262599,32.98385564,1084.99,0.166081,0.546915,33.8052,,1510.93,0.05,silt loam,0.654773,,,4.31723,0.0853,,97.8831,,101.955,,122.931,,82.3595,,,5.56676,0.292345,105.349,,5.29697,5.56,28.70993,2.31729,2.31729,0.23102,,3.89959,8.864704135,16.9824,68,5.7,23.8,2.9,2.8,0.8,25,211,591,0.43,28,50,71,12.5,25,2.5,0.66,5.2,6.6,10.5,4
1491,103,452,USPA01,USPA01021,Pennsylvania,8.011720556,5.028001306,38.30383241,1026.85,0.183495,0.547865,29.6444,,1508.43,0.05,silt loam,0.654687,,,4.956,0.0897,,90.2561,,127.986,,137.856,,65.3241,,,4.78452,0.319631,66.3309,,5.43874,5.88,29.36043,2.42773,2.42773,0.32924,,3.23711,9.03992281,15.416399999999998,75,5.2,11.7,1.9,3.3,2,14,208,623,0.4,29,53,85,9.1,15,2,0.49,5.4,6.5,12.2,6
1471,103,446,USPA01,USPA01022,Pennsylvania,8.34349225,5.338704799,42.17290636,1176.65,0.136469,0.56396,26.8499,,1632.82,0.05,silt loam,0.348356,,,7.37803,0.0821,,103.705,,103.33,,130.233,,86.8296,,,4.95189,0.316014,217.181,,3.93861,5.74,30.97193,2.5526,2.5526,0.33494,,4.69074,9.535855494,42.386399999999995,77,4.9,40.9,2.2,2.6,2,43,243,655,0.6,26,37,77,9.9,16,2.8,0.64,6.1,6.6,10.7,4.9
1472,103,446,USPA01,USPA01023,Pennsylvania,8.859406335,5.538698061,39.27110086,1119.18,0.229233,0.6448,32.088,,1757.96,0.05,silt loam,0.430535,,,6.81885,0.0956,,88.9199,,128.269,,136.614,,82.3539,,,5.22798,0.279206,145.247,,4.6479,5.73,31.98023,2.92816,2.92816,0.35384,,4.74621,10.27987708,32.5032,74,5.9,29.7,2.6,3.3,2.2,32,223,671,0.56,26,43,81,9.3,15,2.4,0.6,6.2,6.5,11.2,5.1
1473,103,446,USPA01,USPA01024,Pennsylvania,6.676974883,4.327291667,36.36929536,978.448,0.208718,0.649301,26.1144,,1458.08,0.05,silt loam,0.777696,,,5.08477,0.094,,112.276,,106.223,,126.848,,70.4352,,,7.1305,0.411812,96.1606,,4.94718,5.73,29.12363,2.08712,2.08712,0.29777,,3.80596,8.650837369,37.236,82,4,22.3,1.4,2.7,2.1,24,202,596,0.56,39,42,78,11.3,18,2.2,0.7,5.1,6.7,12.3,6.8
1504,105,456,USPA03,USPA03001,Pennsylvania,5.014262217,2.83345733,48.94378582,673.86,0.103652,0.540489,27.0817,,1481.48,0.05,silt loam,0.625554,,,25.5976,0.1118,,78.0701,,156.129,,164.03,,83.1595,,,4.24013,0.256314,32.93,,3.92515,6.05,28.33573,1.13205,1.13205,0.09156,,1.53753,9.193083675,20.6016,86,3.2,5.8,0.8,2.4,2.5,8,156,597,7.88,39,82,97,13.1,15,3.3,0.53,2.9,7.2,9.8,6.5
1505,105,456,USPA03,USPA03002,Pennsylvania,5.902305549,2.901370328,54.26376252,628.572,0.13219,0.508471,33.6768,,1271.45,0.05,silt loam,0.543797,,,27.1317,0.104,,95.9587,,123.557,,111.596,,108.285,,,3.20668,0.305205,39.7771,,3.31697,5.92,24.49433,2.00294,2.00294,0.12747,,1.5736,7.617972776,24.4296,84,2.8,6.7,1,1.8,2.9,10,131,575,9.4,37,79,80,20.1,13,3.2,0.58,3.1,7.2,9.2,6
1506,105,456,USPA03,USPA03003,Pennsylvania,4.964480553,2.741334068,34.91839268,643.36,0.200019,0.604863,37.2991,,1362.57,0.05,silt loam,0.636005,,,25.7878,0.1118,,99.1156,,169.593,,112.965,,123.652,,,3.85931,0.399252,49.7925,,3.20519,5.93,26.78593,1.95217,1.95217,0.11457,,1.97556,8.20585963,27.491999999999997,79,5.5,11.6,2.2,3.3,3.2,15,141,537,9.62,45,89,64,21.7,15,3,0.68,2.8,7.2,10.3,6.1
1512,105,458,USPA03,USPA03004,Pennsylvania,5.300540895,2.47531401,35.40202691,649.854,0.13116,0.714684,24.681,,1315.69,0.05,silt loam,0.830339,,,13.6529,0.1009,,84.9241,,244.163,,150.506,,125.279,,,2.14593,0.38956,42.9222,,3.81116,6.22,26.24503,1.30128,1.30128,0.09518,,2.24825,8.468056374,22.968,85,5.6,9,2.3,3.3,3.2,12,161,531,3.83,46,133,100,23.5,14,2.8,0.77,2.7,7.2,9.6,5.2
1513,105,458,USPA03,USPA03005,Pennsylvania,4.756799903,2.694683892,36.56274907,656.802,0.143226,0.625238,23.6666,,1238.96,0.05,loam,0.528106,,,23.9684,0.0808,,76.7805,,152.837,,117.745,,67.1948,,,2.80654,0.229144,33.3157,,3.84585,5.99,24.29203,1.38829,1.38829,0.11584,,1.21275,7.580101448,23.872799999999998,91,3.8,7,2.2,1.6,3,10,161,510,9.56,43,93,69,10.9,14,9.1,0.47,2.6,7.2,8.3,5.6
1514,105,458,USPA03,USPA03006,Pennsylvania,5.17947326,2.826768559,30.27550384,706.998,0.163636,0.686366,41.1029,,1505.84,0.05,silt loam,0.582887,,,27.7765,0.0955,,98.9873,,202.312,,124.72,,123.765,,,3.00365,0.355711,47.3697,,3.58212,6.06,27.51783,1.45841,1.45841,0.08901,,1.90789,9.10034227,19.488,75,5.7,10.8,2.9,2.8,2.8,14,146,611,8.65,39,121,76,17.5,13,3.9,0.6,2.9,7.2,9.8,5.2
1515,105,458,USPA03,USPA03007,Pennsylvania,4.700323605,2.49,31.24277236,642.885,0.257285,0.530132,41.5991,,1466.99,0.05,silt loam,0.732789,,,28.5027,0.0841,,93.2904,,124.069,,122.382,,132.203,,,3.64724,0.385052,52.2579,,3.51693,6.1,25.89393,1.27652,1.27652,0.10548,,1.92221,8.688784001,18.1308,73,4.3,17.5,1.9,2.4,3.3,21,156,575,11.66,48,62,73,21,15,3,0.69,2.5,7.2,9.3,5.9
1507,105,456,USPA03,USPA03008,Pennsylvania,7.170055998,3.049483037,50.58814227,675.808,0.161595,0.749631,24.1458,,1428.17,0.101377,silt loam,0.612245,,,12.3956,0.1289,,93.4616,,277.777,,162.143,,118.929,,,1.58766,0.365382,49.866,,4.26027,6.22,30.26213,1.78953,1.78953,0.15746,,2.75518,9.211193857,28.118399999999998,89,6.1,9.1,4.1,1.9,3.4,13,133,603,2.66,39,129,102,20.4,15,3.8,0.82,3.2,7.2,11.4,6.9
1496,105,454,USPA03,USPA03009,Pennsylvania,4.974426495,2.815243619,38.01365182,688.697,0.171835,0.490119,31.5957,,1506.38,0.05,loam,0.568414,,,31.564,0.1498,,118.179,,254.11,,152.167,,120.338,,,9.12546,0.30528,104.314,,3.83305,6.3,29.13023,1.50947,1.50947,0.10845,,2.59545,9.49119885,15.903599999999999,81,11.3,31.2,2.3,8.9,4.1,35,151,664,9.63,45,138,101,23,19,3.9,0.86,2.9,7.2,16.2,5.9
1497,105,454,USPA03,USPA03010,Pennsylvania,5.27778125,3.116007605,40.43182309,696.73,0.188761,0.513791,36.3554,,1651.01,0.101409,loam,0.480685,,,33.6887,0.1306,,115.5,,262.164,,147.007,,102.88,,,5.8043,0.308297,121.243,,4.17712,6.3,30.53313,1.75652,1.75652,0.11694,,3.37166,10.17756031,18.896399999999996,76,10.5,28.2,2.7,7.8,4.1,32,144,730,9.15,39,128,98,15,16,3.5,0.77,3.2,7.2,15.9,6.4
1498,105,454,USPA03,USPA03011,Pennsylvania,5.800633702,2.919606299,42.8499943,695.687,0.278152,0.516664,38.2128,,1705.72,0.104076,silt loam,0.607396,,,35.31,0.1739,,104.491,,206.468,,153.841,,130.816,,,10.66426,0.375433,103.261,,4.1548,6.14,31.89563,1.57766,1.57766,0.12463,,4.14452,10.38638053,30.2064,76,14.4,34.2,2.4,12,3.8,38,151,680,11.52,44,101,93,19.1,19,4.1,1.4,3.1,7.2,19,5.2
1499,105,454,USPA03,USPA03012,Pennsylvania,5.014262217,2.775235602,49.62087375,635.166,0.158867,0.514028,23.2437,,1669.57,0.05,silt loam,1.49737,,,12.8073,0.1696,,76.806,,271.198,,265.817,,119.121,,,9.01986,0.411193,44.2012,,4.00965,6.51,29.91183,1.62084,1.62084,0.12667,,4.82266,11.29758825,22.828799999999998,96,10.9,17.7,1.4,9.5,3.2,21,177,592,3.65,55,115,149,17.7,18,3.7,1.46,3.1,7.2,21.2,11.1
1500,105,455,USPA03,USPA03013,Pennsylvania,4.80850996,2.696421405,29.30823539,680.696,0.103527,0.306525,30.8122,,1394.24,0.05,loam,0.402515,,,31.7522,0.0781,,109.42,,125.371,,122.9,,77.1964,,,3.13588,0.296474,73.1137,,3.50987,5.8,24.62133,1.60904,1.60904,0.12747,,1.74089,8.330466615,15.242399999999998,68,4.1,12.8,1.2,2.8,3.3,16,152,656,10.44,40,62,90,10.7,14,2.2,0.52,3,7.2,9.5,6.6
1501,105,455,USPA03,USPA03014,Pennsylvania,5.604113643,3.1891176469999998,33.66094364,694.208,0.129077,0.307364,33.3834,,1671.96,0.05,loam,0.390785,,,29.0627,0.1205,,110.231,,198.286,,106.656,,73.8674,,,4.25975,0.30525,86.9433,,3.46145,5.77,28.72163,2.22534,2.22534,0.1308,,2.00918,9.775547991,18.0612,62,8.8,17.1,1.8,7,4,21,140,707,8.55,37,117,73,10.1,15,2.7,0.64,3.7,7.2,13.2,5.5
1502,105,455,USPA03,USPA03015,Pennsylvania,5.707282852,2.779610521,40.91545732,685.585,0.287289,0.523027,38.5388,,1631.96,0.05,silt loam,0.563028,1.91113,,36.8159,0.1339,,104.596,,168.717,,162.82,,114.407,,,8.3555,0.377469,90.8197,,3.98649,5.91,29.54773,1.63292,1.63292,0.13744,,3.71357,9.985570517,27.8052,76,5,30.6,1.1,4,3.4,34,151,663,12.59,43,84,101,15.4,16,3.2,1.32,3,7.2,10.9,6.5
1503,105,455,USPA03,USPA03016,Pennsylvania,4.141986558,2.725145119,33.66094364,649.407,0.107809,0.384642,23.2168,,1341.47,0.05,silt loam,1.15449,1.28756,,11.391,0.1062,,76.515,,193.829,,218.483,,93.4793,,,4.34666,0.351926,27.8021,,3.55591,6,24.05403,1.25998,1.25998,0.12579,,2.0355,9.043938624,13.8156,85,8.4,9.5,1.8,6.7,2.4,12,175,545,3.54,54,95,131,14.6,15,3.8,0.86,2.8,7.2,14.8,8
1508,105,457,USPA03,USPA03017,Pennsylvania,4.321532753,2.689670443,26.40642989,636.751,0.128817,0.308903,29.7984,,1500.85,0.05,loam,0.385352,,,31.3265,0.0841,,97.5292,,122.461,,142.885,,71.176,,,1.90972,0.243816,61.2224,,3.33039,6.11,24.84363,1.63741,1.63741,0.11639,,1.87025,9.017264804,10.822799999999999,64,3,15.4,0.9,2.1,3.4,19,150,673,11.28,39,66,96,10,17,2.8,0.65,2.6,7.2,6.6,4.5
1509,105,457,USPA03,USPA03018,Pennsylvania,5.454199584,3.620762527,34.62821209,703.166,0.140455,0.290746,32.6672,,1657.08,0.05,loam,0.380132,,,25.9417,0.0823,,110.52,,148.629,,142.025,,67.4481,,,1.90413,0.322009,100.05,,3.17437,5.77,28.11713,2.11626,2.11626,0.13169,,3.09092,9.858322191,18.548399999999997,71,4.4,20.6,1,3.4,3.6,24,144,737,6.81,35,83,98,8.1,14,1.8,1.24,3.8,7.2,8.2,4.8
1510,105,457,USPA03,USPA03019,Pennsylvania,5.226419107,2.685220625,34.14457786,736.316,0.224052,0.277299,35.7546,,1340.88,0.05,silt loam,0.488029,,,28.2849,0.0863,,98.7478,,143.08,,110.098,,90.6524,,,2.13243,0.375593,82.1256,,3.68626,5.4,24.96353,1.35144,1.35144,0.12835,,2.88206,7.998030544,20.392799999999998,78,1.8,17.1,0.9,0.9,3.2,20,163,492,10.73,43,61,59,11.2,13,3.1,0.85,2.7,7.2,5.5,4.6
1511,105,457,USPA03,USPA03020,Pennsylvania,4.871904691,2.880297961,44.78453127,636.127,0.184527,0.486956,25.9666,,1644.5,0.05,silt loam,1.39396,,,15.6261,0.1204,,79.8038,,169.826,,272.455,,132.112,,,2.55671,0.455949,29.0996,,4.00589,6.38,27.90563,1.4321,1.4321,0.14381,,5.89539,10.93952616,29.3016,82,5.1,9.8,1.5,3.6,2.1,12,150,577,4.59,46,68,144,17.6,12,2.7,0.93,3,7.2,10,6.4
1492,105,453,USPA03,USPA03021,Pennsylvania,4.932946246,2.704600335,43.33362852,679.236,0.136007,0.533083,26.8911,,1305.32,0.05,loam,0.677033,2.07156,,28.2004,0.1118,,85.757,,176.309,,132.08,,101.611,,,5.37251,0.29535,40.245,,3.62918,6.11,25.56513,1.31504,1.31504,0.12728,,1.82146,8.102700541,20.009999999999998,87,5.4,9.1,1.3,4.1,2.8,12,148,581,9.32,38,92,94,16.5,14,4,0.69,3,7.2,11.7,7.6
1493,105,453,USPA03,USPA03022,Pennsylvania,4.935392259,2.559445342,37.04638336,651.069,0.139048,0.475746,25.1694,,1239.44,0.05,loam,0.898999,1.27445,,23.6554,0.1088,,88.6395,,184.353,,124.671,,110.012,,,5.83981,0.314512,54.0452,,3.97243,6.11,24.41353,1.26868,1.26868,0.11732,,1.76995,7.734216255,20.532,76,6.9,12.5,1.7,5.1,2.8,15,150,540,9.12,40,114,86,18.6,15,3.4,0.59,2.7,7.2,12,6.9
1494,105,453,USPA03,USPA03023,Pennsylvania,6.630532106,2.893257111,49.62087375,702.032,0.188797,0.497504,32.5763,,1403.26,0.100758,silt loam,0.576622,,,25.1047,0.1612,,99.3994,,221.407,,162.006,,126.777,,,9.57076,0.45501,62.915,,3.43152,5.99,29.45003,1.65492,1.65492,0.16374,,3.10009,8.97567328,30.2064,67,7.9,13.4,1.6,6.2,3,16,134,518,7.59,39,91,91,17.9,17,3.5,0.95,3.3,7.2,11.7,5.5
1495,105,453,USPA03,USPA03024,Pennsylvania,6.381041353,3.16139902,51.0717765,716.648,0.186317,0.52207,31.1982,,1476.81,0.05,silt loam,0.871475,,,22.7958,0.1799,,85.9047,,252.482,,184.779,,144.28,,,12.06106,0.42761,67.7444,,3.84327,5.97,30.36613,1.65771,1.65771,0.16448,,3.20461,9.623705206,28.466399999999997,75,11,16.7,1.5,9.4,3,20,150,594,6.55,36,116,112,19.8,19,4,0.96,3.3,7.2,16.9,7.5
1516,106,459,USSC02,USSC02001,South Carolina,4.804195453,1.2475725593667562,21.37663373,326.48,,0.23395,4.45344,,203.138,0.05,loamy sand,0.05,,,0.32113,0.0681,,74.5902,,68.1325,,32.9032,,10.9028,,,1.6654,0.05,90.8768,,2.49743,5.17,7.43735,1.067241111,1.067241111,0.091688293,,5.8763,1.471829682,49.416,90,8.3,22.8,4.4,3.9,4.1,27,99,527,0.15,47,56,89,8.9,11,11.1,3.46,1.5,7.2,12.3,4.7
1520,106,460,USSC02,USSC02002,South Carolina,4.368396754,1.1753030303030283,23.79480496,388.902,,0.33906,5.11601,,244.019,0.05,loamy sand,0.05,,,0.30543,0.0886,,97.6671,,128.207,,30.3231,,14.2212,,,2.30894,0.10097,110.797,,2.58374,5.35,7.61544,0.916370514,0.916370514,0.073695423,,4.97588,1.811566734,16.008,88,7.5,28.2,3.4,4.1,4.3,33,122,406,0.16,69,84,62,9.2,11,6.2,2.94,1.4,6.7,11,4.6
1521,106,460,USSC02,USSC02003,South Carolina,4.647943128,0.9816840966462324,17.50755975,431.653,,0.27922,5.6782,,226.951,0.05,loamy sand,0.05,,,0.36289,0.0805,,145.269,,125.234,,28.0835,,14.1654,,,1.83307,0.11318,148.054,,2.7677,5.42,8.39733,1.122749298,1.122749298,0.089963793,,5.4596,1.697870659,22.619999999999997,83,6,36.9,2.1,3.9,5.9,43,126,248,0.15,85,86,41,8.2,10,3.9,2.84,1.5,6.7,11,4.9
1517,106,459,USSC02,USSC02004,South Carolina,6.264994375,2.1193732308936566,26.69661045,592.169,0.62875,0.4491,13.8621,,946.552,0.11374,sand loam,0.05,,,0.62006,0.0968,,129.349,,137.529,,130.008,,25.8531,,,2.31309,0.12761,153.283,,4.20721,6.19,10.20403,1.875535322,1.875535322,0.122472842,,9.4183,6.17885602,18.791999999999998,102,6,34.3,1.7,4.3,5,39,136,635,0.12,61,86,129,7.1,9,4.5,3.48,2.6,6.7,11.7,5.4
1522,106,460,USSC02,USSC02005,South Carolina,4.680081031,1.1494338946614042,18.95846249,404.344,,0.31578,4.45637,,245.154,0.05,loamy sand,0.05,,,0.29524,0.0843,,108.835,,120.449,,32.9814,,10.0885,,,2.01033,0.10422,135.546,,2.02177,5.48,8.14657,1.04404892,1.04404892,0.080299031,,5.76233,1.818202466,16.286399999999997,83,6.3,38.7,1.6,4.7,5.8,45,112,219,0.15,66,96,41,6.6,10,2.8,3.38,1.5,6.6,12.1,5
1518,106,459,USSC02,USSC02006,South Carolina,5.655060909,1.5072262773722533,26.69661045,334.011,,0.4077,7.34019,,629.565,0.05,loamy sand,0.05,,,0.42845,0.1,,88.9103,,101.538,,98.6755,,15.8382,,,1.89681,0.05,98.3857,,2.15699,6.05,8.09063,1.379983664,1.379983664,0.112767429,,10.2615,4.238722571,18.1656,114,7.2,35,2,5.2,5.7,41,103,467,0.12,63,80,101,6.9,8,3.5,5.52,2.1,6.8,16.2,9
1519,106,459,USSC02,USSC02007,South Carolina,6.335284509,1.6205747126436771,28.14751319,407.673,,0.48822,6.97954,,615.078,0.05,loamy sand,0.05,,,0.37452,0.103,,113.701,,95.1846,,98.9486,,14.5729,,,2.37441,0.10555,107.301,,2.29743,5.68,9.26703,1.455724761,1.455724761,0.117424269,,7.57629,4.154350355,19.4532,117,7.6,34.2,2.3,5.3,5.1,39,136,462,0.12,85,68,105,6.1,9,4.1,3.9,2.3,6.6,15.3,7.8
1523,106,460,USSC02,USSC02008,South Carolina,4.652883907,1.1715867019267077,21.37663373,472.225,,0.5503,5.07286,,354.91,0.05,sand loam,0.05,,,0.37103,0.121,,117.571,,198.714,,60.0853,,7.34471,,,2.3882,0.11402,86.8294,,2.28982,5.27,9.84263,1.044141884,1.044141884,0.089607481,,4.52492,2.795172759,17.921999999999997,116,10.9,21.4,2.5,8.4,4,25,194,217,0.18,106,117,52,4,9,4.1,2.27,1.8,6.7,19.7,8.8
1541,108,463,USSD02,USSD02001,South Dakota,5.335964863,2.395772286,41.78599895,591.841,0.21684,0.6207,47.8163,,2475.49,0.13319,loam,0.51308,,,1.96983,0.0777,,107.717,,154.263,,401.587,,77.978,,,4.91902,2.55077,16.5072,,1.55988,6.18,9.70229,1.915449472,1.915449472,0.173526972,,0.7393,16.14094219,12.9108,157,3.7,2.6,1.4,2.4,2.6,5,168,582,0.18,73,33,150,7.6,9,2.8,0.21,3.5,7.2,13.8,11
1542,108,463,USSD02,USSD02002,South Dakota,5.013146297,2.012211496,35.98238802,526.818,0.14485,0.54194,44.1926,,2201.5,0.11013,loam,0.5344,,,1.81767,0.0658,,99.7244,,123.896,,346.511,,71.7607,,,4.80753,2.3396,11.6461,,1.27931,6.23,7.91159,1.481004632,1.481004632,0.133387933,,0.60884,14.23367661,11.3448,143,3.6,2.4,0.9,2.7,2.6,5,151,592,0.21,71,29,151,11.1,11,2.6,0.25,3.2,6.9,13.7,10.1
1543,108,463,USSD02,USSD02003,South Dakota,5.192922004,2.039094139,32.113314,561.625,0.11609,0.4756,44.6021,,1974.31,0.11435,sand loam,0.46303,,,1.59809,0.0775,,102.8,,127.073,,350.869,,63.8134,,,4.24714,2.34016,16.8989,,1.22256,5.95,9.13419,1.650696823,1.650696823,0.145949048,,0.76413,13.13975349,10.8924,163,4.6,2.9,2.1,2.5,3.3,6,171,494,0.23,85,31,136,9.8,11,3,0.28,2.8,7.2,14.9,11.5
1544,108,463,USSD02,USSD02004,South Dakota,5.642455971,2.443497904,45.17143868,513.522,,0.72963,44.8975,,2643.79,0.10064,loam,0.57379,,,2.03016,0.0811,,114.563,,159.068,,446.816,,83.8878,,,7.50797,2.62909,13.0627,,1.65647,6.31,8.65579,2.117222888,2.117222888,0.186,,1.25,17.38292717,11.8668,175,4.1,2.9,1.4,2.7,3,6,141,609,0.23,70,32,159,11.7,11,3,0.28,3.6,7.2,16.2,12
1524,108,461,USSD02,USSD02005,South Dakota,5.68996457,2.789981835,40.81873043,553.284,,0.70273,47.4362,,2897.44,0.12706,loam,0.51327,,,2.16725,0.0666,,124.589,,169.01,,440.521,,78.1895,,,7.55535,2.70196,15.2122,,1.61714,6.36,9.81479,2.170812321,2.170812321,0.185,,1.25,18.62441709,22.480799999999995,166,0.9,2.1,0.7,0.3,2.8,5,147,647,0.17,69,27,158,8.5,10,2.6,0.24,4,7.2,11.7,11.1
1525,108,461,USSD02,USSD02006,South Dakota,5.743527243,2.503393178,36.46602225,519.063,,0.6197,46.7102,,2629.14,0.11475,loam,0.5119,,,2.03986,0.0651,,131.002,,143.516,,407.654,,81.3722,,,7.63282,2.62275,13.1198,,1.51987,6.18,9.25259,2.014475419,2.014475419,0.166,,1.25,16.94399324,13.1196,147,2.7,2.3,1,1.7,2.7,5,146,623,0.18,79,27,151,11.4,11,2.9,0.31,3.8,7.2,11.9,10
1526,108,461,USSD02,USSD02007,South Dakota,4.253807904,1.699371232,25.82606877,521.462,,0.25,36.138,,1954.25,0.05,sand loam,0.47383,,,1.46921,0.0559,,90.6219,,102.997,,312.508,,58.4336,,,3.75,2.2371,12.4388,,1.07512,6.21,8.49439,1.383025571,1.383025571,0.128,,1.25,12.65588317,8.839199999999998,159,3.9,2.3,2,1.9,2.6,5,167,506,0.23,77,29,127,11.6,10,2.4,0.32,2.7,7.2,15.5,12.9
1527,108,461,USSD02,USSD02008,South Dakota,4.583656822,1.546005799,32.113314,534.349,,0.25,37.6854,,2163.68,0.05,sand loam,0.41348,,,1.49051,0.0636,,93.6467,,118.521,,340.096,,54.8513,,,3.75,2.17436,14.7307,,1.11442,6.19,8.98529,1.491932309,1.491932309,0.137,,1.25,13.97273833,13.7808,163,4.6,2.6,2.2,2.4,2.8,5,169,518,0.21,77,31,132,9.4,8,2.5,0.3,3,7.2,15.4,12.2
1557,108,464,USSD02,USSD02009,South Dakota,6.20386808,2.904826108,46.1387072,587.21,,0.77936,47.7478,,2753.72,0.14336,loam,0.53695,,,2.00277,0.0705,,109.814,,185.492,,442.856,,75.6925,,,5.57989,2.53614,18.2413,,1.59994,5.67,39.83417,2.316221349,2.316221349,0.206,,1.06016,17.95894971,18.4092,180,4.4,3.6,2.4,2,3.8,7,154,617,0.17,71,35,161,8.9,9,3,0.29,4.6,7.2,16.2,12.6
1558,108,464,USSD02,USSD02010,South Dakota,5.565459025,2.236960352,38.40055923,588.282,,0.5693,44.0751,,2244.48,0.11934,loam,0.4377,,,1.74547,0.0679,,102.064,,129.077,,355.021,,61.5106,,,4.66224,2.52017,16.685,,1.16015,5.58,34.52147,1.897913938,1.897913938,0.169,,0.78662,14.53214824,16.3908,178,4,2.9,2,2,3.4,6,164,557,0.21,73,31,143,9.1,11,2.8,0.28,3.8,6.8,14.6,11.8
1559,108,464,USSD02,USSD02011,South Dakota,4.966969943,2.0555899,33.56421675,583.786,,0.45934,43.56,,2015.75,0.12691,loam,0.47964,,,1.72811,0.05843,,114.969,,129.629,,314.905,,71.7653,,,4.4437,2.47351,20.3274,,1.22547,5.39,32.26727,1.980982264,1.980982264,0.182,,0.77139,13.05466489,12.806399999999998,171,3.4,2.8,2.1,1.3,3.3,6,171,497,0.23,88,30,124,9.7,11,2.6,0.28,4,6.6,15,13.1
1560,108,464,USSD02,USSD02012,South Dakota,4.837570073,1.86655789,31.62967977,552.423,0.11073,0.43517,41.2159,,2027.93,0.10993,sand loam,0.4421,,,1.44642,0.0674,,90.7467,,120.127,,302.581,,64.5211,,,4.25434,2.3044,15.0828,,1.00957,5.53,31.23727,1.71584417,1.71584417,0.156,,0.59124,12.98767636,11.9016,183,2.7,2.4,1.9,0.8,3.2,6,175,505,0.21,83,32,122,9.7,10,2.8,0.26,2.9,6.8,14,12.3
1532,108,462,USSD02,USSD02013,South Dakota,5.839054284,2.561017415,38.88419345,558.551,,0.69719,44.0062,,2660.08,0.13797,loam,0.5994,,,1.98874,0.064,,98.6655,,148.387,,426.343,,81.6054,,,4.58514,2.40864,12.5284,,1.50622,5.92,37.74957,2.142646984,2.142646984,0.19,,0.86465,17.25367441,15.277199999999999,168,3.7,2.3,0.9,2.8,2.7,5,145,639,0.18,63,25,167,10.5,12,2.8,0.25,3.7,7.2,15.5,11.5
1533,108,462,USSD02,USSD02014,South Dakota,4.995819799,2.108461538,32.59694823,551.178,0.10595,0.58967,41.5377,,2379.65,0.11696,loam,0.51165,,,1.85933,0.0623,,97.3455,,139.383,,370.897,,72.9118,,,4.00653,2.18881,13.5556,,1.21937,5.99,35.07537,1.858992329,1.858992329,0.172,,0.63951,15.36387136,13.015199999999998,176,3.6,2.9,1.5,2.1,3.1,6,157,591,0.23,70,32,146,9.8,11,3,0.24,3.4,7.2,15.2,11.5
1534,108,462,USSD02,USSD02015,South Dakota,4.872009135,2.383843352,30.17877702,529.343,0.12966,0.70254,41.0501,,2604.1,0.13449,loam,0.6673,,,1.88372,0.0876,,83.3142,,153.111,,406.671,,84.7563,,,5.20292,2.26357,10.9835,,2.65973,6.5,7.39849,1.728066499,1.728066499,0.154063193,,0.77749,16.82463902,10.9968,165,3.1,2.4,1.1,2,2.4,5,143,684,0.17,54,31,164,11.2,12,2.5,0.24,3.5,7.2,14.4,11.6
1535,108,462,USSD02,USSD02016,South Dakota,5.184192069,2.491518987,34.04785098,547.84,0.10389,1.77744,41.5845,,2503.04,0.12689,loam,0.53445,,,2.01175,0.0991,,95.8829,,153.737,,416.205,,69.1945,,,6.07469,2.41637,11.7401,,1.58089,6.25,8.44829,1.744834489,1.744834489,0.157043117,,0.8684,16.40418469,12.7716,169,4.6,2.7,1.6,3,2.9,6,161,613,0.22,71,33,159,10.3,11,3,0.28,3.4,7.2,17,11.7
1572,109,465,USSD03,USSD03001,South Dakota,4.336621302,3.387661816,54.45721623,514.58,0.13923,0.65894,108.923,,2466.6,0.05,clay loam,0.61076,,,1.4264,0.0991,,61.5839,,526.724,,539.486,,56.8996,,,10.57184,1.54294,14.877,,1.45676,6.34,7.70779,2.160268026,2.160268026,0.191,,1.2041,18.225256,72.55799999999999,273,1.9,5.5,1.8,0.2,4,10,219,550,0.27,77,155,174,5.8,16,4.6,0.41,4.1,7.2,19.2,18.6
1576,109,467,USSD03,USSD03002,South Dakota,3.716272087,3.474637097,47.68633677,503.243,,0.62884,117.034,,2515.66,0.10249,clay loam,0.54722,,,1.27092,0.0818,,57.6137,,495.354,,411.244,,51.0306,,,2.63595,1.33804,12.3025,,1.37194,6.43,7.56383,2.350497608,2.350497608,0.205499796,,0.97385,17.28693282,42.629999999999995,302,2.4,3.5,2.2,0.2,3.2,7,209,596,0.3,68,154,140,4.6,10,4.5,0.36,3.8,7.2,20.2,19.3
1574,109,466,USSD03,USSD03003,South Dakota,3.662485756,3.944653887,54.45721623,423.905,0.14329,0.99141,115.637,,4368.79,0.05,clay,0.48272,,,1.58726,0.176,,46.9716,,469.095,,534.981,,26.3199,,,19.87374,0.98805,8.69388,,1.42313,7.01,5.87833,2.268821161,2.268821161,0.211,,0.72721,27.59134036,78.4044,266,2.5,6.8,2.3,0.1,3.1,10,172,733,0.36,40,120,126,2.1,23,4.8,0.23,5,7.2,18,17.1
1573,109,465,USSD03,USSD03004,South Dakota,3.183419928,3.555915493,61.22809568,362.808,,1.25362,80.4998,4988.31,4658.27,0.0841727,clay,0.784117,,1.28,2.05445,0.357,16.82,51.6815,493.8846,568.262,805.224,658.051,16.72,54.0927,,57.8294,52.8177,1.38022,16.0256,12.8021,2.23305,7.44,60.6957,2.230397419,2.230397419,0.2,0.34,0.967524,30.46183259,83.58959999999999,251,1.7,16.7,1.5,0.2,3.7,20,133,897,0.17,28,121,187,4,35,4.6,0.17,5,7.2,17.2,16
1577,109,467,USSD03,USSD03005,South Dakota,2.737709171,3.92125136,61.22809568,75.9179,,1.95379,44.7612,6632.68,5834.39,0.0819102,silty clay,0.949224,,1.18,1.93885,0.179,7.28,28.0504,460.7436,550.945,741.46,635.635,12.48,67.429,,19.1062,14.3787,1.04056,7.94995,10.5381,1.95446,7.78,78.6587,2.055452541,2.117922419,0.199,0.3,0.624916,35.94410392,50.7384,283,1.8,5.8,1.6,0.2,3.3,9,116,1344,0.2,16,117,197,2.7,15,4.8,0.14,4.9,7.2,16.1,15
1575,109,466,USSD03,USSD03006,South Dakota,2.65881887,3.817109208,66.06443816,128.076,0.14252,1.30411,72.5296,6863.31,5498.51,0.05,clay,0.71932,,1.4,1.78082,0.318,12.24,34.8819,577.733,575.665,885.429,718.756,15.52,45.4294,,28.0837,23.52145,1.19146,7.08117,8.1721,1.65724,7.64,6.16969,2.031021538,2.096781139,0.187790284,0.32,0.49885,35.06051463,73.49759999999999,300,1.9,5.3,1.6,0.2,3.2,8,161,1018,0.18,24,127,206,2,23,5.1,0.1,4.7,7.2,19.6,18
1578,113,468,USTX02,USTX02001,Texas,1.140269984,0.2028621908127007,7.447967407,367.421,0.24803,1.50341,13.7518,521.785,561.717,0.05,loamy sand,0.86039,,0.28,0.62334,0.224,3.28,28.6173,221.886,318.614,370.496,471.84,5.2,44.3363,,38.1876,47.72394,0.76615,39.9644,19.0808,1.31865,7.35,16.52294,0.43757,0.43757,0.03465,0.3,0.74964,7.76503941,1.7399999999999998,74,15.1,29.3,1,14,3.6,33,214,237,0.19,56,157,242,16.7,53,16.5,0.36,0.4,7.2,18.8,3.9
1584,113,470,USTX02,USTX02002,Texas,1.891259495,0.5044632768361775,16.6370181,350.214,0.22928,1.74899,12.3497,653.427,743.571,0.05,sand loam,0.95553,,0.28,0.65676,0.193,3.48,25.5394,364.593,515.64,401.789,515.93,6.42,51.8185,,25.4046,30.24414,0.73789,46.7173,21.1108,1.56632,7.29,16.33874,0.52876,0.52876,0.04902,0.62,1.49314,9.470921825,3.4452,111,6.1,34.1,1.3,4.9,4.9,39,214,286,0.15,60,264,263,14.8,37,14.1,0.56,0.9,7.2,14.1,8.6
1581,113,469,USTX02,USTX02003,Texas,1.676694732,0.4391604322526925,13.73521262,365.961,0.19699,1.62656,13.6626,678.611,714.547,0.05,sand loam,1.01236,,0.32,0.68552,0.172,3.88,24.6595,350.329,470.997,480.031,533.95,5.7,52.2721,,28.6709,31.47784,0.8944,56.0584,25.3884,1.59713,7.26,16.41944,0.58274,0.58274,0.05143,0.4,0.91901,9.366863178,2.9927999999999995,117,4.9,43.1,1.1,3.8,3.2,46,189,256,0.14,48,221,257,13.2,39,15.4,0.37,0.6,7.2,13,8.5
1585,113,470,USTX02,USTX02004,Texas,1.607062347,0.4137425029987917,14.21884687,311.849,0.20724,1.41616,11.8667,593.853,684.613,0.05,loamy sand,0.94289,,0.3,0.67683,0.188,3.4,23.4941,346.498,464.883,394.069,483.92,5.86,50.1104,,26.3136,30.16054,0.83919,41.4628,20.4836,1.57426,7.26,15.10234,0.57745,0.57745,0.05195,0.42,0.92771,8.778872197,3.4799999999999995,117,5.6,30.5,1.5,4.1,3.5,34,206,253,0.15,62,235,237,15.2,38,14,0.47,0.6,7.2,15.7,10.9
1582,113,469,USTX02,USTX02005,Texas,1.466260808,0.32741827326069106,12.76794413,317.186,0.27717,1.4045,12.7773,647.027,675.802,0.05,sand loam,1.0196,,0.3,0.72457,0.17,3.26,23.0575,378.446,478.676,465.682,513.73,5.42,55.6667,,28.3653,30.12484,0.92388,42.9811,22.3534,1.65016,7.27,14.16314,0.47217,0.47217,0.03793,0.36,0.86985,9.018445311,2.5056,109,6.6,32.7,1.5,5,3.9,37,194,247,0.17,55,243,247,15.6,38,14,0.38,0.6,7.2,14.8,9.2
1579,113,468,USTX02,USTX02006,Texas,1.317717646,0.2614436156208867,8.318509052,367.579,0.36459,1.7235,15.6813,578.47,661.299,0.05,sand loam,1.07324,,0.34,0.82198,0.267,3.7,29.3261,278.936,377.775,437.803,539.548,5.8,56.278,,53.4668,66.40384,0.98313,42.4646,21.7322,1.69425,7.34,19.76894,0.4568,0.4568,0.03213,0.32,0.73825,9.060094573,2.088,68,18.5,35.8,0.5,17.9,2.2,38,185,259,0.14,36,171,264,17.5,70,20.6,0.27,0.5,7.2,23.2,4.5
1583,113,469,USTX02,USTX02007,Texas,1.52897478,0.39247372675829284,12.18758303,282.118,0.22121,1.19059,11.2325,,587.828,0.05,sand loam,0.90758,,,0.61934,0.165,,23.1856,,283.076,,504.152,,52.7897,,,37.17526,0.74901,37.5232,,1.49242,7.11,13.38916,0.508,0.508,0.062,,2.02846,8.027874207,3.3059999999999996,105,5.5,32.4,1.1,4.4,3.5,36,197,231,0.15,54,174,270,15.4,51,15.2,0.85,0.6,7.2,14.5,9.3
1580,113,468,USTX02,USTX02008,Texas,1.133881109,0.27854700854701897,8.318509052,366.445,0.30655,1.52489,15.7887,568.625,627.091,0.05,sand loam,1.04262,,0.32,0.77203,0.28,3.64,28.7677,266.288,348.534,452.738,538.332,6.26,55.2863,,46.4572,54.59314,0.93374,36.5511,21.0948,1.55492,7.2,20.94364,0.43885,0.43885,0.03346,0.32,0.74429,8.752593464,2.1228,69,22.7,29.7,1.2,21.4,2.5,32,190,258,0.16,37,163,277,18.1,61,21.1,0.27,0.5,7.2,27.3,4.8
1586,113,470,USTX02,USTX02009,Texas,2.094531365,0.5703266639444805,16.54029125,295.847,0.23618,1.34085,11.7193,,688.593,0.05,sand loam,0.87426,,,0.66001,0.172,,25.8157,,378.936,,486.295,,52.7653,,,25.02466,0.70839,53.4601,,1.55939,7.08,14.64736,0.595,0.595,0.068,,1.19015,8.575857055,3.828,117,5.7,43.5,1.5,4.2,5.6,49,200,278,0.13,56,237,266,16.6,36,14.9,0.53,0.8,7.2,16.3,11.2
1591,114,472,USTX03,USTX03001,Texas,1.732005732,1.7290958019375853,32.59694826,95.8488,1.04934,2.18132,55.4722,6686.76,5892.91,0.05,sandy clay loam,1.13522,,1.64,2.22383,0.416,7.02,20.1269,530.066,659.753,337.388,377.46,4.18,91.6258,,91.7399,103.59074,0.94596,27.0755,14.7408,3.53649,7.48,12.00904,0.61814702,0.76829,0.0522,0.76,1.23075,34.75211891,18.0264,112,29.3,5.4,1.6,27.7,2.1,7,55.2,2802,0.04,5,125,161,0.6,81,9,0.04,1.5,7.2,39.6,11.3
1587,114,471,USTX03,USTX03002,Texas,1.535077788,1.660827236916152,27.27697154,107.631,1.17107,2.01134,53.4823,6802.59,6153.26,0.05,sandy clay,1.05248,,1.68,1.97088,0.413,7.3,20.595,422.573,510.43,341.238,381.947,3.6,84.1586,,93.8754,103.61574,0.89606,24.6465,13.1,3.31849,7.48,10.80254,0.657523132,0.9261,0.0626,0.68,1.0002,35.70848979,16.2168,109,18.1,5.8,1.3,16.8,2.1,8,55.4,2846,0.02,4,89,159,0.4,71,9,0.02,1.5,7.2,25.8,9.2
1592,114,472,USTX03,USTX03003,Texas,1.544099415,1.7039339339339072,24.85880031,60.6135,1.22419,2.14074,51.0436,6757.75,5937.87,0.05,sandy clay loam,1.00078,,1.2,2.03182,0.339,6.02,19.6174,460.183,536.953,355.696,375.454,3.6,82.0076,,129.029,136.90774,0.90922,25.9344,11.841,3.36409,7.58,10.96484,0.532292715,0.8296,0.05085,0.6,1.12344,34.79018697,17.573999999999998,115,11.4,4.8,0.7,10.7,1.8,7,48.9,2779,0.02,4.2,92,162,0.3,101,8,0.02,1.4,7.2,17.8,7.3
1588,114,471,USTX03,USTX03004,Texas,1.750189109,1.7007511737089083,25.8260688,87.6486,1.16096,1.9029,53.2302,7363.77,5782.29,0.05,sandy clay loam,1.0526,,1,1.87151,0.575,6.74,20.9371,463.282,534.25,365.143,371.971,3.66,85.0826,,81.112,79.90134,0.88875,30.4965,15.2148,3.3205,7.51,11.68384,0.637155844,0.86774,0.05821,0.52,1.07878,33.72847729,15.0336,106,53.1,6,0.8,52.3,2.1,8,54,2936,0.01,3.7,98,166,0.3,64,9,0.01,1.4,7.2,62.3,9.9
1593,114,472,USTX03,USTX03005,Texas,1.528313609,1.470404858299565,28.72787428,61.2826,1.08879,2.03062,50.26,6367.09,5743.28,0.05,sandy clay loam,1.08819,,1.06,1.91674,0.291,6.44,19.6845,374.074,470.489,321.937,359.379,3.8,84.2448,,87.9747,101.91774,0.99364,31.1596,13.9326,3.27084,7.55,10.84184,0.589885734,0.7617,0.05176,0.6,1.15824,33.36072769,17.6088,100,27.4,6.2,1.1,26.2,2.3,8,52.3,2764,0.01,3.9,84,156,0.2,78,8,0.01,1.3,7.2,34.3,8.3
1589,114,471,USTX03,USTX03006,Texas,1.807094502,1.519107598164215,33.56421676,90.6736,1.31123,1.92992,54.5752,6626.64,6336.8,0.05,sandy clay loam,0.97276,,1.34,2.07008,0.457,7.32,20.2426,405.391,504.532,336.211,383.462,3.68,77.0247,,95.6743,114.42774,0.89183,28.9979,14.3754,3.09151,7.36,11.62454,0.530340708,0.90393,0.05378,0.62,1.08939,36.67070042,19.2792,107,20.6,5.5,0.1,20.5,1.9,7,50.5,2846,0.01,3.7,90,158,0.2,74,8,0.01,1.5,7.2,28.6,7.9
1594,114,472,USTX03,USTX03007,Texas,1.553124156,1.5979569892472862,27.27697154,85.8147,1.26747,2.19646,59.6643,6645.68,6491.56,0.05,sandy clay,1.00385,,1.36,2.22796,0.351,7.5,20.3366,399.456,506.379,353.971,404.282,3.38,77.3966,,118.928,143.65274,0.98114,21.1779,10.262,3.26899,7.53,11.80884,0.620610724,0.85706,0.04847,0.64,1.15391,37.74980152,8.247599999999998,110,9.3,4.5,0.1,9.2,1.6,6,47.3,2833,0.01,3.4,85,164,0.1,87,8,0.01,1.4,7.2,15.8,6.1
1590,114,471,USTX03,USTX03008,Texas,1.451774797,1.6132601880877664,24.85880031,74.0414,1.19662,2.1806,59.7706,7174.97,6170.61,0.05,sandy clay loam,0.99799,,1.26,2.02107,0.411,7.76,20.6275,377.902,435.172,394.553,405.788,3.12,75.9471,,175.35,188.26774,0.93186,26.0914,12.0706,3.04586,7.56,12.67404,0.461470884,0.83863,0.04428,0.58,1.09892,36.16899773,8.873999999999999,97,9.2,2.5,0.2,9,1.2,4,45.3,2867,0.01,3.2,55,180,0.1,156,9,0.01,1.2,7.2,15.4,6.6
1603,115,475,USTX05,USTX05001,Texas,1.536619812,1.410141467727672,22.63408277,31.1203,2.85526,1.38087,44.414,6337.39,6375.97,0.25,silty clay loam,1.25934,,1.18,2.40715,0.1776,12.5,42.4246,359.054,461.733,198.768,181.421,9.7,138.452,,11.1171,8.55882,1.05938,41.7402,9.8905,3.7031,8.23,8.96654,0.94428413,1.760903611,0.092,0.38,0.96739,34.6128347,3.3407999999999998,91,2.4,5.1,0.1,2.3,1.4,7,38,2548,0.04,5,72,107,1.2,10,4.9,0.01,2.1,7.2,10.1,7.5
1607,115,476,USTX05,USTX05002,Texas,1.405278967,1.2673262032085575,20.21591153,24.5438,3.49832,1.367,42.6714,6337.8,6201.95,0.25,silty clay loam,1.18017,,1.24,2.30913,0.1789,14.1,44.3046,349.87,423.834,209.878,183.705,8.82,126.759,,13.0905,10.58522,1.03463,34.4283,9.3858,3.39434,8.33,8.17766,0.908680887,1.880394155,0.089,0.38,0.91946,33.67340155,2.9579999999999997,76,2.6,4.3,0.1,2.5,1,5,36,2622,0.05,6,72,111,1.1,12,4.9,0.01,1.9,7.2,7.6,5
1604,115,475,USTX05,USTX05003,Texas,1.720096529,1.5357657657657668,24.08498551,25.7287,2.6258,1.24304,41.8751,6421.15,6119.7,0.25,silty clay loam,1.17522,,1.12,2.22729,0.234,12.58,40.6273,340.054,408.515,195.243,173.375,9.64,129.059,,11.731,8.57332,1.02234,31.4148,8.1484,3.36171,8.25,8.28777,1.102870342,1.959516358,0.106,0.34,0.83218,33.12804134,3.2015999999999996,88,2.7,3.9,0.1,2.6,0.9,5,42,2569,0.07,6,71,104,1.2,11,5,0.01,2.4,7.2,9.9,6.4
1608,115,476,USTX05,USTX05004,Texas,1.868415095,1.4482911944202184,26.50315675,24.3537,3.38643,1.22632,39.6189,6082.02,5779.49,0.25,silty clay loam,1.22153,,1.04,2.13098,0.176,11.42,38.6645,317.046,396.582,184.53,170.614,9.42,128.55,,11.3732,8.54382,1.00417,28.9223,6.9211,3.29882,8.23,9.58994,1.193256063,2.011296734,0.104,0.34,0.85529,31.37325731,5.7768,104,4.3,3.6,0.1,4.2,1.1,5,36,2596,0.05,6,73,102,1.2,11,5.8,0.01,2.5,7.2,12.6,7.3
1609,115,476,USTX05,USTX05005,Texas,1.853322568,1.6433273862622537,26.0195225,29.1548,3.38629,1.42688,42.0424,6215.75,5831.26,0.25,silty clay loam,1.19892,,1.12,2.28685,0.175,11.54,36.9018,387.37,469.046,189.146,171.22,8.78,126.386,,12.7569,9.87152,0.99745,40.4026,8.7496,3.35171,8.36,9.37184,1.105027177,1.935789112,0.099,0.4,0.93608,31.82873504,5.080799999999999,106,4.1,5.3,0.2,3.9,1.7,7,35,2615,0.05,6,90,103,1.4,12,5.5,0.01,3.1,7.2,12.9,7.5
1605,115,475,USTX05,USTX05006,Texas,1.498408863,1.4074269005847828,22.15044852,26.8515,2.20336,1.16214,42.0799,6128.38,5638.35,0.25,silty clay loam,1.24676,,0.98,2.07302,0.156,9.28,36.8011,296.051,363.019,178.512,164.055,10.24,134.555,,10.9199,7.6984,1.01854,34.9566,7.5926,3.19385,8.35,9.17504,0.995948402,1.787572803,0.091,0.3,0.79877,30.52316426,3.7931999999999997,80,3.2,4.1,0.1,3.1,1.1,5,36,2574,0.04,6,64,101,1.4,11,4.9,0.01,2.1,7.2,10.5,6.2
1606,115,475,USTX05,USTX05007,Texas,1.849012325,1.7346899049343403,25.53588825,27.2901,2.6878,1.75121,43.4104,7456.51,6153.33,0.25,silty clay loam,1.24477,,1.18,2.27251,0.232,9.06,36.1515,383.526,428.445,230.229,176.935,12.86,133.174,,13.5697,10.00972,0.97399,31.6617,7.9106,3.52416,8.33,9.74764,0.895869019,1.924963148,0.099,0.36,0.91172,33.38320578,5.811599999999999,110,4.7,3.8,0.1,4.6,1.1,5,37,2626,0.04,5,75,106,1.3,11,5.8,0.01,2.6,7.2,14.7,8.4
1610,115,476,USTX05,USTX05008,Texas,1.596189855,1.552045556051821,22.15044852,27.7619,2.16036,1.2555,44.0659,7931.48,6011.22,0.25,silty clay loam,1.24344,,1.08,2.16285,0.169,12.5,40.534,367.991,385.839,236.4,171.879,9.44,134.204,,14.2214,9.12312,1.02153,30.2568,9.8575,3.2894,8.26,8.71974,0.948533384,1.79725707,0.084,0.32,0.8113,32.51742151,5.080799999999999,70,3.6,3.8,0.2,3.4,1.1,5,40,2614,0.04,5,68,102,1.3,13,5.5,0.01,2.1,7.2,9.9,6.7
1599,115,474,USTX05,USTX05009,Texas,2.030777812,1.9064452423698537,28.92132798,20.1037,1.83483,1.5323,38.2195,8481.96,6205.26,0.25,silty clay loam,1.01801,,1.1,2.39389,0.178,12.82,36.3166,478.016,478.32,259.764,177.773,8.18,113.633,,15.3352,9.53612,0.91305,36.4693,9.9987,3.29536,8.06,9.01794,1.267873795,2.065253586,0.122,0.44,1.02944,33.77566461,7.4124,110,3.9,6.5,0.1,3.8,2.4,9,34,2556,0.06,4,87,102,1.3,12,5.8,0.02,2.6,7.2,14,9.4
1595,115,473,USTX05,USTX05010,Texas,1.739385841,1.4936662106702951,24.08498551,20.7269,2.33212,1.64395,35.7924,6566.65,6544.3,0.05,silty clay loam,1.01388,,1.2,2.6111,0.239,13.48,37.5292,398.223,483.578,220.485,268.234,6.6,105.861,,15.0391,12.15311,0.93643,41.1969,2.2533,3.42051,7.97,8.93182,1.128330873,2.016986184,0.098,0.42,1.06379,36.24956654,6.159599999999999,94,2.9,8,0.2,2.7,2.3,10,32,2575,0.06,5,85,114,1.2,13,5.5,0.01,3.4,7.2,11.2,7.3
1596,115,473,USTX05,USTX05011,Texas,1.829626701,1.479770114942534,25.53588825,26.0639,2.17914,1.39304,40.9897,6361.87,6052.86,0.05,silty clay loam,1.04707,,1.12,2.42702,0.181,11.68,34.3285,351.544,435.134,199.414,245.006,6.5,107.807,,11.6799,8.94541,0.9429,40.6123,2.18856,3.2423,8.07,8.18672,1.291789395,2.170817754,0.096,0.38,0.91887,33.46063797,7.656,90,3.3,7,0.1,3.2,2.1,9,33,2573,0.03,5,74,103,1.1,10,5.3,0.01,2.3,7.2,11.5,6.9
1600,115,474,USTX05,USTX05012,Texas,2.135328943,1.8288235294117663,30.85586497,31.9314,2.10781,1.69237,43.8123,6562.39,6191.44,0.10412,silty clay loam,0.98291,,1.18,2.57418,0.217,13.56,38.9167,401.097,499.75,208.65,258.418,6.66,102.045,,15.9287,13.99261,0.9284,34.9619,2.15986,3.37615,8.09,9.81172,1.334332148,2.253604532,0.112,0.42,1.02794,34.45293103,4.2108,112,4.3,5.3,0.3,4,1.6,7,32,2555,0.04,6,87,107,1.1,15,5.5,0.01,2.9,7.2,15.3,9.5
1601,115,474,USTX05,USTX05013,Texas,2.002548237,1.842368421052622,31.33949922,14.2084,1.76429,1.6889,30.8986,6499.1,6366.53,0.10513,silty clay loam,0.90326,,1.14,2.44303,0.249,12.3,34.8429,433.217,549.742,203.118,250.104,6.72,95.0052,,12.5339,10.20141,0.84078,34.6653,2.17946,3.3697,8.07,9.80892,1.537811466,2.388469471,0.119,0.44,1.05468,35.37079884,6.6815999999999995,105,4.8,6.1,0.1,4.7,2,8,34,2554,0.05,5,102,103,1,10,7.2,0.01,3.4,7.2,15.3,10
1597,115,473,USTX05,USTX05014,Texas,1.615371362,1.5772844628860956,27.47042524,15.7296,2.03019,1.29797,23.3674,6218.95,5796.56,0.05,silty clay loam,1.09862,,1.06,2.28823,0.175,9.76,32.3326,335.648,423.933,185.462,231.104,7.84,111.348,,10.3297,7.93305,0.96554,42.3983,2.41226,3.23305,8.22,7.87252,1.260284968,2.067733738,0.097,0.36,0.91828,32.03016589,5.881199999999999,103,3.4,7.9,0.4,3,2.5,10,32,2576,0.04,5,77,106,1.1,11,5.4,0.01,2.4,7.2,13.2,8.4
1602,115,474,USTX05,USTX05015,Texas,1.937542275,1.9078991207774405,29.88859648,18.2695,2.0408,1.36759,25.296,6403.02,6294.08,0.05,silty clay loam,0.95185,,1.1,2.31599,0.167,11.38,34.4986,364.489,460.858,196.367,243.276,6.84,99.7417,,12.2905,9.98261,0.89747,30.4449,1.986322,3.26836,8.13,8.64432,1.163785808,2.025099568,0.105,0.36,0.87206,34.72278984,5.9508,115,3.6,4.6,0.1,3.5,1.4,6,31,2545,0.04,5,82,103,1,11,5.8,0.01,2.6,7.2,14.8,9.4
1598,115,473,USTX05,USTX05016,Texas,1.732954196,1.6339053254437659,29.40496223,12.73,1.92707,1.14958,25.1701,6100.45,5650.98,0.05,silty clay loam,1.08378,,1.06,2.19112,0.164,9.7,32.9159,326.238,412.905,178.961,222.395,8.22,109.275,,9.9758,7.14868,0.93581,41.8315,2.44768,3.10038,8.27,8.29332,0.892475147,1.866947384,0.09,0.34,0.89134,31.19800366,7.829999999999999,104,2.9,8.9,0.1,2.8,2.7,12,31,2553,0.03,4,77,94,1,9,5.3,0.01,2.4,7.2,13,8.3
1611,115,477,USTX05,USTX05017,Texas,1.434869114,1.388871415356146,20.69954578,11.3186,2.71471,1.5133,33.4258,5972.63,5678.73,0.10273,clay loam,1.07166,,1.1,2.61539,0.151,9.44,35.801,291.101,375.417,225.006,279.307,6.52,111.345,,14.5665,12.50981,1.06581,84.6804,5.7163,3.48205,8.34,9.17732,0.950040353,2.179423356,0.072,0.46,1.54059,31.73820651,3.6887999999999996,73,1.2,10.6,0.1,1.1,2.4,13,30,2551,0.03,4,70,125,1,14,5.7,0.01,1.8,7.2,8.2,6
1612,115,477,USTX05,USTX05018,Texas,1.513260886,1.5727397260273857,26.0195225,25.1059,2.06917,1.25061,42.4882,5974.39,5515.55,0.05,silty clay loam,1.05561,,1,2.24716,0.145,11.3,40.3798,269.742,339.714,223.155,271.741,6.64,108.558,,10.0653,6.96888,1.07301,43.3867,3.77382,2.87699,8.27,7.77382,0.973084891,1.805569317,0.085,0.32,0.86511,30.74361936,5.742,68,1.3,5.2,0.1,1.2,1.4,7,34,2517,0.04,5,57,124,1,8,4.2,0.01,2,7.2,7.5,5.4
1615,115,478,USTX05,USTX05019,Texas,1.348322454,1.4869136433316317,22.63408277,10.7099,1.83134,1.48783,33.1884,5998.66,5654.89,0.05,silty clay loam,1.02298,,1.08,2.27661,0.145,11.42,37.989,264.905,333.938,221.627,267.97,7,108.39,,11.1293,8.76661,1.05568,27.6555,8.6845,2.91963,8.32,6.7094,1.385846865,2.267919935,0.097,0.38,1.02832,31.40190032,5.289599999999999,63,1.6,4.7,0.1,1.5,1.3,6,35,2556,0.06,5,55,122,1,12,4.3,0.01,2.1,7.2,7.5,5.2
1616,115,478,USTX05,USTX05020,Texas,1.662613692,1.2253014553014563,30.85586497,15.0901,2.28171,1.52405,23.8724,5954.12,5466.41,0.05,clay loam,1.04786,,1,2.25034,0.146,9.52,34.1766,316.026,390.328,227.18,273.444,6.86,113.23,,12.3996,9.31141,0.98129,52.2128,13.5642,3.45222,8.32,7.35985,0.976754295,2.217657167,0.079,0.5,1.28332,30.65207542,5.4984,79,1.3,8.3,0.1,1.2,2.2,10,27,2583,0.04,4,68,128,1,11,4.5,0.01,1.8,7.2,8,5.7
1613,115,477,USTX05,USTX05021,Texas,1.581213045,1.453303085299453,9.575958095,26.4511,2.33603,1.40319,43.2146,6183.67,5808.11,0.05,silty clay loam,1.09386,,1.08,2.35888,0.168,11.54,40.767,310.068,381.654,243.079,288.997,6.1,113.89,,10.7381,7.84071,1.0882,35.0692,10.2735,3.26508,8.29,7.03286,1.059724989,2.123042474,0.083,0.32,0.91185,32.46154838,5.1852,82,2.8,6.4,0.9,1.9,1.8,8,35,2564,0.04,5,65,134,1.2,9,4.8,0.01,2.2,7.2,8.7,5.8
1614,115,477,USTX05,USTX05022,Texas,1.707115909,1.3323483745754578,28.43769374,24.6599,1.72091,1.28777,41.8493,6118.79,5603.19,0.05,silty clay loam,1.01945,,1,2.27162,0.145,11.46,39.8755,291.675,362.619,237.132,279.736,5.14,108,,9.9139,6.81298,1.03316,26.3888,8.866,2.978,8.25,6.63271,0.870314222,1.815227139,0.084,0.3,0.79439,31.3064973,4.5935999999999995,71,1.3,3.9,0.1,1.2,1,5,36,2558,0.03,5,58,125,0.8,9,4.1,0.01,2.2,7.2,7.3,5
1617,115,478,USTX05,USTX05023,Texas,1.632985569,1.5890255220417644,21.18318003,30.9602,2.45211,1.62777,48.0417,6350.3,6171.64,0.10502,silty clay loam,1.11649,,1.14,2.53467,0.194,11.24,39.8336,351.583,444.035,243.91,297.656,5,124.584,,13.1088,10.82571,1.08491,50.999,14.199,4.02811,8.23,7.11697,0.969957258,1.948628342,0.085,0.46,1.26483,34.52428626,2.7492,69,1.9,8.3,0.1,1.8,2.2,11,38,2582,0.04,5,69,126,1,11,4.6,0.01,2.5,7.2,8.4,5.7
1618,115,478,USTX05,USTX05024,Texas,1.726917875,1.5591373801916946,24.08498551,33.2752,1.95992,1.39723,45.8163,6139.71,5626.58,0.05,silty clay loam,1.12074,,1,2.36175,0.16,11.38,41.8973,325.436,409.079,230.583,278.497,5.38,121.661,,11.0023,8.07895,1.05937,52.478,14.9836,3.35326,8.34,7.19712,0.948773556,1.798558788,0.08,0.4,1.07389,31.53775472,4.3152,66,2.3,10.6,0.2,2.1,2.5,13,40,2495,0.05,5,67,118,1,10,4.2,0.01,2.4,7.2,8.5,5.8
1623,115,480,USTX05,USTX05025,Texas,1.502508179,1.0968608414239316,20.21591153,10.7967,1.82909,1.09765,32.8806,5684.34,5197.09,0.1003,loam,1.07248,,0.86,2.00099,0.135,9.32,35.429,266.694,352.512,191.41,244.485,4.78,112.312,,10.2048,8.06228,0.95481,61.4214,25.7175,3.40942,8.37,6.88443,0.91537291,1.778499297,0.058291292,0.44,1.2752,28.96175532,2.61,51,1.2,7.9,0.1,1.1,1.7,10,35,2622,0.03,4,67,113,1,9,4.2,0.01,2.3,7.2,6.1,3.8
1619,115,479,USTX05,USTX05026,Texas,1.595995259,1.2085801027557372,23.11771702,19.0685,1.80359,1.09984,47.1984,5718.98,5335.16,0.11735,silt loam,1.14672,,0.84,2.12883,0.138,10.38,38.9861,284.39,369.705,198.02,248.81,5.02,120.115,,9.4332,6.62276,1.04472,46.2182,14.5608,3.35257,8.32,7.1652,0.926240808,1.728492815,0.068,0.42,1.23221,29.72597282,2.5752,54,1.2,5.2,0.1,1.1,1.9,7,39,2556,0.05,5,64,115,1.2,9,4.1,0.01,2.3,7.2,6.2,4.4
1620,115,479,USTX05,USTX05027,Texas,1.657673452,1.040994099,23.60135126,10.385,1.61213,0.98783,28.664,5695.15,4943.15,0.10781,silt loam,1.06872,,0.8,1.94286,0.134,9.8,38.5445,267.363,337.142,185.436,226.014,5.44,112.62,,9.0398,5.89172,0.96038,42.2464,12.8109,2.95368,8.34,6.58909,0.706759017,1.622770644,0.054,0.42,1.15704,27.48928285,3.4452,55,1.4,5.4,0.2,1.2,1.6,7,41,2579,0.05,6,68,113,1.4,8,4,0.01,1.6,7.2,6.5,4.4
1624,115,480,USTX05,USTX05028,Texas,1.739301376,1.2676744186046311,24.56861976,23.222,1.80809,1.03073,49.0906,5754.24,5351.23,0.11219,silt loam,1.17982,,0.9,2.07726,0.144,9.98,39.3583,295.604,378.802,205.759,252.024,6.46,122.197,,8.8134,5.69342,1.02089,44.7223,16.4249,3.34338,8.35,7.05033,1.016162094,1.8072106,0.078,0.42,1.15277,29.85239118,4.2108,58,1.9,5.3,0.2,1.7,1.5,7,40,2577,0.06,5,74,116,1.1,7,4,0.01,1.8,7.2,7.4,4.5
1625,115,480,USTX05,USTX05029,Texas,1.662613692,1.2356031904287381,23.11771702,27.7574,1.68903,0.98305,43.6161,5796.76,5386.96,0.1047,silt loam,1.19675,,0.88,2.04584,0.132,11.04,42.6797,266.454,343.156,201.793,253.47,5.56,122.998,,9.3276,6.2527,1.10783,36.9672,12.03,3.09433,8.38,6.54651,0.786808128,1.646277384,0.056,0.32,0.96146,29.95412284,3.0275999999999996,55,1.5,4.5,0.1,1.4,1.3,6,40,2588,0.05,5,59,117,1.1,8,4,0.01,1.7,7.2,5.9,3.4
1621,115,479,USTX05,USTX05030,Texas,1.684855778,0.9264625850340071,22.63408277,22.652,2.38868,1.083,46.7411,5780.69,5345.88,0.10164,silt loam,1.16211,,0.92,2.10258,0.137,10.06,38.152,294.513,370.308,207.387,254.484,5.92,119.306,,9.7061,6.5812,1.0548,58.4419,4.20696,3.40826,8.32,7.40137,0.897237712,1.837188675,0.058,0.38,1.08214,29.82822161,3.1319999999999997,62,1.9,5.5,0.1,1.8,1.3,7,32,2630,0.05,4,71,122,1.2,9,4.1,0.01,1.6,7.2,8.7,5.1
1626,115,480,USTX05,USTX05031,Texas,1.392207379,1.0764833005893693,26.98679099,20.4466,1.58578,1.03707,40.1459,5737.9,5283.22,0.05,silt loam,1.12333,,0.84,1.91986,0.132,9.9,40.2691,269.19,343.433,192.579,237.437,5.92,116.466,,9.0763,6.22244,1.01251,39.6962,3.29394,2.94456,8.34,6.64854,0.872282094,1.604033149,0.069,0.34,0.9277,29.30239319,3.0972,46,1.8,4.9,0.5,1.3,1.4,6,40,2563,0.04,5,65,116,1.1,11,4.1,0.01,1.8,7.2,6.2,3.7
1622,115,479,USTX05,USTX05032,Texas,1.774005006,1.3638069216757687,29.40496223,32.2784,1.80237,1.16339,44.1308,6000.81,5645.63,0.10022,silty clay loam,1.21914,,0.94,2.18117,0.146,11.66,45.2183,329.138,418.551,222.802,276.971,5.72,127.863,,9.5082,6.63244,1.11856,41.0581,14.9704,3.42426,8.31,6.93581,0.840961783,1.817449916,0.079,0.36,1.02927,31.63828606,4.2456,58,2.5,5.1,0.3,2.2,1.3,6,39,2605,0.03,5,76,124,1.1,10,4.2,0.01,2.8,7.2,7.6,4.6
1627,118,481,USVA01,USVA01001,Virginia,3.853595487,1.64,42.94672118,806.277,0.304431,1.139375,19.1526,,747.336,0.05,loam,0.348208,,,1.21647,0.0742,,143.281,,148.848,,164.483,,32.6414,,,5.65951,0.20101,307.101,,3.37802,5.83,17.43568,0.89577,0.89577,0.0736,,1.38216,5.513641249,17.052,131,2.7,54.2,1.6,1.1,2.4,57,118.5,352,0.01,30.5,73,108,3.7,16,3,0.78,1.8,6.6,12.3,10.7
1628,118,481,USVA01,USVA01002,Virginia,4.577593828,1.91,34.24130468,799.355,0.40894,1.139375,17.5698,,648.592,0.05,loam,0.510096,,,1.40357,0.0719,,156.064,,164.632,,142.3,,47.6135,,,4.55681,0.20743,292.484,,3.59168,5.76,16.08948,1.03635,1.03635,0.08189,,1.37523,4.870740622,12.249600000000001,120,1.4,47.6,1,0.5,3.5,51,120,287,0.01,30.1,77,91,3.2,15,2,0.47,1.8,6.6,9,8.4
1629,118,481,USVA01,USVA01003,Virginia,4.456397602,1.97,40.52854991,808.753,0.359083,1.139375,18.0546,,745.771,0.05,loam,0.30472,,,1.29295,0.0736,,144.69,,146.907,,170.967,,22.8959,,,5.38916,0.186496,329.116,,5.12641,5.67,18.56288,1.02608,1.02608,0.09529,,1.38827,5.553697884,11.9016,120,2.5,53.4,1.3,1.2,4.9,58,128.5,338,0.01,30.8,70,114,2.6,15,2,0.45,1.9,6.6,10.6,8.6
1630,118,481,USVA01,USVA01004,Virginia,3.999746807,1.72,39.07764716,807.593,0.393165,1.139375,18.3655,,638.634,0.05,loam,0.336111,,,5.24763,0.0598,,156.597,,130.804,,112.204,,25.9978,,,5.13595,0.215229,298.249,,4.78521,5.61,17.52558,0.84926,0.84926,0.06755,,2.39636,4.485930877,11.797199999999998,121,2,43.3,1,1,3.2,47,118.6,282,0.01,31.6,61,75,3,15,2,0.45,1.7,6.4,10.6,9.4
1635,118,483,USVA01,USVA01005,Virginia,4.24238618,1.64,40.04491568,700.348,0.350795,1.139375,15.1642,,577.203,0.05,loam,0.290344,,,4.29465,0.062,,93.6714,,138.278,,131.025,,24.3196,,,3.96903,0.140636,101.484,,3.43087,5.26,14.68708,0.77673,0.77673,0.07145,,1.39878,4.349711122,10.44,121,1.8,17.4,1.3,0.5,2.5,20,105.1,299,0.01,26.2,69,98,2.8,13,2,0.27,1.6,6.7,9.4,8.6
1636,118,483,USVA01,USVA01006,Virginia,4.149285123,1.92,49.71760064,729.54,0.271442,1.139375,15.1707,,542.141,0.05,loam,0.293451,,,3.68064,0.0681,,98.6161,,158.537,,113.919,,29.0377,,,7.92894,0.159407,107.391,,3.44763,5.83,15.46838,1.04879,1.04879,0.09899,,1.45326,4.101010259,9.4308,130,2,11.8,1.7,0.3,2.6,14,108.6,252,0.01,28.9,65,70,3,14,2,0.29,1.7,6.5,10.1,8.9
1637,118,483,USVA01,USVA01007,Virginia,3.510975266,1.63,29.4049622,651.477,0.265336,1.139375,13.9511,,644.561,0.05,loam,0.295163,,,3.96922,0.062,,90.4522,,129.539,,152.865,,20.9138,,,5.87237,0.125928,80.3257,,3.98697,5.53,15.02858,0.82939,0.82939,0.0733,,1.29904,4.854366277,12.5976,126,2.1,18.9,1,1.1,2.6,22,90.3,375,0.01,25.2,74,136,3.1,14,2,0.34,2.1,6.7,11.9,10
1638,118,483,USVA01,USVA01008,Virginia,5.317608374,2.69,36.65947595,1020.88,0.348098,1.139375,15.9057,,623.313,0.05,loam,0.129333,,,1.59056,0.0673,,114.179,,207.281,,148.469,,11.3013,,,4.87896,0.123724,157.823,,3.02621,5.43,18.08118,1.31349,1.31349,0.1154,,0.827915,4.906512995,13.711199999999998,138,3.4,18.7,2.4,1.1,3.6,22,172.2,309,0.01,35.2,91,108,2,15,3,0.28,2.5,6.4,11.8,9
1631,118,482,USVA01,USVA01009,Virginia,4.64333407,2.2,51.65213761,731.535,0.360677,1.139375,17.8002,,717.653,0.05,loam,0.324335,,,12.1483,0.0822,,146.452,,222.554,,116.335,,35.1504,,,5.27741,0.236819,255.07,,3.36934,5.46,18.40868,1.1179,1.1179,0.11596,,10.5225,5.151323344,12.284399999999998,127,1.7,47.3,1.2,0.5,1.6,49,100.9,313,0.41,34.3,100,77,3.8,15,2,2.56,1.9,6.5,10.8,9.3
1632,118,482,USVA01,USVA01010,Virginia,5.029805223,2.3,55.52121157,521.855,0.166123,1.139375,28.2538,,824.492,0.05,loam,0.345617,,,3.51229,0.0767,,86.6811,,136.911,,72.1539,,81.2923,,,3.97938,0.206194,82.3511,,2.63443,5.65,16.99928,1.34788,1.34788,0.12934,,4.30499,5.092100237,13.398,139,3.9,56.3,3.4,0.5,3.8,60,105.8,377,0.52,32.1,108,81,8.8,16,2,2.97,2.2,6.5,12.7,9.5
1633,118,482,USVA01,USVA01011,Virginia,4.888651957,2.12,47.29942936,692.741,0.297942,1.139375,15.2483,,783.323,0.05,loam,0.272137,,,10.1482,0.0821,,126.275,,171.342,,147.917,,26.1944,,,4.81111,0.199213,206.906,,3.52799,5.34,18.29778,1.24791,1.24791,0.11807,,7.26552,5.609517569,13.328399999999998,131,3.5,49.2,1.4,2.1,2.2,51,95.6,364,0.45,29.8,84,98,3.2,15,2,2.17,2,6.6,14.2,10.8
1634,118,482,USVA01,USVA01012,Virginia,4.598787984,1.96,48.6536053,795.878,0.423198,1.139375,17.8043,,702.935,0.05,loam,0.270218,,,10.7617,0.0686,,149.822,,174.739,,102.44,,25.3295,,,8.62434,0.234968,258.549,,4.24346,5.4,19.48728,1.26752,1.26752,0.1215,,7.85233,4.853891496,25.752,128,3.4,40.6,1.7,1.6,1.2,42,107.3,369,0.43,33.3,80,72,3.2,15,3,1.87,2,6.6,12.7,10.1
1651,119,488,USWA01,USWA01001,Washington,2.868342237,1.352733813,12.09085616,489.11,,0.30908,37.428,,899.457,0.05,sand loam,0.18734,,,1.04042,0.0585,,126.575,,343.353,,111.13,,10.8236,,,5.72397,0.26522,22.462,,0.27846,5.53,17.06367,0.899705864,0.899705864,0.088272989,,0.66164,6.328650418,5.985599999999999,88,7.6,69.2,4.1,3.5,7.3,76,189,416,0.98,115,161,85,6.4,17,5.9,2.19,1.6,6.7,7.9,5
1642,119,485,USWA01,USWA01002,Washington,4.648666389,1.643737374,17.41083293,554.518,,0.30724,35.982,,885.555,0.05,sand loam,0.25266,,,3.56779,0.1026,,173.822,,338.078,,123.238,,18.4262,,,5.14747,0.33283,151.18,,0.43077,5.27,19.56287,1.160249499,1.160249499,0.118336966,,5.4226,6.344010675,9.361199999999998,108,8,82.4,4.6,3.4,8.9,91,189,355,1.54,124,148,68,8,15,4.5,2.65,2.3,6.7,11.7,7.1
1645,119,486,USWA01,USWA01003,Washington,5.528784849,1.824726368,17.89446716,629.619,,0.32983,38.5107,,869.418,0.10224,sand loam,0.29536,,,5.27982,0.1002,,218.062,,346.85,,111.913,,23.5819,,,4.58243,0.42703,240.857,,0.56904,4.68,20.05447,1.260775556,1.260775556,0.112036467,,7.40554,6.189001809,7.8648,112,4.8,21.6,3.9,0.9,3.4,25,171,401,0.33,104,167,77,4.8,16,1.6,0.55,2.3,6.4,12.3,6.1
1648,119,487,USWA01,USWA01004,Washington,2.98568832,1.197893738,12.09085616,464.948,,0.26465,42.1214,,850.27,0.05,sand loam,0.20179,,,1.00269,0.0451,,122.286,,347.289,,113.886,,11.3652,,,5.26692,0.2159,28.4106,,0.28907,5.4,13.84507,0.808976372,0.808976372,0.076560115,,0.9419,6.113788249,4.7676,75,6.2,49.3,4.1,2.1,5.4,55,179,393,0.71,111,158,76,5.7,18,3.7,1.35,1.6,6.9,7.5,5.1
1639,119,484,USWA01,USWA01005,Washington,4.216431501,1.596086957,14.50902743,532.41,,0.42888,40.4683,,935.346,0.05,sand loam,0.23633,,,2.64207,0.075,,157.491,,367.865,,125.687,,15.5017,,,5.36437,0.30671,101.759,,0.42038,5.14,18.37097,1.004818915,1.004818915,0.090034487,,3.30192,6.690695849,6.09,92,11,103.7,5.7,5.3,11.3,115,196,342,2.09,142,201,69,10.5,19,7,4.55,2,6.6,8.8,5.8
1646,119,486,USWA01,USWA01006,Washington,6.984946588,2.31942768,28.53442057,610.479,,0.4156,31.4753,,779.266,0.11964,sand loam,0.34251,,,5.87793,0.1533,,240.316,,433.14,,101.46,,27.9962,,,4.82445,0.39092,281.735,,0.68502,4.63,21.70977,1.59052278,1.59052278,0.147676345,,10.885,5.873444696,15.0336,144,6.9,21.2,5.4,1.5,3.9,25,184,405,0.32,111,195,81,5.9,17,3.3,0.67,2.9,6.6,16,8.5
1649,119,487,USWA01,USWA01007,Washington,3.331833765,1.255769416,15.47629589,475.543,,0.32412,42.7274,,879.939,0.05,sand loam,0.22826,,,1.09374,0.0703,,130.512,,353.778,,116.179,,13.3787,,,4.72835,0.22065,30.4603,,0.39094,5.28,5.18883,0.899468329,0.899468329,0.072999416,,1.1629,6.295539702,6.5424,96,7.1,79.2,4,3.1,8,87,194,382,1.08,124,191,76,8.2,18,6.6,2.25,1.7,6.7,8.9,6
1643,119,485,USWA01,USWA01008,Washington,4.94860331,1.852463466,19.34536991,585.532,,0.37512,37.6496,,894.93,0.05,sand loam,0.32748,,,4.26334,0.1077,,209.338,,412.856,,118.57,,24.3612,,,4.72835,0.36807,201.425,,0.61387,4.88,11.81477,1.099424248,1.099424248,0.096013611,,6.20504,6.541909688,9.0828,135,5.2,20.3,3.8,1.4,3.5,24,185,413,0.24,105,281,75,5.1,19,3.6,0.38,2.2,6.7,13.1,8.3
1652,119,488,USWA01,USWA01009,Washington,3.740329333,1.341856287,18.37810139,511.58,,0.38603,41.3384,,931.982,0.05,sand loam,0.20461,,,1.09001,0.0635,,125.472,,373.861,,115.529,,12.1582,,,6.4051,0.25768,26.7034,,0.28911,5.52,17.37267,0.797376713,0.797376713,0.076770282,,0.75566,6.609120896,6.3336,105,6.5,42.5,4.2,2.3,5.4,48,186,424,0.64,107,154,81,5,17,3.8,1.18,1.9,6.7,9.2,6.9
1640,119,484,USWA01,USWA01010,Washington,4.026057619,1.535276431,22.73080964,553.98,,0.33693,43.3234,,987.722,0.05,sand loam,0.19988,,,2.60157,0.0746,,156.273,,352.838,,126.403,,12.9464,,,6.3898,0.29924,89.7116,,0.42489,5.59,18.88257,0.931812326,0.931812326,0.090475874,,2.89552,6.924465463,8.4564,109,11,99.4,5.9,5.1,12,111,196,344,2,137,204,65,10.4,15,6.5,4.39,1.9,6.9,8.5,6.3
1647,119,486,USWA01,USWA01011,Washington,6.905875883,2.282639029,29.98532332,622.052,,0.3584,32.9697,,791.661,0.11333,sand loam,0.32227,,,5.5634,0.1427,,238.146,,431.441,,96.9332,,26.8146,,,4.47211,0.39147,265.746,,0.68629,4.94,21.63097,1.365154014,1.365154014,0.1293935,,10.2129,5.891796079,18.1308,124,5.6,20.1,3.8,1.8,3.4,23,170,389,0.25,104,232,78,6.7,19,2.9,0.64,2.8,6.3,15,7.8
1650,119,487,USWA01,USWA01012,Washington,3.516670949,1.305526943,25.14898084,465.488,,0.34373,43.0282,,828.516,0.05,sand loam,0.29958,,,0.95026,0.0643,,129.147,,462.281,,112.641,,18.2445,,,5.32661,0.21944,29.5795,,0.41423,5.74,14.08337,0.837067354,0.837067354,0.077435046,,1.17441,6.289751891,7.9344,101,6.2,17.8,4.7,1.5,3.2,21,187,368,0.25,107,195,69,6,25,4.6,0.43,1.8,6.9,8.2,5.8
1644,119,485,USWA01,USWA01015,Washington,4.841373597,1.755815603,19.34536991,607.848,,0.37354,36.1467,,790.927,0.05,sand loam,0.28826,,,4.36681,0.0962,,204.606,,334.744,,99.1839,,21.8965,,,5.33927,0.38063,174.493,,0.57882,5.01,19.28727,1.160069138,1.160069138,0.107408617,,5.72998,5.662709438,9.2568,123,4.7,28.9,3.1,1.6,5.1,34,199,535,0.18,68,86,188,11.7,18,5,0.4,2.6,6.4,11.1,7
1653,119,488,USWA01,USWA01901,Washington,3.636465565,1.401067961,18.86173561,518.391,,0.36073,39.9484,,845.523,0.05,sand loam,0.24917,,,1.02597,0.0649,,133.626,,414.851,,105.478,,15.2598,,,8.62659,0.26002,25.8575,,0.34619,5.46,16.09977,0.843397502,0.843397502,0.08004896,,1.21378,6.207829227,7.8995999999999995,100,6.6,42.7,4.3,2.3,6.1,49,208,461,0.56,111,191,86,5.5,20,4.5,1.22,1.8,6.6,8.1,5.3
1641,119,484,USWA01,USWA01902,Washington,3.963839398,1.439847328,18.86173561,548.031,,0.42735,41.8543,,907.875,0.05,sand loam,0.21284,,,2.46464,0.0703,,159.409,,356.839,,113.99,,14.5248,,,5.0554,0.30979,87.339,,0.46483,5.43,17.51197,0.992454148,0.992454148,0.090127081,,2.74054,6.426247177,8.526,100,7.9,68.2,4.7,3.2,6.8,75,199,341,1.31,125,147,65,7.9,16,5.6,2.38,2,6.9,8.6,5.5
1658,120,490,USWA02,USWA02001,Washington,3.612847954,1.230615545,33.08058252,599.44,,0.401316,33.3842,,929.7,0.142675,silt loam,0.441008,,,5.15859,0.0978,,164.749,,724.766,,182.463,,41.7265,,,6.11929,1.04539,177.985,,0.912572,5.13,17.43561,0.808639156,0.808639156,0.07261438,,3.74459,8.054012381,9.6744,61,4.1,52.4,1.4,2.7,6.1,58,108,226,0.94,59,270,64,4.1,16,5.2,0.69,1.8,6.7,8.6,5.2
1654,120,489,USWA02,USWA02002,Washington,3.396576256,1.217776629,15.66974959,542.513,,0.404806,31.7869,,931.693,0.118554,silt loam,0.421365,1.36717,,2.81113,0.1456,,130.997,,621.084,,201.916,,41.812,,,9.04501,0.879229,88.3153,,0.744446,5.18,20.55341,0.83803,0.83803,0.06422,,2.12488,7.972954148,7.7604,59,16.5,31.7,7.7,8.8,4.4,36,105,234,0.52,53,249,76,4.7,17,5.9,0.49,1.9,6.8,18.8,4.8
1670,120,491,USWA02,USWA02003,Washington,2.980230368,1.345192097,14.70248114,526.107,,0.37654,33.7706,,921.315,0.11785,silt loam,0.51318,,,2.78415,0.0878,,136.228,,564.451,,196.376,,45.4464,,,10.67216,0.88095,76.5391,,0.82592,5.19,6.21856,0.882638999,0.882638999,0.085655996,,2.29082,7.736759075,10.1268,67,3.8,27.5,1.8,2,4.3,32,102,212,0.51,56,245,65,4.3,16,2.9,0.36,1.8,6.7,7.1,4.7
1678,120,492,USWA02,USWA02004,Washington,3.676867409,1.4085411,16.15338389,548.767,,0.33929,34.651,,949.567,0.11684,silt loam,0.49339,,,3.47121,0.0615,,138.197,,565.995,,195.893,,42.5794,,,5.95573,0.89706,87.7387,,0.88213,5.15,4.91128,0.959385372,0.959385372,0.09049973,,2.29218,7.857447455,10.7532,75,2.1,30,0.5,1.6,4.3,34,105,231,0.57,54,240,70,4,17,2.6,0.4,1.7,6.7,6.5,4.9
1655,120,489,USWA02,USWA02005,Washington,3.328322054,1.395329815,13.25157839,527.597,,0.339456,33.4493,,1006.32,0.110515,silt loam,0.448697,,,2.86846,0.1384,,121.059,,613.681,,206.159,,43.0889,,,9.16891,0.846172,76.7331,,0.725122,5.16,20.27071,0.8378,0.8378,0.06309,,1.9437,8.363004437,8.143199999999998,63,13,27,4.2,8.9,4.5,31,107,281,0.45,49,238,84,4.6,20,5.9,0.38,1.7,6.8,17.2,6.2
1679,120,492,USWA02,USWA02006,Washington,3.564318811,1.432169455,16.15338389,541.596,,0.33988,34.4461,,919.873,0.11502,silt loam,0.5105,,,3.0761,0.0667,,138.012,,523.261,,186.304,,47.0194,,,6.78156,0.89959,81.9498,,0.81371,4.99,5.22003,0.951826353,0.951826353,0.082740906,,1.89041,7.523088482,14.894399999999997,75,2.3,29.8,0.6,1.7,5.3,35,104,212,0.59,56,208,62,5.2,16,2.1,0.45,1.7,6.7,7.7,5.9
1659,120,490,USWA02,USWA02007,Washington,2.829166976,1.248873239,12.76794416,528.806,,0.450516,38.3921,,1127.78,0.05,silt loam,0.363713,,,2.79689,0.0669,,111.522,,594.167,,226.393,,31.7344,,,7.85571,0.91763,63.3015,,0.707495,5.38,17.87381,0.76493,0.76493,0.08156,,1.53208,9.083172891,10.161599999999998,69,3.5,23.7,0.3,3.2,4.2,28,97,262,0.42,49,199,76,3.3,15,1.9,0.29,1.5,6.8,7.3,4.1
1671,120,491,USWA02,USWA02008,Washington,3.02251186,1.264130203,13.73521261,526.624,,1.49462,39.4263,,1125.38,0.05,silt loam,0.371402,3.51732,,2.83528,0.0588,,105.308,,571.744,,225.576,,35.494,,,11.10211,0.953431,57.1041,,0.669946,5.57,18.55911,0.76229,0.76229,0.06693,,1.59755,9.020982991,8.004,57,2.3,21.5,0.7,1.5,4.2,26,97,255,0.41,48,189,75,3.9,17,2.3,0.3,1.5,6.7,6.1,4.7
1660,120,490,USWA02,USWA02009,Washington,3.074852589,1.129223301,15.18611536,538.545,,0.376567,37.9845,,1054.82,0.05,silt loam,0.406987,,,3.00995,0.0822,,118.764,,628.918,,214.267,,36.5824,,,10.45331,0.936297,67.8623,,0.742164,5.37,17.91841,0.85515,0.85515,0.08455,,1.55161,8.717722029,11.518799999999999,61,3.5,23.6,0.9,2.6,4.2,28,99,241,0.52,50,227,70,3.7,14,1.8,0.29,1.6,6.8,7.3,4.7
1680,120,492,USWA02,USWA02010,Washington,3.391513124,1.273303965,19.53882361,543.489,,0.754698,35.4657,,924.349,0.105792,silt loam,0.461529,1.96504,,2.98458,0.0704,,131.676,,641.771,,194.742,,42.3635,,,9.30891,0.903972,81.5143,,0.731957,5.34,16.45241,0.79122,0.79122,0.0545,,1.81648,7.930639759,15.172799999999999,69,1.8,23.2,0.4,1.4,3.4,27,88,202,0.5,48,223,61,4.3,15,1.5,0.28,1.8,6.7,6.5,5.1
1656,120,489,USWA02,USWA02011,Washington,3.353576728,1.263435449,13.73521261,534.206,,0.299032,35.2531,,1044.24,0.05,silt loam,0.441433,,,2.62313,0.1473,,118.059,,581.246,,221.975,,40.0024,,,11.44831,0.892432,67.8665,,0.701967,5.2,21.97771,0.97187,0.97187,0.08743,,1.72297,8.611147596,7.9344,60,18.2,26.4,9.7,8.5,3.5,30,102,251,0.44,50,204,75,4.7,16,6.9,0.31,1.6,6.8,17.2,4.5
1672,120,491,USWA02,USWA02012,Washington,2.848920865,1.179907458,11.31704141,553.169,,0.388665,38.9416,,1046.7,0.05,silt loam,0.418421,,,2.82963,0.0604,,115.561,,587.743,,211.005,,42.218,,,8.31374,1.02774,69.7551,,0.665346,5.26,17.89061,0.82084,0.82084,0.06365,,1.55246,8.535060524,8.282399999999999,62,3.8,27.7,4.9,1.9,4.3,32,107,228,0.49,56,199,66,4.9,16,2.5,0.36,1.5,6.6,7.7,5.6
1661,120,490,USWA02,USWA02013,Washington,3.854549007,1.460061763,16.63701811,567.509,,0.355275,37.0346,,970.013,0.113714,silt loam,0.448813,,,3.06201,0.0878,,135.235,,614.234,,192.2,,42.5641,,,10.75681,0.924421,91.8918,,0.803953,5.1,18.18551,0.96093,0.96093,0.09055,,2.21121,8.073467323,8.9436,67,3.8,30.8,1.9,1.9,5.2,36,104,225,0.47,55,217,65,4.7,16,2.3,0.43,1.8,6.7,8.3,5.9
1657,120,489,USWA02,USWA02014,Washington,3.462503407,1.513367623,13.25157839,569.757,,0.318208,34.9905,,961.379,0.118112,silt loam,0.453198,,,3.46884,0.1619,,140.257,,576.35,,191.279,,43.541,,,11.97241,0.868787,100.917,,0.894827,5.1,21.48381,0.99596,0.99596,0.10368,,2.80984,7.930769079,8.526,70,23.3,38.5,13.8,9.6,4.8,43,105,245,0.6,51,206,70,4.8,14,6.6,0.6,1.7,6.7,22.4,5.7
1681,120,492,USWA02,USWA02015,Washington,3.777116575,1.534383562,14.21884684,618.371,,0.3691,36.3412,,879.054,0.132196,silt loam,0.461306,,,4.45719,0.0745,,159.399,,627.855,,170.558,,46.9016,,,7.14754,0.981022,131.263,,0.94325,5,17.89811,0.865990779,0.865990779,0.079162173,,3.05987,7.457557543,12.5628,83,3.1,35,1.6,1.5,4.7,40,102,194,0.75,56,217,54,5.6,15,2.7,0.51,1.9,6.6,8.3,6.5
1673,120,491,USWA02,USWA02016,Washington,3.870068942,1.360068674,13.25157839,596.249,,0.338028,35.823,,895.993,0.129956,silt loam,0.454065,,,4.0816,0.0757,,151.75,,611.426,,170.153,,44.7132,,,7.77858,0.959146,121.992,,0.932807,5.13,17.20851,0.82305,0.82305,0.06603,,2.98898,7.499492967,12.980399999999998,71,3.5,35.9,1.8,1.7,4.9,41,106,225,0.72,57,224,62,5.5,15,2.9,0.54,1.7,6.6,7.8,5.7
1690,122,493,USWI01,USWI01001,Wisconsin,6.652207507,3.356899102,61.03464198,538.697,,0.6036,51.9078,,1965.15,0.11894,silt loam,0.66968,,,1.45159,0.112,,134.337,,420.105,,436.707,,111.93,,,2.69387,1.51757,62.3447,,2.59158,6.11,10.08368,2.503491761,2.503491761,0.221,,5.99304,14.55388056,58.70759999999999,161,3.8,26.8,2.9,0.9,3.1,30,125,607,0.11,65,179,217,15.8,12,5.3,1.69,4.8,7.2,13.6,11.6
1691,122,493,USWI01,USWI01002,Wisconsin,8.545985442,4.42631929,66.35461868,709.268,,0.70554,54.5941,,2104.58,0.15759,silt loam,0.32236,,,1.72571,0.145,,246.839,,578.16,,438.696,,58.2446,,,4.01654,1.46389,97.3459,,2.94783,5.75,11.85058,3.47490478,3.47490478,0.28,,8.13855,15.67862653,51.9564,183,7.4,33.1,2.8,4.6,5.6,39,137,582,0.1,103,237,205,8.5,13,4.3,1.74,6,6.6,20.2,14
1692,122,493,USWI01,USWI01003,Wisconsin,6.877041233,3.506153072,46.52561461,658.579,,0.56225,52.7733,,1780.42,0.11897,silt loam,0.56379,,,1.56902,0.106,,153.07,,404.048,,413.687,,86.6,,,2.92835,1.53215,62.9842,,2.40763,5.74,11.09038,2.574501556,2.574501556,0.211,,5.40704,13.39824596,35.7048,159,6.9,24.7,2.8,4.1,3.8,28,154,515,0.13,76,180,192,12.1,12,3.8,1.48,4.5,6.4,17,11.1
1693,122,493,USWI01,USWI01004,Wisconsin,6.424686165,4.015901639,49.91105434,655.645,,0.84443,56.4042,,2222.79,0.14467,silt loam,0.44532,1.08479,,1.59433,0.107,,151.649,,358.81,,505.701,,73.2861,,,3.76994,1.60769,71.0367,,2.50635,5.89,12.22598,3.055019675,3.055019675,0.251,,6.46871,16.26454297,43.848,154,6.4,21.8,2.4,3.9,4.8,27,139,617,0.09,63,151,237,9.3,11,3.6,1.49,5.5,6.6,16.3,11.1
1702,122,496,USWI01,USWI01005,Wisconsin,4.57983767,3.110174448,37.33656389,608.985,,0.56808,52.9198,,1895.22,0.05,silt loam,0.50168,,,1.24718,0.105,,121.488,,178.86,,476.351,,66.0816,,,4.81882,1.24321,35.5487,,2.39571,5.91,9.41408,2.070803331,2.070803331,0.183,,3.40203,13.92525967,46.492799999999995,160,7.2,16.4,2.6,4.6,4.1,20,141,580,0.09,61,81,229,10.5,13,3.9,1.18,4.5,6.6,17.4,10.3
1703,122,496,USWI01,USWI01006,Wisconsin,5.929397439,3.621132686,47.49288307,560.95,,0.61806,50.8321,,2073.73,0.10421,silt loam,0.47267,,,1.41178,0.133,,123.01,,235.37,,503.459,,71.9458,,,3.56923,1.30346,49.5864,,2.36398,6.2,9.48308,2.429506988,2.429506988,0.211,,4.79533,15.18317351,40.8204,151,5.8,16.3,2.5,3.3,5.3,22,128,612,0.16,64,83,222,10,10,3.9,1.34,4.6,7.2,17,11.4
1704,122,496,USWI01,USWI01007,Wisconsin,5.989197733,3.454210526,53.29649407,622.961,,0.54212,53.2965,,1907.18,0.10041,silt loam,0.5128,,,1.44458,0.109,,129.655,,198.543,,457.046,,71.2398,,,3.66949,1.36392,40.942,,2.31185,5.8,10.23538,2.433792002,2.433792002,0.21,,4.04933,13.86965717,40.367999999999995,156,7.6,13.6,3.2,4.4,5.1,19,147,584,0.18,72,78,221,8.9,10,4.8,1.11,4.4,6.7,17.6,11.1
1705,122,496,USWI01,USWI01008,Wisconsin,5.737749129,3.569664242,47.00924884,564.054,,0.62085,51.6909,,2070.43,0.10159,silt loam,0.59631,,,1.53003,0.122,,120.16,,203.158,,513.276,,81.0279,,,3.74085,1.23869,48.7895,,2.38028,6.1,9.26868,2.440990876,2.440990876,0.213,,4.62164,15.16663331,51.852,164,5.2,23.6,1.7,3.6,6.2,30,125,625,0.14,62,86,241,9.9,10,4.3,1.42,4.8,7.2,18.6,12.8
1706,122,497,USWI01,USWI01009,Wisconsin,5.09660871,3.361549296,48.46015159,537.06,,0.72786,51.3454,,2437.65,0.05,silt loam,0.62317,,,1.56259,0.151,,106.923,,189.39,,481.391,,87.8737,,,7.53097,1.14632,65.7648,,2.44949,6.42,10.19708,2.462978905,2.462978905,0.218,,6.17447,16.71820078,29.8236,144,7.7,36.1,2.1,5.7,6.1,42,133,770,0.15,57,66,239,9.2,11,5.1,1.7,4.6,7.2,18.7,11.3
1707,122,497,USWI01,USWI01010,Wisconsin,5.609322156,3.492250903,52.32922555,558.464,,0.79061,54.719,,2462.09,0.10229,silt loam,0.56463,,,1.62284,0.152,,110.388,,205.748,,481.284,,89.7564,,,9.78631,1.35161,67.2112,,2.56927,6.25,10.18438,2.538853732,2.538853732,0.224,,7.02461,16.89125871,34.626,170,9.8,32.7,1.5,8.3,6.9,40,126,740,0.14,55,64,222,10.1,13,4.8,1.78,4.9,7.2,23,12
1708,122,497,USWI01,USWI01011,Wisconsin,6.051930535,4.067566372,45.07471186,615.765,,0.86036,53.138,,2641.93,0.12957,silt loam,0.38635,,,1.81482,0.203,,128.661,,376.358,,494.298,,73.4443,,,6.34077,1.35122,121.933,,2.52055,6.12,12.29508,2.987593267,2.987593267,0.258,,8.9186,18.32138984,40.5768,150,12.6,49.9,1.3,11.4,9.1,59,121,755,0.12,49,108,228,7.1,10,4.8,2.07,5.3,7.2,25.2,10.5
1709,122,497,USWI01,USWI01012,Wisconsin,5.318359141,3.656851755,38.30383241,641.702,,0.85487,51.2523,,2669.45,0.10143,silt loam,0.48664,,,1.72286,0.1982,,123.282,,313.533,,528.823,,71.3803,,,10.2674,1.34754,101.607,,2.66576,6.63,15.2905,2.777010747,2.777010747,0.230595841,,6.95625,18.60268021,27.9792,157,12.7,42.5,2.1,10.6,8,51,132,797,0.12,53,85,243,8,12,5.2,1.71,4.9,7.2,26.7,13.9
1694,122,494,USWI01,USWI01013,Wisconsin,6.226165415,3.613306601,44.39762386,540.704,,0.81465,48.1152,,2396.63,0.05,silt loam,0.61258,,,2.30775,0.273,,120.538,,354.73,,626.677,,81.4378,,,17.44275,1.1374,58.3684,,2.65629,6.65,12.78009,2.675876681,2.675876681,0.244,,8.93278,18.1908607,47.39759999999999,171,21.9,28.3,1.8,20.2,6.2,35,120,690,0.2,57,109,272,8.1,18,6.2,2.27,4.7,7.2,35.7,13.1
1695,122,494,USWI01,USWI01014,Wisconsin,7.784830749,4.197994616,45.84852661,575.551,,0.9269,51.4198,,2546.33,0.05,silt loam,0.45752,,,2.43876,0.234,,154.277,,394.547,,627.899,,73.8965,,,16.85725,1.35758,84.6183,,2.95251,6.57,13.82329,2.988976621,2.988976621,0.271,,10.088,19.0490933,47.849999999999994,160,18.4,31.9,1.9,16.6,8,40,118,707,0.2,70,111,286,6.9,17,6.1,2.27,5.4,7.2,32.6,13.1
1696,122,494,USWI01,USWI01015,Wisconsin,6.622292452,4.236145833,52.61940607,533.795,,1.01994,48.6918,,2742.04,0.05,silt loam,0.53093,,,2.7021,0.285,,134.149,,313.2,,689.408,,91.7229,,,12.27355,1.34636,99.4313,,2.79699,6.88,14.16639,3.140759438,3.140759438,0.276,,10.2723,20.31170698,40.611599999999996,148,23.9,42.5,1.5,22.4,7.4,50,108,747,0.18,54,82,312,7.8,13,5.9,2.33,5.6,7.2,35.6,10.3
1697,122,494,USWI01,USWI01016,Wisconsin,7.351235531,4.556324786,52.13577184,524.632,,0.9839,49.2996,,2707.32,0.10519,silt loam,0.59854,,,2.56567,0.364,,118.756,,368.784,,677.77,,102.41,,,22.54665,1.44801,107.994,,2.71531,6.73,15.37299,3.155987943,3.155987943,0.282,,10.7022,20.22831243,52.547999999999995,159,38.3,48.2,2,36.4,8.9,57,114,754,0.2,55,114,310,8.5,25,7.7,2.49,5.8,7.2,54.4,15.5
1698,122,495,USWI01,USWI01017,Wisconsin,6.530688824,4.034615385,48.26669789,566.731,,1.11814,54.0256,,2409.57,0.10157,silt loam,0.57779,,,2.75422,0.241,,120.359,,313.533,,605.144,,92.9802,,,19.36465,1.39967,90.9741,,2.69165,6.64,14.56109,2.723223044,2.723223044,0.25,,8.54449,17.9788418,54.2532,200,17.9,47.9,2.6,15.4,6.5,54,116,670,1.2,61,87,263,13.2,20,8.3,2.3,4.9,7.2,34.6,18.2
1699,122,495,USWI01,USWI01018,Wisconsin,7.672459192,5.395405055,53.10304036,614.22,0.17483,1.2404,57.5654,,2885.44,0.15904,silt loam,0.39463,,,2.84837,0.391,,172.331,,516.953,,734.082,,86.1493,,,27.93575,1.30819,138.308,,3.00626,6.72,16.40749,3.883029371,3.883029371,0.337,,11.7746,21.99153049,65.42399999999999,219,35.9,66.8,2.7,33.3,11.6,78,113,750,0.18,71,129,327,8.5,24,9.2,2.28,6.7,7.2,52.4,17.2
1700,122,495,USWI01,USWI01019,Wisconsin,6.258174563,3.98179302,46.33216091,588.357,0.13253,1.04352,53.2258,,2381.47,0.10162,silt loam,0.69978,,,2.65064,0.269,,113.56,,303.323,,641.999,,99.9605,,,18.51975,1.2598,103.807,,2.63857,6.7,14.21529,2.65077246,2.65077246,0.237,,8.13586,18.1156138,47.9892,199,23.5,52.2,2,21.6,8.3,61,118,684,0.23,58,87,284,11.6,19,8.2,2.14,5.1,7.2,43.1,20.8
1719,122,501,USWI01,USWI01021,Wisconsin,12.96813596,6.661701828,83.08836368,587.925,0.1655,10.9689,54.4186,,2064.1,0.05,silt loam,0.40153,22.803,,1.58631,0.287,,173.425,,376.542,,525.399,,59.1263,,,30.62315,1.32473,58.5362,,2.30263,5.87,15.16019,3.441506085,3.441506085,0.305,,5.35141,15.79746279,105.8964,285,4.2,21.6,3.2,0.9,7.1,29,132,567,0.21,109,97,227,14.5,15,8,1.52,5.7,7.2,24.6,22.9
1720,122,501,USWI01,USWI01022,Wisconsin,10.04165226,4.4793403,67.1284335,675.568,0.10264,3.63068,59.0933,,2503.01,0.14557,silt loam,0.17257,7.5756,,1.64551,0.314,,255.881,,545.274,,634.451,,40.6085,,,16.10135,1.18399,112.362,,2.33068,5.96,15.58309,4.742115298,4.742115298,0.395048511,,8.67396,19.27028709,162.48119999999997,315,12.4,34.9,3.5,8.9,11.2,46,131,611,0.15,131,142,259,7,12,7.8,1.51,8,6.5,32.4,22.1
1721,122,501,USWI01,USWI01023,Wisconsin,11.06136191,5.943611111,78.2520212,630.707,0.15119,0.74807,55.2692,,1992.63,0.10447,silt loam,0.39322,,,1.31257,0.312,,158.441,,451.034,,502.312,,70.4003,,,8.81085,1.62027,60.6852,,2.13237,5.72,15.33009,3.156642039,3.156642039,0.293,,5.03887,15.34389072,105.23519999999999,289,8,17.6,2.6,5.4,6.8,24,131,513,0.16,95,110,204,10.9,12,7.1,1.26,5.8,6.5,29.2,23.1
1722,122,501,USWI01,USWI01024,Wisconsin,6.298981202,4.384427861,78.73565543,629.585,0.17462,0.80177,54.3256,,2365.05,0.12255,silt loam,0.40562,,,1.54899,0.339,,147.268,,397.569,,639.209,,66.0641,,,9.18235,1.41183,82.9144,,2.54981,6.21,16.62399,3.64326396,3.64326396,0.33,,6.7799,18.21132324,151.7976,301,8.1,28.4,2.7,5.4,9.7,38,134,627,0.14,81,127,267,8.5,13,7.7,1.75,6.8,7.2,29.3,22.5
1713,122,499,USWI01,USWI01025,Wisconsin,8.743229112,4.935048544,86.47380341,613.829,0.17811,1.01712,52.6261,,2540.96,0.05,silt loam,0.72527,,,2.01212,0.162,,118.96,,259.604,,767.953,,87.408,,,5.67985,1.3379,63.1867,,2.98363,6.91,11.82819,2.694285469,2.694285469,0.227,,3.39136,19.79475474,95.6304,321,3.4,37.5,3.3,0.1,6.3,44,148,663,0.23,66,78,304,9.7,12,8.4,0.97,4.9,7.2,24.7,23.4
1714,122,499,USWI01,USWI01026,Wisconsin,11.23230964,5.191195652,81.63746093,640.473,0.2105,1.01873,49.6149,,2314.43,0.05,silt loam,0.46673,1.67185,,1.55281,0.191,,133.401,,337.534,,599.604,,67.5864,,,6.4995,1.17174,73.2554,,2.58645,6.36,13.30359,3.258386752,3.258386752,0.275,,4.97045,17.46258093,127.4028,286,4.5,20.7,3.8,0.7,6.3,27,140,532,0.19,73,67,221,8.4,10,6.6,1.14,5.3,7.2,24.2,22.5
1715,122,499,USWI01,USWI01027,Wisconsin,9.436636613,4.592923374,63.25935955,612.571,0.11753,0.91798,55.5304,,2382.44,0.11245,silt loam,0.47956,1.00037,,1.64424,0.143,,138.565,,252.844,,570.642,,79.1572,,,5.00963,1.53182,68.142,,2.47944,6.36,12.88019,3.18068607,3.18068607,0.268,,5.96361,17.33764939,110.94239999999999,252,5.8,20.6,4.9,0.9,7.6,28,137,681,0.24,75,59,263,12.2,13,6.1,1.54,5.6,7.2,19.7,15.8
1716,122,500,USWI01,USWI01028,Wisconsin,11.23230964,4.783908206,69.54660477,648.929,0.14144,0.69986,49.2102,,2082.03,0.10896,silt loam,0.44454,,,1.23494,0.151,,118.518,,302.723,,495.844,,75.6354,,,4.1284,1.32067,74.8452,,2.28277,6.33,12.21059,2.968894422,2.968894422,0.24,,5.05926,15.33634619,92.70719999999999,252,5.5,27.8,2.9,2.6,7.2,35,148,647,0.13,68,89,237,11.9,11,6.3,1.49,5.5,7.2,25.6,21
1717,122,500,USWI01,USWI01029,Wisconsin,9.962102984,4.874166667,79.21928966,577.527,0.10724,1.00609,52.1518,,2456.63,0.1063,silt loam,0.50173,,,1.52802,0.144,,120.4,,362.838,,567.471,,77.3658,,,3.02711,1.2979,84.1199,,2.39407,6.57,12.29589,3.174438577,3.174438577,0.266,,7.2504,17.95559046,110.62919999999998,287,4.7,42.5,4,0.6,10.3,53,129,741,0.16,66,103,269,11.9,10,6.7,1.95,6.1,7.2,25,21.9
1718,122,500,USWI01,USWI01030,Wisconsin,5.934416117,3.795683975,65.19389652,582.268,0.1085,0.81916,50.1366,,2276.56,0.05,silt loam,0.54002,,,1.38177,0.164,,117.883,,343.719,,561.475,,78.4242,,,4.16951,1.21428,78.7484,,2.33542,6.63,12.92409,3.051014009,3.051014009,0.256,,5.54729,16.96121764,114.24839999999999,283,4.7,45.4,3.9,0.8,8.2,54,135,742,0.13,67,104,291,12,11,7.2,1.77,5.7,7.2,23.3,20.4
1710,122,498,USWI01,USWI01031,Wisconsin,8.690370302,3.483163065,68.57933625,665.343,0.14366,0.77593,49.2684,,2143.33,0.05,silt loam,0.58986,,,1.47575,0.126,,129.322,,373.757,,558.577,,73.8571,,,3.9514,1.04981,80.6286,,2.65579,6.67,12.33079,2.491848977,2.491848977,0.216,,3.79326,16.34698983,38.3148,301,4.5,32.6,4.3,0.2,7.1,40,186,626,0.17,84,115,241,11.9,9,7.4,1.14,4.5,7.2,23.5,21.6
1711,122,498,USWI01,USWI01032,Wisconsin,8.686954868,4.697631579,73.41567873,576.35,,1.23608,48.3534,,2422.32,0.05,silt loam,0.53546,1.41343,,1.61877,0.146,,119.651,,321.706,,607.229,,66.2875,,,8.07648,1.07622,67.3582,,2.59978,6.65,13.36989,3.466471274,3.466471274,0.26,,5.11955,18.0318442,35.913599999999995,262,4.9,17.8,4.3,0.6,5.9,24,154,633,0.17,71,72,256,9.3,12,7.4,1.21,4.5,7.2,20.2,19.1
1712,122,498,USWI01,USWI01033,Wisconsin,7.122781149,4.214444444,49.71760064,637.141,0.16764,0.83929,50.2592,,2165.06,0.10425,silt loam,0.40534,,,1.41416,0.155,,127.842,,376.817,,555.635,,59.0732,,,4.50417,1.26769,75.9341,,2.40259,6.67,12.57379,3.049786332,3.049786332,0.255,,5.27654,16.44137266,102.27719999999998,256,4.5,26,3.2,1.3,8.4,34,149,692,0.11,70,104,273,9.1,11,6.7,1.52,5.6,7.2,21.4,19.4
1701,122,495,USWI01,USWI01901,Wisconsin,11.02888876,5.14716263,82.12109516,591.044,0.13378,1.46953,51.8382,,2364.62,0.05,silt loam,0.5236,1.66998,,2.46339,0.29,,115.844,,300.178,,625.609,,72.3452,,,21.78225,1.14096,81.674,,2.67004,6.61,14.36569,2.7140483,2.7140483,0.253,,7.57944,17.90090119,68.7648,218,19.7,44,3.5,16.2,7.4,51,132,698,0.21,66,103,298,10.8,22,8.4,2.15,5.4,7.2,39.6,21.8
1733,123,505,USWV01,USWV01001,West Virginia,6.931337399,4.792222222,98.66138645,597.238,0.22728,0.36924,32.7706,,1442.73,0.05,silt loam,1.22991,,,1.60407,0.1071,,91.8245,,121.676,,139.279,,123.681,,,2.80687,0.38211,11.835,,10.8415,5.48,28.34634,2.787928716,2.787928716,0.218348034,,2.23782,8.698505171,113.27399999999999,147,7.1,6.5,2,5.1,3,9,143,546,0.37,51,72,81,21.1,13,4.7,1.13,4.4,7.2,19.2,11.5
1726,123,503,USWV01,USWV01002,West Virginia,6.533425008,4.722830189,84.63599325,545.107,0.71952,0.48055,35.0896,,1921.15,0.05,silt loam,1.07242,,,2.21024,0.1971,,85.2166,,169.873,,115.882,,116.537,,,2.67526,0.32217,19.9302,,25.8092,6.24,35.09914,2.421646487,2.421646487,0.210551457,,2.68823,11.01863727,94.8648,134,7.4,6.2,2.4,5,0.6,7,128,554,0.47,48,71,65,21.3,20,3.7,1,4.1,7.2,18.9,10.3
1729,123,504,USWV01,USWV01003,West Virginia,7.414066858,4.351039755,91.4068727,635.079,0.34729,0.47307,38.5412,,1372.08,0.05,silt loam,1.39161,,,1.98083,0.1107,,100.444,,81.8519,,112.779,,142.57,,,5.80076,0.46919,12.5954,,15.9091,5.5,28.53964,2.303182723,2.303182723,0.217332942,,2.15341,8.035325525,110.49,134,7.7,3.6,2.9,4.8,0.3,4,145,485,0.49,57,35,58,25.8,16,4.8,0.7,4.4,6.6,17.6,9.8
1723,123,502,USWV01,USWV01004,West Virginia,6.324035343,4.660643985,87.53779875,618.689,0.61284,0.45251,36.3767,,1750.05,0.10119,silt loam,1.19078,,,3.87263,0.0981,,90.5379,,88.0634,,124.06,,114.435,,,4.24104,0.46861,11.6044,,27.3113,5.55,31.30644,2.206918673,2.206918673,0.208225554,,3.28629,10.02832905,85.60799999999999,152,6.5,7.4,2.2,4.4,1.3,9,167,487,1.09,59,54,57,14.8,14,4,0.89,4,7.2,19.9,13.7
1730,123,504,USWV01,USWV01005,West Virginia,9.957864264,5.37,89.95596995,610.36,0.85073,0.48173,26.7714,,1782.25,0.19186,silt loam,0.78993,,,6.62354,0.1173,,127.784,,130.935,,148.624,,51.5178,,,3.542,0.44168,11.9918,,55.6893,5.38,34.26734,2.966926943,2.966926943,0.251429374,,4.05745,10.50091827,103.46039999999999,168,6.5,2.6,2.3,4.1,1.1,4,166,541,1.77,80,58,68,9,13,4.8,1.18,4.9,6.6,20.5,13.8
1731,123,504,USWV01,USWV01006,West Virginia,9.04181289,3.98971831,119.9412933,690.738,0.61647,0.42095,33.3009,,882.942,0.12041,silt loam,0.79294,,,3.75631,0.093,,97.7771,,100.298,,71.1555,,128.795,,,5.10965,0.50354,20.9624,,20.0141,4.96,24.07947,2.165421611,2.165421611,0.20557748,,4.1861,5.287073693,129.7344,163,9.6,2.2,2.6,7,2.1,4,150,383,1.23,44,43,43,21.9,25,3.8,2.24,5,6.5,20.1,10.9
1732,123,504,USWV01,USWV01007,West Virginia,9.180929416,4.519034749,109.7849741,672.96,0.36352,0.42421,49.3966,,1842.59,0.05,silt loam,0.85288,,,3.48502,0.1314,,95.295,,168.537,,112.394,,177.066,,,4.24412,0.76129,13.688,,12.5713,5.39,33.88057,2.5271782,2.5271782,0.246589762,,2.92408,10.60016959,62.32679999999999,163,9.9,4,2.5,7.4,1.8,6,176,492,0.99,56,58,54,26.5,14,4.2,1.01,4.9,6.4,20.7,11.4
1727,123,503,USWV01,USWV01008,West Virginia,10.62356699,5.396756605,126.7121728,660.993,0.20974,0.60377,30.1261,,2360.74,0.10591,silt loam,0.93465,,,2.30957,0.1504,,85.179,,249.66,,187.91,,129.902,,,3.57277,0.46129,10.6816,,11.0731,5.72,42.46537,3.085055781,3.085055781,0.28578183,,4.09231,14.0253062,143.7936,209,11.1,2.7,2.7,8.4,2.3,5,153,573,0.45,47,93,75,15.6,12,5,1.07,6,7.2,26.4,15.8
1728,123,503,USWV01,USWV01009,West Virginia,9.838530194,4.261525424,97.2104837,639.457,0.25301,0.46672,36.0649,,1410.84,0.05,silt loam,0.71632,,,2.54871,0.1159,,90.055,,246.761,,118.238,,130.07,,,2.54671,0.37369,16.7144,,9.12387,5.55,27.52057,2.72747977,2.72747977,0.264946638,,5.21115,8.68331265,132.4836,161,9.1,2.9,2.2,6.9,1.8,5,139,512,0.6,41,109,63,26.2,12,4.8,1.71,5,6.6,22.1,12.1
1734,123,505,USWV01,USWV01010,West Virginia,8.398182328,4.479090909,96.72684941,676.479,0.35184,0.38458,38.2643,,1450.51,0.05,silt loam,0.59319,,,4.28043,0.0961,,84.9687,,200.614,,117.4,,97.0844,,,2.73227,0.37501,10.5651,,17.0605,5.33,27.97277,2.335458033,2.335458033,0.220598668,,2.73663,8.757162317,101.0244,164,6.3,1.9,2.1,4.1,1.8,4,172,407,1.28,51,91,54,15,14,4.9,1.11,4.8,7.2,19.7,13.3
1724,123,502,USWV01,USWV01011,West Virginia,6.033259621,4.704097421,86.57053023,641.716,0.20552,0.37192,25.3171,,1569.14,0.05,silt loam,0.8414,,,1.82218,0.1083,,93.7009,,219.27,,130.865,,60.1621,,,5.23242,0.40593,9.67561,,12.342,5.43,30.97027,2.743380592,2.743380592,0.231281138,,2.0922,9.521225803,96.29159999999999,194,7.2,1.7,3.9,3.3,1.6,3,215,396,0.43,75,112,57,9.6,14,4.6,0.78,4.8,6.5,20.6,16
1725,123,502,USWV01,USWV01012,West Virginia,6.348705436,4.092344322,84.63599325,650.082,0.26228,0.46164,36.9575,,1455.92,0.05,silt loam,0.91059,,,2.03072,0.1078,,87.9847,,201.544,,121.169,,115.52,,,4.54791,0.45419,7.46052,,15.319,5.51,26.62347,2.392080145,2.392080145,0.208186905,,2.19519,8.825897766,108.05399999999999,152,7.4,1.5,2.3,5.1,1.7,3,157,461,0.54,59,81,60,20.5,15,4.3,0.96,4.6,7.2,18.5,11.5
1737,124,507,USWY01,USWY01001,Wyoming,5.354093742,4.926249999999965,55.23103103,424.338,,0.72739,48.3995,,1997.11,0.152508,sand loam,0.398053,,,0.751448,0.0936,,53.2216,,687.321,,164.276,,48.7478,,,149.194,0.429267,60.3231,,2.2473,6.2,11.9984,1.785,1.785,0.151,,0.836209,13.7655484,22.724399999999996,257,12.3,7.4,10.5,1.8,2.3,10,143,498,0.13,55,154,90,4,8,4.4,0.3,3.3,6.7,17.5,12.6
1739,124,508,USWY01,USWY01002,Wyoming,4.697259035,6.145838926174479,51.36195705,410.334,,0.64038,39.603,,1844.56,0.103498,sand loam,0.291817,,,0.653437,0.0671,,50.5688,,513.31,,163.72,,30.2799,,,144.621,0.378039,26.08,,1.90514,6.24,10.9411,1.881,1.881,0.157,,0.778494,12.53210035,30.971999999999998,215,32,53.2,26.5,5.5,7.9,61,114,643,0.11,38,162,99,4.2,39,23.9,1.19,3,7.2,21.7,8.5
1740,124,508,USWY01,USWY01003,Wyoming,4.717661217,3.5582352941176314,44.59107759,412.65,,0.509188,39.0784,,1662.06,0.113454,sand loam,0.316225,,,0.785491,0.0752,,54.4032,,422.265,,158.62,,33.6324,,,142.962,0.411754,34.3067,,1.59001,6.12,10.6144,1.768,1.768,0.155,,0.750679,11.33643877,41.412,236,23.8,8.2,22.7,1.1,3.7,12,171,449,0.15,69,143,108,4.3,9,4.2,0.33,3,6.7,16.5,11.3
1738,124,507,USWY01,USWY01004,Wyoming,5.804353253,5.030115606936377,79.41274339,63.0657,,1.35324,44.7977,5752.85,4609.53,0.133944,sand loam,0.309351,,0.550012,0.841933,0.361,19.46908,33.0264,579.701,725.876,234.574,168.559,15.12128,41.0338,,30.5627,172.689,0.351585,23.9117,4.5418,2.37208,7.3,11.7619,2.691,2.691,0.222,0.571356,0.92073,27.06435064,63.301199999999994,263,24.7,4.9,21.9,2.8,3.4,8,64,2345,0.06,17,174,117,3.3,19,6,0.17,3.9,7.2,21.9,8.4
1735,124,506,USWY01,USWY01005,Wyoming,5.159431166,6.568561151079166,37.33656388,492.259,,0.569227,48.6899,,1884.57,0.100625,sand loam,0.316893,,,0.871861,0.0988,,57.7385,,590.737,,241.559,,32.6122,,,146.806,0.679256,29.2716,,2.12134,6.23,11.2126,1.672,1.672,0.145,,0.989345,13.58883947,19.174799999999998,198,19.7,11.1,18.3,1.3,2.6,14,137,501,0.14,52,120,92,4.1,8,3.5,0.29,2.7,6.8,13.8,7
1736,124,506,USWY01,USWY01006,Wyoming,5.060304005,6.736183575,69.74005845,385.7,,0.97838,39.7924,4529,3746.91,0.0897143,sand loam,0.190034,,0.424394,0.665607,0.218,19.00782,37.9326,329.314,407.146,210.92,142.692,7.16076,18.3182,,16.9338,157.963,0.348847,24.4401,4.68106,1.40197,7.32,11.9521,2.102,2.102,0.177,0.358164,0.692393,21.6544098,15.068399999999999,260,9.6,5,8.7,0.9,3.6,9,82,1605,0.07,23,95,104,2.4,16,4.9,0.27,2.6,7.2,16.4,12.1
