euid,siteid,treatmentid,sitecode,eucode,Biomass,mf_012cyclo,Arbuscular_Myc_biomass,Gram_neg_biomass,mt_004eukaryote,Total_Fungi_Biomass,gram_pos_biomass,Actinomycetes_Biomass
1515,105,458,USPA03,USPA03007,13262.700486038178,11.395480680905752,1.3498146769487749,34.132168144824206,2.8872148086356244,1.0516818670621046,41.99835124376133,18.580769258767962
1507,105,456,USPA03,USPA03008,22119.354214166407,11.268516978809942,1.943529505584076,39.016231017172814,2.6621962551957266,1.5156217467154602,35.88616513118835,18.97625634414358
1492,105,453,USPA03,USPA03021,19331.20766707715,10.774801009026339,2.3613858799221075,36.618402150051665,3.2827860030507487,1.2118235037009748,38.73347185141794,17.79213061185657
1493,105,453,USPA03,USPA03022,13358.044719157358,12.30012348430727,1.4111407847630955,35.051024132448504,2.5225470292988237,0.8592485145652093,42.43598466980338,17.72005486912099
1494,105,453,USPA03,USPA03023,23396.35761442066,10.382518884446359,2.6494343250929178,38.43485769900763,2.0184268113267096,1.289706580628186,38.14515276671321,17.462421817231355
1495,105,453,USPA03,USPA03024,20561.904969942214,11.466232618632311,2.097168766966297,36.72841023924286,2.5522392916009387,0.9711881163099452,39.20483697,18.446156615417255
767,61,268,USKS02,USKS02004,10382.19723839712,15.895641624503188,0.9418607895144071,28.845006501505285,1.9741042384376764,1.1999320070023765,44.97699748527941,22.062098978260828
768,61,268,USKS02,USKS02008,9997.381880610643,15.920442184202788,,39.33797326075396,2.3699426424408307,,38.75866073913317,19.533423357672046
769,61,268,USKS02,USKS02009,11356.866900372303,15.64979850601004,0.7528821999587378,34.260254109439394,1.8463728999492897,1.5993208490061526,41.48784304609518,20.05332689555124
770,61,268,USKS02,USKS02010,9650.546541,15.157215351050542,0.7172383633378356,34.628920065636976,0.7164975390957188,0.9069998034359142,41.82884656996207,21.201497658531487
1658,120,490,USWA02,USWA02001,6276.0162583550355,15.63295929230789,,37.29509466942045,3.4588498205168166,,44.72024768877221,14.525807821290506
1654,120,489,USWA02,USWA02002,7780.247606,13.35237882335768,1.1439831824527906,36.59253701209175,1.2714545134271502,1.4918293362086905,45.03328748013559,14.466908475684015
1670,120,491,USWA02,USWA02003,6476.585209064725,14.530804406068947,,37.45570284436336,1.4797075396196506,,45.7204957,15.344093915730298
1678,120,492,USWA02,USWA02004,6894.277804723084,14.120031919281198,,36.03803862148329,3.8699442689513925,1.0811148057340594,44.62156719089821,14.389335112933065
1655,120,489,USWA02,USWA02005,6720.663300457724,13.991248196190991,,36.235670847044176,,,47.866798145862916,15.897531007092896
1679,120,492,USWA02,USWA02006,7079.026228871517,13.609339564916262,,38.038694765920965,3.302744276195822,1.4376869342230156,43.40096574842689,13.81990827523329
1659,120,490,USWA02,USWA02007,5328.090702863976,13.819745994577726,,36.72494694986247,,,45.35008927107864,17.92496378
1671,120,491,USWA02,USWA02008,5816.274771961935,14.34162212377268,,37.34949205,,,44.782172868561595,17.86833508308411
1660,120,490,USWA02,USWA02009,7074.6489137586195,12.979772414635299,,37.39075320212072,3.332479747633634,1.1897943738474255,43.33101897772528,14.75595369867294
1680,120,492,USWA02,USWA02010,8911.091346064532,12.389299659778528,0.8037131772422194,35.62299445729143,3.458759040180433,1.6519347074464585,44.918256446879354,13.544342170960098
1656,120,489,USWA02,USWA02011,6429.524613630704,14.72887092965127,,36.45220682539936,1.3552130005462284,,46.06589229310591,16.12668788094851
1672,120,491,USWA02,USWA02012,5376.398405099165,15.733143693225536,,38.357939385710054,,,44.822778069009026,16.819282545280927
1661,120,490,USWA02,USWA02013,6929.104044156188,13.700964850689655,,37.78285385661651,1.3131476374407396,,45.86572844872401,15.03827005721873
1657,120,489,USWA02,USWA02014,7146.089497830858,13.765125138088118,1.2112376757085555,36.345817737881056,1.3669924682978796,1.2393937211611081,45.02671145811457,14.809846938836824
1681,120,492,USWA02,USWA02015,7999.108764780814,14.619589734593161,0.711599974,37.563599320615765,3.274162785296705,1.6218400415019112,43.786371773449126,13.042426105294691
1673,120,491,USWA02,USWA02016,7654.796991511332,14.100117759552038,0.9055689067579605,38.02479696697918,1.2548927800065401,1.3329965100559527,44.83998155006926,13.641763286131104
604,55,241,USIA02,USIA02001,18474.240961490843,12.959557077809045,2.0871413464218107,30.270472952432986,4.195990457051894,2.183772460839836,41.35449557389143,19.908127209362046
605,55,241,USIA02,USIA02002,16190.474798246903,12.619285195013664,2.212026318624435,35.9780729,2.9266014844866683,1.062154578787692,39.68554883598722,18.13559587748118
606,55,241,USIA02,USIA02003,15937.340910836576,12.82205246,2.1541529011267753,36.64245454932298,2.247698895672654,1.009357524846077,40.12981712547872,17.816519003552788
607,55,241,USIA02,USIA02004,15598.399835437509,12.300048299802445,2.135069778,34.390257170880204,1.3556546721528218,1.2022656075923999,39.93971674090948,20.977036030463378
1737,124,507,USWY01,USWY01001,8894.912346184083,17.95549342349301,,36.651146561467364,3.6508571425525993,0.9478929300129525,39.52568519260957,19.224418173357517
1739,124,508,USWY01,USWY01002,8178.379308858688,17.138032897901667,,35.637305089934465,3.129497918,0.9251724208130645,40.482861728959335,19.825162842187748
1740,124,508,USWY01,USWY01003,9187.955757809774,17.76378079969535,,36.80644053286504,2.503689463440711,1.3054481875559416,39.21622890376228,20.168192912376036
1738,124,507,USWY01,USWY01004,13709.26173921653,13.933960357104686,1.5445063838399913,36.765435938753996,2.1255607719006804,2.0353499561242643,38.31321214609767,19.215934803283403
1735,124,506,USWY01,USWY01005,8441.830958,16.127118757466583,,33.68608613406971,4.737768579508673,,41.34528264837429,20.230862638047327
1736,124,506,USWY01,USWY01006,10547.47114,14.669539360001318,0.9542071565795558,34.14364469938806,3.994789182481651,3.105074037696778,36.427115984602366,21.375168939251587
374,43,175,USCA02,USCA02001,10573.461950712575,9.924426479542479,1.8046002980710862,37.42597948053328,4.568003537667121,3.545725265168211,36.119645512603306,16.536045905957003
371,43,174,USCA02,USCA02002,15743.562479644977,7.579110707417434,4.008657422249309,37.90112627527857,3.736807496923914,6.8605563941881265,33.32728539770133,14.165567013658759
377,43,176,USCA02,USCA02003,6904.838291385134,12.234633245751843,,37.02620485140238,4.859062773146539,2.2311327928252496,38.10028058021031,17.783319002415528
375,43,175,USCA02,USCA02004,12162.83104764833,9.553718628357691,2.1934112666809695,38.143519406117775,3.435777509082336,3.692545725,36.45109245388375,16.08365363916761
372,43,174,USCA02,USCA02005,16835.59963941551,7.251243380475389,3.6752518963830303,35.54517622213727,9.471342378842655,5.258768410827583,31.924742593919042,14.124718497890424
376,43,175,USCA02,USCA02006,12428.443455826662,9.776325146505773,2.4004899444826155,37.29196381283489,4.816503804,3.4925856710396066,36.4137334,15.584723371980282
373,43,174,USCA02,USCA02008,13778.469125322812,8.425794815933617,3.1565860239673853,37.08285876114616,3.187857740643665,5.661733305383424,33.434939483250865,17.476024685608486
378,43,176,USCA02,USCA02010,5836.020659658417,12.58352702945824,,36.51951815338088,3.859327190098238,1.2842187149850572,39.54030443404527,18.796631507490552
379,43,176,USCA02,USCA02012,6018.050620972641,12.24297287734561,,33.8117664,7.619932457,1.687430151856388,38.92387945,17.956991540409504
1591,114,472,USTX03,USTX03001,10677.718550268259,10.109060358605207,4.469642757263758,34.495101701400216,1.2171518107239785,2.523731779,34.87575015191122,22.418621799690104
1587,114,471,USTX03,USTX03002,10863.067922283964,9.950819580593532,4.780917085503088,35.789619798426855,0.94514245,3.5865049973029994,34.05071980699206,20.847095862226634
1592,114,472,USTX03,USTX03003,9857.629340106108,9.923406962,4.482583040246324,34.957790460536756,1.0910256776184577,4.169872680305297,33.37494745,21.923780694044158
1588,114,471,USTX03,USTX03004,10117.201316809973,9.711619576125752,4.980414361501964,36.08677355377894,0.9677430037393547,3.7583981165960707,33.539068900974016,20.667602063409657
1593,114,472,USTX03,USTX03005,9779.194413562343,9.310064228,4.599467670080688,35.115701374970676,1.3171290406206169,3.056372419023391,33.89499674497024,22.016332750334385
1589,114,471,USTX03,USTX03006,11770.420441990374,9.535105565518421,5.338601998964385,36.28717950740761,1.1449171414256532,4.799404418737753,32.57850818566585,19.851388747798744
1594,114,472,USTX03,USTX03007,9395.224102654896,9.961874832911759,4.4117258980618965,35.11864573221326,1.131564172061606,2.716571776439274,34.465771336337106,22.15572108488687
1590,114,471,USTX03,USTX03008,7853.958285157893,9.536799021518389,4.552816132096603,33.44079222428535,0.9109415980192815,3.3376027665973886,33.55272938050943,24.205117898491935
811,64,277,USKY03,USKY03001,31288.852995945952,10.12572348895819,4.591354250350763,35.38503439585416,2.580636154,3.3089761194644924,33.92603377,20.207965308903308
812,64,277,USKY03,USKY03002,32583.93652616475,9.984299979953109,4.528290499,36.25181727718939,1.982746625424652,2.3689462985563345,34.09410269524094,20.774096604509012
813,64,277,USKY03,USKY03003,33792.91192979716,9.110521350901937,4.826469225785605,35.37273234,2.376042951352775,4.9436328377002985,32.989057043521335,19.492065606238086
814,64,277,USKY03,USKY03004,31486.96672515932,8.968594492298338,5.138238933477596,35.702125660261345,1.9948956009931096,3.8406784927218345,34.075097759258966,19.24896355328714
815,64,278,USKY03,USKY03005,36495.77582193803,10.610589300895004,4.448349488663823,38.041390670226626,2.0254551406631935,2.7760933262445606,33.94979247887913,18.758918895322665
816,64,278,USKY03,USKY03006,24914.105031809842,10.123829251618117,4.6425663032891356,37.128230669173334,1.9527278295197426,2.935668471,34.017167904688435,19.323638822400977
817,64,278,USKY03,USKY03007,30551.460051222908,10.269019020277517,4.961413092231143,38.67206547566663,1.7705551240007946,3.365754566534424,33.81149549100245,17.418716250564547
818,64,278,USKY03,USKY03008,30161.35824247144,9.94299725,4.762664089,38.05621369958623,1.748464206,2.262950026592426,33.72486347486469,19.44484450407277
819,64,279,USKY03,USKY03009,15124.035590944599,9.791943722021907,4.940843884777757,37.88647017434318,1.6814721450651415,4.326305662179499,33.8648769,17.30003123679112
820,64,279,USKY03,USKY03010,16067.774915190612,10.003947309748572,4.578547120790662,36.58732136275905,2.5213933438142644,3.5157377873209943,34.093797566919214,18.703202818395823
821,64,279,USKY03,USKY03011,17930.913201374227,10.65831663791729,4.717158469199924,36.936492752859195,2.014547429344406,3.0758617785692963,33.999720038012924,19.256219532014253
822,64,279,USKY03,USKY03012,17745.121335123877,8.150047573848916,4.9209161925892975,38.30706377497901,3.325901493673066,5.048626943145025,31.985947095833758,16.41154449977985
823,64,280,USKY03,USKY03013,19798.880465189734,11.183163870375742,4.928769882612725,38.91306579,1.781082753403778,4.377092565808902,34.155915870331285,15.844073138380002
824,64,280,USKY03,USKY03014,16767.179776745976,11.525090852835346,4.578598474172767,38.23413711259145,1.593113258,3.7730224729363493,34.28820842529246,17.532920256851263
825,64,280,USKY03,USKY03015,19715.86779829969,10.659363347639463,4.339638855464596,36.84011965993584,2.3506288278899876,6.977664417415486,32.55379000808685,16.938158231207243
826,64,280,USKY03,USKY03016,21419.963479297243,8.872675820738092,5.024613548007733,40.05549008959267,0.8278369153282188,4.431598254123449,33.48871062920627,16.17175056374165
42,19,21,MXEM01,MXEM01025,15555.646301448882,12.194615579574299,4.467094023780601,36.99099694229858,0.7825849576048115,1.6920423612143003,38.09051520774536,17.97676650735633
44,19,22,MXEM01,MXEM01026,10994.244686748221,11.46636789830377,3.004866333814116,33.78053160872298,0.8679919166709037,3.2931556117131198,38.77960067333147,20.273853855747394
46,19,23,MXEM01,MXEM01027,14233.68846375479,12.44543617402782,2.344104006267771,34.35202678928436,0.8667281553633048,4.514554194870096,40.72387549222792,17.198711361986557
14,19,7,MXEM01,MXEM01028,12530.327960002489,11.544872350311136,2.1455603501275986,33.17832247551696,0.5057688457956447,6.898761562432162,40.338880616856244,16.93270614927139
16,19,8,MXEM01,MXEM01029,16989.33892771987,11.617120668489445,2.771883748271308,34.32882768007944,1.6213598690368274,4.939352079,38.92554323692847,17.413033387144125
18,19,9,MXEM01,MXEM01030,9395.397947,11.366601470737844,2.6686122677628585,35.652180131449875,0.6013915987142733,2.6205936194794432,38.49312372339202,19.964098659201525
20,19,10,MXEM01,MXEM01031,17116.252343274715,11.839866873081363,3.6097924517929014,34.50498095508894,1.7314159884565072,3.6861659111485587,38.51939644427218,17.94824824924091
22,19,11,MXEM01,MXEM01032,7938.117297036837,12.288620510735342,2.8124834383546222,32.733071886597436,,1.9999732347352845,40.264502630411236,22.18996880990142
24,19,12,MXEM01,MXEM01033,18955.95356368599,11.579702469720361,2.7419559906501525,34.04874991096611,1.3157020804761526,8.155379547300381,38.85317736980899,14.885035100798213
26,19,13,MXEM01,MXEM01034,11695.074165450222,10.893386716414097,2.417016938962443,34.83607770180111,0.544466056,5.386289356539986,38.46986887,18.34628108059669
783,62,270,USKY01,USKY01001,27591.197890448693,7.8082642742096136,4.5238424757751465,33.81535976457813,8.951506528,5.253464187015135,31.829812744813662,15.626014299845266
784,62,270,USKY01,USKY01002,21202.801977472176,8.593553906727225,5.274800237457949,37.17206843752516,1.476911391906653,3.400447409,34.64391415759801,18.031858366783805
785,62,270,USKY01,USKY01003,22022.10238660606,9.093503513899682,4.813313185872896,35.69375589,1.4334597782534106,3.76016218,35.300977064926414,18.998331905637233
786,62,270,USKY01,USKY01004,22856.80044951411,8.694875330046363,5.0104899329373715,36.336218975795376,1.4130644123784468,2.735012453064056,35.54431577972904,18.960898446095715
779,62,269,USKY01,USKY01005,20740.433324988924,9.469414242308297,4.649349212091945,37.85931885301657,1.7637887786423123,4.640006109736994,33.64319632216585,17.444340724346347
780,62,269,USKY01,USKY01006,19349.753297331234,9.012386454,5.082826372242648,38.23983442074008,1.6225056960503252,2.832712707201747,34.45169787149426,17.770422932270943
781,62,269,USKY01,USKY01007,21789.18255933837,8.849084526039222,5.143820233868614,38.38210886218622,1.861559203071498,3.163611328,34.57522329475997,16.873677077963944
782,62,269,USKY01,USKY01008,21669.856039547187,9.695084956331797,4.644437534875841,36.81890653584795,2.275974107341965,3.005963897286503,35.549030620084565,17.705687304563178
399,44,180,USCA03,USCA03001,17908.664123707407,6.883972148877233,6.483832912280194,39.62092720473146,3.095019167158585,4.1815826415123665,32.60337606024705,14.015262014070354
407,44,181,USCA03,USCA03002,20938.103864556706,7.436927949320596,6.5665201911195075,39.90160358957114,2.644614704243211,5.216991678238355,31.910126060226034,13.760143776601758
391,44,179,USCA03,USCA03003,27581.46759,6.728987587069956,6.04597057,40.59028982757997,2.4637570739071974,5.764498939327801,31.63455891298975,13.500924676264692
383,44,178,USCA03,USCA03004,26674.631028401345,6.480043312954292,6.279868268149561,39.98224573015003,3.052037684587699,4.257078438364582,33.19703015842386,13.231739720324288
384,44,178,USCA03,USCA03005,24781.026007303208,6.721308908876582,6.8823700799746375,40.51381708319339,2.826350083,3.7200676602259066,32.73678967,13.320605422698131
400,44,180,USCA03,USCA03006,17714.64082593679,6.438663773004174,6.851538841794103,38.414359674547505,3.597352321753995,3.4378086267836827,33.35192476375964,14.347015771361072
408,44,181,USCA03,USCA03007,17972.484873435405,7.348036251210612,5.948158197236869,39.33468359987244,2.8026913193005862,4.3273529388408765,32.25272018761524,15.33439375713398
392,44,179,USCA03,USCA03008,31077.949486285368,6.099258342774585,6.488495184238556,40.229716541625606,2.453152273778666,7.642062843447346,31.219713230820368,11.966859926089459
107,25,56,MXMO02,MXMO02008,7247.578266,16.028985547482954,,28.749398189334325,,,46.87450020088121,24.376101609784467
109,25,57,MXMO02,MXMO02009,4901.8675860684425,14.731237402784851,,27.17644761502042,,,47.06113066179267,25.76242172318691
114,25,59,MXMO02,MXMO02011,5613.311795966995,16.110324587966527,,26.458728038230497,,,45.00592721401122,28.535344747758288
116,25,60,MXMO02,MXMO02012,5296.1605041980965,15.191328906757228,,27.18720010891869,,,45.818760661561356,26.99403922951995
120,25,62,MXMO02,MXMO02014,5414.493732822702,15.562394356195433,,25.397318894607412,,,45.28323438000238,29.319446725390208
122,25,63,MXMO02,MXMO02015,4962.833111095241,14.61823562213249,,26.65674509050065,,,47.60785613713328,25.73539877236608
108,25,56,MXMO02,MXMO02017,5345.834424438093,14.905713554408463,,26.444120439193743,,,45.79471018929892,27.76116937150733
110,25,57,MXMO02,MXMO02018,5508.646810908776,13.539314843328178,,26.29967993615412,,,46.08615746,27.614162600910173
989,74,319,USMO01,USMO01001,9809.800608,12.671055896297903,0.863929197,37.24306783086869,4.800459358452878,1.4988343726540005,37.78005962,17.813649623649287
990,74,319,USMO01,USMO01002,9363.333449633381,16.49345729786026,0.7833735547310149,29.62132736849222,5.648313529780256,1.0525314526399872,42.523957017975526,20.370497076380985
991,74,319,USMO01,USMO01003,7949.864025691392,14.494240803169527,,32.917197800115815,3.730364560988551,1.1225429932426552,40.72026718824842,21.50962745740457
992,74,319,USMO01,USMO01004,8892.693636937032,16.55814491815915,0.5192421684840841,27.648666944654583,5.350929920818279,0.880476986,45.16962065672704,20.431063323603713
993,74,319,USMO01,USMO01005,8958.728908905843,19.669771989302788,,30.176940105519027,5.667714955256923,,43.278520998953354,20.87682394027069
994,74,319,USMO01,USMO01006,8390.680553310678,15.753683106597094,,35.33399504109544,2.989373509934868,0.6593355462453178,39.397911120466354,21.619384782258027
995,74,319,USMO01,USMO01007,3853.472734073001,13.961174818181574,,34.12957831626241,3.873710418949641,1.2862945274951931,40.24439087369411,20.466025863598638
996,74,319,USMO01,USMO01008,9099.478149715947,16.955081367157316,0.6883355716466489,28.88715357,5.309003332694105,0.6499164591985922,43.452933460324424,21.01265760547704
997,74,319,USMO01,USMO01009,6784.990679685127,14.112566336008296,,34.040712344178296,2.171787334153881,0.7904699476329929,41.94866138,21.048368996833034
1002,74,320,USMO01,USMO01023,7012.705223755145,15.314784327210093,,34.998854374423544,4.0389238011853905,,40.17267122018588,20.789550604205168
1003,74,320,USMO01,USMO01024,6362.333980065208,16.090764458266978,,34.03625113895103,2.7143204645929164,,41.26631775150229,21.983110644953758
1004,74,320,USMO01,USMO01025,6654.9289034123385,14.196594341377653,,32.62431179790673,3.061937532667449,,41.94388275926387,22.369867910161947
1005,74,320,USMO01,USMO01026,8730.719094,18.005229941465075,0.4832982876629487,30.050163704425806,4.658149512813211,0.6996990086650915,44.03262665633604,20.076062830096898
1006,74,320,USMO01,USMO01027,9333.144746,12.103636218501688,1.2119803044100115,36.24798701178214,3.9196121068607073,1.1100343750286044,37.157587851817645,20.35279835010088
294,34,144,USAL01,USAL01001,6549.439149083018,16.815059471079064,,35.27152808279611,4.050508827847121,,41.36063335584647,19.31732973
286,34,142,USAL01,USAL01002,6187.952897661087,20.98640077895722,,37.219964147178835,1.5278868348184702,,43.45902496213774,17.79312405586495
278,34,140,USAL01,USAL01003,9627.437141390368,14.458364411876119,0.8560586347086324,35.12354567059625,4.079183809,0.914150622,39.467385134373465,19.559676129205002
270,34,138,USAL01,USAL01004,8372.689274,12.707836929839004,0.9895529742193944,37.546799086768566,4.923687886287352,2.321292674129127,38.593410288155404,15.625257090440142
274,34,139,USAL01,USAL01005,6879.399301655691,16.94257371,,37.42880270991367,4.936611366147594,,41.553157254260974,16.08142866967775
266,34,137,USAL01,USAL01006,6360.901544535122,17.83265211991343,,37.583694094316414,2.6404482803937337,,43.129970824877574,16.64588680041228
282,34,141,USAL01,USAL01007,6484.930553126233,18.966511002100642,,38.05412196282265,2.7627906550674077,,42.24637760600135,16.936709776108597
290,34,143,USAL01,USAL01008,7218.511939847957,17.07095944677759,,37.32810500341725,4.903516809851763,0.9594283081551813,41.33939253026792,15.469557348307875
291,34,143,USAL01,USAL01009,6421.6321123106845,16.585094493904005,,36.456908768341734,3.455084685180598,,43.502474974463205,16.58553157201446
283,34,141,USAL01,USAL01010,7527.934426985573,19.567260614865376,,37.02629185,5.491726971598521,,41.76697764556148,15.71500352897949
275,34,139,USAL01,USAL01011,8293.690785852012,13.82595973055014,0.8862948530963226,38.45633653666504,,2.210524973347641,42.95976140489465,15.487082231996345
267,34,137,USAL01,USAL01012,8578.451888503467,18.08875006877885,,37.368079615778115,5.537336676426907,,41.530530114579136,15.564053593215853
271,34,138,USAL01,USAL01013,7315.191662080013,15.922772512915985,0.7977035238524597,37.49310505447632,3.4569100895700458,0.9828902198677596,40.50680322301278,16.762587889220633
279,34,140,USAL01,USAL01014,10510.014870882014,13.110125641402748,1.6394960081827636,36.888956183347915,5.366465915411345,1.7909935876135208,37.03758347165981,17.276504833784646
287,34,142,USAL01,USAL01015,6737.337344912991,15.27884859226092,0.7478696947917554,36.42156184104004,1.7618317901401945,1.6522958511505723,41.83625162098043,17.58018920189702
295,34,144,USAL01,USAL01016,8125.229049430816,16.439481321648813,0.6195789696875956,35.30134339267168,5.563941167066433,,40.57911983283589,17.936016637738376
296,34,144,USAL01,USAL01017,6182.153932219095,15.423669256609505,,32.320328918058784,3.944239144,,41.39308434981444,22.342347587813773
288,34,142,USAL01,USAL01018,5598.095109505847,19.409773149923478,,36.78146225596299,2.8322978196291295,,42.64182628664552,17.74441363776236
272,34,138,USAL01,USAL01019,5523.671987397118,16.296499458799683,,34.59154389489407,2.9683318539439902,,42.18210683003404,20.258017421127892
280,34,140,USAL01,USAL01020,5985.2637692585795,15.603139571391624,,33.54536640100107,2.8339500319235347,,41.929997081099934,21.690686485975466
276,34,139,USAL01,USAL01021,8432.36717,15.85014884,,39.12842593473472,4.066669706526393,0.7914152039616578,38.99483976546252,17.01864938931472
268,34,137,USAL01,USAL01022,7551.645630632442,17.97087764925494,,35.357374060325846,2.576221173337987,,43.21752720087998,18.84887756545619
292,34,143,USAL01,USAL01023,6201.955240309541,17.690506940769307,,25.096200889113607,5.654265892782626,,44.980920933185786,24.26861228491799
293,34,143,USAL01,USAL01025,5189.798349574982,16.73964748,,32.77578866722329,3.0004484752692835,,43.20558314015905,21.018179717348378
285,34,141,USAL01,USAL01026,6736.155595,18.184590962116012,,34.12716687443878,5.3557741713424605,,42.81945809109659,17.697600863122172
277,34,139,USAL01,USAL01027,6977.966742945434,16.420856524009857,,23.395248074719394,5.657038354142219,,44.92525082589154,26.022462745246855
269,34,137,USAL01,USAL01028,7038.498080435187,18.714017107564327,,34.946538466440806,3.722755410413772,,43.570551999375056,17.760154123770384
289,34,142,USAL01,USAL01029,4123.655351186506,18.23343981071099,,35.06717906261933,1.597240069094954,,42.304168980026674,21.031411888259054
578,53,233,USGA01,USGA01001,5930.527629372064,13.954101675277721,1.6859314198257809,37.14984382796628,3.5314053402927197,2.7380277687122363,37.56014027887948,17.334651364323506
577,53,232,USGA01,USGA01002,4512.885863103206,10.208242339550623,2.0917139508973213,40.040712373457836,2.4930729252300536,4.382624621112219,33.67208081656213,17.31979531274043
1496,105,454,USPA03,USPA03009,11183.920141723622,12.516712226808293,2.854029248037639,40.93657426117836,3.7019864921113355,2.1654302975437747,34.36050810744951,15.981471593679382
1497,105,454,USPA03,USPA03010,11260.338354268066,13.60643656,3.1701857098216872,34.53230723897915,4.5062835294120855,2.0684390514708957,37.77913083392532,17.943653636390863
1498,105,454,USPA03,USPA03011,12819.19581,12.716631821899567,2.7543126571270062,38.91345262856823,3.691556412450635,1.9525531796368158,35.00695599394658,17.681169128270728
297,34,144,USAL01,USAL01030,5574.011662,16.74137442023784,,33.450720127644104,1.8866035616726238,,42.98040297806634,21.682273332616944
273,34,138,USAL01,USAL01031,4337.133307,18.299814791922657,,35.00957573988729,3.7013898428712326,1.1894279114702337,40.22528461297216,19.874321892799095
281,34,140,USAL01,USAL01032,4998.207015367374,16.870120669463834,,32.600460238692385,1.852511373981332,0.8357892009361211,43.22684448998905,21.484394696401107
1014,75,328,USMO02,USMO02002,7799.967915861951,22.735982316543375,,37.76314861643071,2.6562091088243105,,41.162552207573704,18.418090067171278
1015,75,329,USMO02,USMO02003,14627.438437475283,21.26796501112314,0.3673186526292039,39.43104035714509,2.872940565,0.7918544243838831,39.37028303624027,17.166562964143964
998,74,320,USMO01,USMO01019,8186.420029657503,18.322511085931854,,38.028145157045074,4.695309917791011,0.5832389923116659,38.79810565596568,17.895200276886584
999,74,320,USMO01,USMO01020,7775.633549290136,17.254652873500326,,36.542957330428315,2.0471956081511524,0.5324964491075105,40.157968479687035,20.71938213262598
1000,74,320,USMO01,USMO01021,21226.38371,7.735285811613584,3.240428322578078,36.79701600879305,9.981977045488424,3.142148241156064,33.24000986164832,13.598420520336058
1001,74,320,USMO01,USMO01022,8435.943338130248,13.840865870614218,0.9622348108004269,26.61002103141955,5.066417642609382,1.083747845178707,40.117658524150215,26.15992014584173
1254,85,386,USND02,USND02009,17222.373676534633,8.977013125870847,4.351925657489922,40.36132216380532,1.863746967479314,1.9160577289970138,33.622928251500085,17.884019230728356
1194,85,381,USND02,USND02010,21670.809844580745,8.646894538969145,4.303862686022389,41.69955508431861,2.4456799942441036,2.3858306727226695,32.426803307740514,16.738268254951702
1206,85,382,USND02,USND02011,21884.66957627644,9.127405649,4.965566578216038,39.77099160121469,2.101514965581817,1.6806758311293992,33.596975234047676,17.88427578981039
1218,85,383,USND02,USND02012,21417.943115830683,8.812292132985922,4.386929762328506,40.74606456864019,2.522640548901916,1.9315693311359545,34.01772200850685,16.395073780486577
1243,85,385,USND02,USND02013,15963.280022305396,13.102486276345127,3.216392815077996,40.31409528294434,2.3282540872238906,1.6786500307154908,36.037658576340334,16.424949207697935
1255,85,386,USND02,USND02015,21547.16713132901,12.501472188249144,3.0273343092818816,39.95056240049063,2.517838852597513,1.991681378951064,36.465551968721456,16.047031089957436
1207,85,382,USND02,USND02016,19056.057779685492,9.757215774012089,4.357748610941699,38.96087915133043,2.2967936797676822,1.8631044936759888,34.59092082463911,17.930553239645082
1195,85,381,USND02,USND02017,19105.361647992326,10.120477038215943,3.790604347028009,39.94988093387124,1.342158878649646,2.156178821962755,35.905165140665495,16.856011877822855
1219,85,383,USND02,USND02018,22928.311691088176,10.155288574809576,3.6943044743566875,39.23274177050065,2.513909111395041,1.773569992186098,35.73258953,17.052885116738825
181,30,93,MXSL01,MXSL01001,15959.48293204946,8.123438938230256,4.440768382345771,39.31962696930814,0.8876312058764644,3.9799480458194276,32.88267998531049,18.489345411339702
183,30,94,MXSL01,MXSL01002,17909.311945276724,7.977255689542954,5.250015838969034,38.88595303,1.493594141091555,3.9513660496003666,32.92760030761157,17.49147063763687
182,30,93,MXSL01,MXSL01008,16594.402989630966,8.019148307,4.785363449262768,39.78942355,0.9246037779638425,3.658108546438767,32.630291717776664,18.21220895398424
184,30,94,MXSL01,MXSL01009,18035.421085349994,7.440809958863647,4.9740113388479505,38.72523603,0.7195920193713147,4.2529142121739305,32.94023582100851,18.38801057700309
74,22,35,MXGT01,MXGT01001,22561.722527964783,16.085301804984365,2.4300191971933653,34.14420588215921,1.3710018552105872,3.5437040273151865,40.79603215773818,17.715036880383472
75,22,36,MXGT01,MXGT01002,21957.125283775593,14.889661100305942,2.6725354232454146,34.03658033782673,1.4963496410369423,4.843797536596352,39.471509673437666,17.47922738785689
76,22,37,MXGT01,MXGT01003,23225.252199483195,15.052206130592975,2.7915181385178305,33.25959712216283,1.9834659875154586,4.644089836,40.85862227929803,16.462706636981228
77,22,38,MXGT01,MXGT01004,26708.908180616978,15.29193186176281,2.200126825644337,33.27642793333282,2.367148263987737,5.619227970080738,40.130011068483505,16.407057938470874
323,36,160,USAL03,USAL03001,12988.974835219482,10.475721912887778,4.889562300642009,39.391455520014546,0.9128385349581225,4.277195230983755,33.51027810984632,17.018670303555254
319,36,159,USAL03,USAL03002,7859.771089923463,12.17362075747769,4.525936944717153,36.331739581018226,1.0269825070101377,4.098868489,34.21855668677344,19.79791579101586
324,36,160,USAL03,USAL03003,7716.566946478388,10.60316310135268,4.410901189203499,36.72712369937002,0.9474595359327643,4.952600962312481,34.31569054891066,18.646224064270573
320,36,159,USAL03,USAL03004,5981.214016853022,13.64296964829519,4.387464077636565,34.783450214788765,,3.9661013128762335,36.958971026069385,19.904013368629048
321,36,159,USAL03,USAL03005,6376.290792417685,12.743031968530858,4.805546935625572,35.00816780373465,0.9496259060458107,3.6646925092799036,35.241211166196685,20.330755679117367
325,36,160,USAL03,USAL03006,8015.7703337907205,11.581437511061628,4.3131312724148945,38.12453680644497,0.8225358526191363,3.769759631,34.25829775967377,18.711738677962636
326,36,160,USAL03,USAL03007,9628.235053281567,11.940989012090817,4.635636346047752,35.94772091,0.9433028107303789,4.477332624523666,34.28303528739699,19.712972020777908
322,36,159,USAL03,USAL03008,6123.956914253796,13.219883954749651,4.230191137830294,37.05506322282369,,4.390519982,34.58936072812761,19.734864929481652
311,36,157,USAL03,USAL03009,9714.306657,10.21501718,5.594025539752122,35.70573097362072,2.3715146779938125,4.703850714,32.90679868,18.71807941
312,36,157,USAL03,USAL03010,8302.567331455015,11.127927592054728,5.580083046909444,36.370143649080106,1.2816285016576332,4.2894646964405725,34.832628484806136,17.64605162
315,36,158,USAL03,USAL03011,10861.105165077031,10.651418823862848,5.592637213195371,38.49651193317786,1.2758804930282777,4.625564295789156,32.32001415931877,17.689391905490567
316,36,158,USAL03,USAL03012,11499.825217168001,10.061472784500035,5.750516132555913,38.57703600840909,1.1451973084622624,4.035881680247229,32.986958988767334,17.504409881558168
317,36,158,USAL03,USAL03013,14214.724265529449,10.43516881894148,5.971638011826968,36.736330599251616,2.283194907762077,3.9735387935492827,34.60205496685176,16.43324272075832
318,36,158,USAL03,USAL03014,13068.360881188124,10.259684457372856,5.554056816520655,34.41668407,2.9785411958989534,5.742190534703791,33.73257994996616,17.57594743671074
313,36,157,USAL03,USAL03015,12302.154547813923,9.343443407432861,5.260499898679194,35.56056503953114,5.577268332227357,6.242603541421517,32.47144102644142,14.887622161699364
314,36,157,USAL03,USAL03016,8451.171133844397,11.446128075839463,5.803417331359558,34.622001672086014,1.190642962930711,3.823829255494319,35.20836844936453,19.351740328764876
1398,97,422,USOH03,USOH03004,22574.384265336743,9.062631006916128,5.307836701321256,40.41083825722612,1.9928420642319575,2.619115135503884,34.43105405245081,15.238313789265987
1399,97,422,USOH03,USOH03005,23285.394390178277,9.285069170719058,5.450169744498937,39.027657437624306,1.9348165160635122,2.399607490718174,34.98746121591779,16.20028759517729
1400,97,422,USOH03,USOH03006,22096.481760533236,9.154228341,5.007436562639846,40.195185523308176,2.9276220271369655,3.974836935089947,33.591356907605864,14.303562044219198
1392,97,420,USOH03,USOH03007,26378.654168576122,10.582793735592524,4.888080629135485,40.66694837136205,2.2913261023349105,2.635068165288831,34.25084864444631,15.26772808743241
1393,97,420,USOH03,USOH03008,21467.309380602645,11.408576162292526,4.789992016,40.04890479742385,1.5583938505161226,1.6033583344537847,34.62970580464899,17.36964519730512
1394,97,420,USOH03,USOH03009,18869.23664171129,12.659909766419302,4.755399119262429,39.31993483047821,2.1900026004805806,2.3171413086050148,36.03432327997575,15.383198861198009
1404,97,424,USOH03,USOH03010,27391.30917397224,9.868276700405461,5.063009351754879,41.129062423871574,1.2535996320009615,2.1729185347413127,32.41048828357924,17.97092177405202
1405,97,424,USOH03,USOH03011,32818.61495351041,9.465792849273141,5.300232973211908,39.71662407751883,2.3826293939268086,2.8883008177879135,32.52132439763176,17.19088833992278
1406,97,424,USOH03,USOH03012,28681.975809796077,10.464969798153756,4.863839264832625,39.58400660767568,1.8158641901765111,2.8912759230915417,33.85186511513615,16.993148899087494
1407,97,425,USOH03,USOH03013,21047.390793740706,9.423597044385275,5.541704565270097,39.52831364631399,1.5143022876994272,1.653882259127457,33.82091910967412,17.940878131914904
1408,97,425,USOH03,USOH03014,18807.96906836476,9.103000881588633,5.682979930733894,42.134339724294726,1.8659228860895969,2.2698621739393525,33.077956469109644,14.968938815832795
1409,97,425,USOH03,USOH03015,23343.334517060543,10.208019701484117,4.885336074091192,38.96869449828536,1.5477161763799159,3.2353741855518283,34.00590838380031,17.356970681891394
1401,97,423,USOH03,USOH03016,20531.583712731033,12.56848256113064,5.142197046882755,41.00754644682812,2.391030819633459,1.754003504033231,34.280113539254764,15.42510864336766
1402,97,423,USOH03,USOH03017,29434.97872991069,9.942026939685439,5.859842986320203,41.40267536283112,1.9887645174721233,2.1463324855142587,33.942283593888114,14.660101053974183
1403,97,423,USOH03,USOH03018,17406.378814123025,16.648777507282194,4.364966122432523,39.90540332393977,2.2083602123248163,1.3983922601418437,35.570618417539414,16.552259663621626
1413,97,427,USOH03,USOH03019,24442.71691056907,10.799744267308512,5.1346235132999904,40.72801927241118,2.008137835522734,1.7084414657313882,34.425664132052525,15.99511378098218
1414,97,427,USOH03,USOH03020,25479.712993355577,9.654918521403703,5.416263724462203,40.70732146808767,1.646713657564035,2.1966285843879185,33.68283426490667,16.350238300591506
1415,97,427,USOH03,USOH03021,24373.47209,8.498164632726377,5.233200968407883,38.63603843669369,2.2491721251558965,2.999674063586156,35.748044523238846,15.133869882917539
1416,97,428,USOH03,USOH03022,19642.14122539049,9.246769209795477,5.025239336790292,36.462771173647525,6.874375398996245,2.201740455598843,33.08742785640384,16.34844577856325
1417,97,428,USOH03,USOH03023,20415.033908833906,9.895114254167822,5.038013896560914,39.38733473305298,1.9472498435977883,2.7797430794668214,34.020180098963365,16.827478348358138
1418,97,428,USOH03,USOH03024,18207.174083747825,8.620194981160546,4.471199241101707,35.04709733317966,11.08309745097018,2.7862405861714037,32.95232347627326,13.660041912303791
1410,97,426,USOH03,USOH03025,21471.23320903411,10.546036447166657,5.086003805585321,39.45647642116083,1.9820872899027218,1.6926325022065183,35.18853743164385,16.59426254950075
1411,97,426,USOH03,USOH03026,18189.23998042928,11.67055313895374,4.678439444779841,39.539636130324645,2.112569974307243,1.8177608131755985,34.770593607870225,17.081000029542444
1412,97,426,USOH03,USOH03027,14494.133192213076,11.773738855018975,4.674148594042396,38.20241496673261,1.9009564580890668,2.2613532468628987,36.12088468540978,16.84024204886324
831,66,282,USMI01,USMI01001,16880.04456028035,8.964986589299427,4.737839918671952,41.52124631154219,2.422534419280469,2.7625350528044303,34.479372557165576,14.076471740535393
832,66,282,USMI01,USMI01002,15741.597147848597,9.929892025759939,4.815888391089788,40.28505603554154,2.6903425206579947,2.7799219831011905,35.291126693280624,14.137664376328868
833,66,282,USMI01,USMI01003,11499.246286182413,9.558593852955422,4.605470870728882,39.91468258556951,1.476084805506659,3.116464271380065,35.935098545385934,14.952198921428964
834,66,282,USMI01,USMI01004,15757.452909339605,8.922950611,4.993071286,39.32555175188659,2.508682713552889,3.4351038065661856,35.71690085247828,14.020689589611987
827,66,281,USMI01,USMI01005,16771.636029648052,8.697571333606115,5.308117663116487,41.17618085989223,2.863362339,2.820146274791342,34.207161126042934,13.625031737475094
828,66,281,USMI01,USMI01006,19957.331574812033,8.267107637976254,5.7989621917175596,42.57156978,2.0115334038219106,3.533079073153069,33.91480041900571,12.170055134100048
829,66,281,USMI01,USMI01007,13989.35313,8.984438877807348,5.599400609910979,39.41688883772235,2.3117830713481107,3.3807371269277304,34.85178380425209,14.439406549838736
830,66,281,USMI01,USMI01008,18631.846888098065,8.621761419464612,6.1483788500366465,40.687015976171956,2.3415726008130804,3.188067627726454,34.425787175669285,13.209177769582574
839,66,284,USMI01,USMI01009,20631.43048460152,8.231036840372145,6.122092623266052,38.84036464613708,3.029267955681851,3.773873477099935,35.35149298655766,12.882908311257408
840,66,284,USMI01,USMI01010,15887.48491610718,8.753061697976404,4.899489253683318,38.041041736615476,2.917439505,4.778634989187834,35.50681301,13.856581504083966
841,66,284,USMI01,USMI01011,12803.932969016343,9.261263183052574,4.740323391,39.81897998855476,1.2225763338736975,3.2401596346037507,35.86393390667805,15.114026745598437
842,66,284,USMI01,USMI01012,15845.926909855123,8.221422327,5.747709712328825,38.668149615301594,2.9692923587308124,3.1200389525647543,35.918177041542236,13.576632319531774
835,66,283,USMI01,USMI01013,17165.965625711182,8.259324544072072,5.805126049670354,40.123137584593785,2.395070121035679,2.961473648,34.85418977,13.861002823757195
836,66,283,USMI01,USMI01014,16048.102251743569,8.452022033,5.599587687255095,40.48279953561505,2.5721590932768645,2.5169598705992438,35.10588249,13.722611320804434
837,66,283,USMI01,USMI01015,18877.527718503356,8.037252697140808,5.997232220249896,41.81505184551453,2.437207083135271,2.5270407056862862,34.12629242001315,13.097175725400863
838,66,283,USMI01,USMI01016,19053.746022760475,8.047285946400404,5.6682952063661585,40.331935342906256,2.437946190132302,3.926730208208814,35.233701541622914,12.401391510763549
1279,86,389,USNE01,USNE01901,4379.591695439748,18.296977189576616,,35.19687293904302,3.5581907848369534,,37.94594091612752,23.29899535999251
1280,86,390,USNE01,USNE01002,4965.989908459517,18.57918722045006,,35.90175330220787,2.180268325830224,1.2457383767890995,35.828158693163935,24.84408130200886
1268,86,388,USNE01,USNE01003,4981.911217774295,18.52742610277247,,34.03278190276514,1.7570725270485221,1.2544956784965509,36.019855915100955,26.935793976588847
1281,86,390,USNE01,USNE01006,5258.025563348486,18.797436430170855,,33.72466507986439,2.8672967329040824,1.0492187694827415,39.142831102934224,23.21598831481458
1269,86,388,USNE01,USNE01007,5373.454099331578,18.167553827366216,,34.70836186374535,2.7474236945900565,1.3104788352075238,35.79062866586185,25.443106940595207
1274,86,389,USNE01,USNE01008,4552.478680203317,17.01775458,,36.47179457581606,1.9376375139298068,1.0114710556415871,39.07267192727074,21.506424927341808
1282,86,390,USNE01,USNE01009,4629.052187852125,18.94014624613379,,34.30926629813992,2.4629002661651676,1.0092733352406094,37.11615524095525,25.10240485949905
1270,86,388,USNE01,USNE01010,5635.573220684365,17.10892369671841,,34.526497843344906,2.0334392923130005,1.1793246814900469,38.411597597504326,23.849140585347723
1275,86,389,USNE01,USNE01011,4715.763880323682,17.55565058398218,,35.10873693011614,2.330967851,1.1632873334361142,38.85205396277254,22.544953922959856
1516,106,459,USSC02,USSC02001,4682.452703050336,24.99157699245725,,40.288599337368815,,,43.44039218481555,16.271008477815638
1520,106,460,USSC02,USSC02002,4908.7934944993385,24.651824644417317,,38.323476575329686,,,44.13117133045899,17.54535209421134
1521,106,460,USSC02,USSC02003,5145.769245374939,24.06474526,,37.15946862537806,,,44.11475068030847,18.725780694313467
1517,106,459,USSC02,USSC02004,7561.800666612932,19.14642601166457,,33.453267670129456,1.7132079598182455,,40.701173414652736,24.13235095539956
1522,106,460,USSC02,USSC02005,6031.674662,22.027389761934018,,36.41080174843927,3.0109349609586338,,42.56062800788085,18.017635282721248
1518,106,459,USSC02,USSC02006,6008.938973766688,20.44172241757333,,34.85179432193741,3.1904687430073433,,40.837986461330374,21.11975047372487
1519,106,459,USSC02,USSC02007,6980.804918711893,20.38767278164399,,35.36234957188459,1.6371781814580564,,42.76049111,20.239981137917056
1523,106,460,USSC02,USSC02008,7408.792848433582,22.214951828855302,,36.62466425103412,2.826154228,,41.230400320552214,19.31878120069626
1318,92,399,USNY01,USNY01001,9501.564996604558,15.08915722,,37.92833068,7.237373652,2.6029728633451583,32.34042329636851,19.89089950886011
1319,92,399,USNY01,USNY01002,8430.952240550097,16.888253599112833,,25.59545015330577,8.501752614968849,2.313434875736857,38.423598051162514,25.16576430482601
1320,92,399,USNY01,USNY01003,10631.737600697792,18.429071528423236,,37.70027729722236,6.362842115018334,1.5815056870343664,35.57929090282755,18.776083997897373
1321,92,399,USNY01,USNY01004,10277.154070334023,14.20128041021699,,35.47913035726024,7.170598529597822,2.1638043041936954,35.075461686374716,20.111005122573534
1314,92,398,USNY01,USNY01005,12409.850965990237,15.78918142,0.3932529509559341,24.615391279807987,6.580091646107526,2.0160700893158974,35.66271891128233,30.732475122530314
1315,92,398,USNY01,USNY01006,10608.25700126874,17.26182125774255,,27.201247169540096,7.373642740579156,2.0452353630852502,39.002768977745816,24.377105749049687
1316,92,398,USNY01,USNY01007,12058.20627984361,16.252801341274782,1.3355113496021016,28.90583500256123,6.326949698124216,2.028175988172099,37.60921532494507,23.79431264
1317,92,398,USNY01,USNY01008,14450.044787022294,15.042376781906091,1.651391230046105,29.71100452878258,5.561295318184359,1.9788791644557693,36.122428351297366,24.975001407233805
1310,92,397,USNY01,USNY01009,4584.616845364973,13.952311331382743,,41.34000146750656,2.839144780229035,2.603949459474554,31.277672867947295,21.939231424842557
1311,92,397,USNY01,USNY01010,4695.460740715614,17.139752976705818,,40.36133259434392,3.2504486012891953,2.1836144578010552,33.077712170908676,21.126892175657154
1312,92,397,USNY01,USNY01011,6970.508645475859,16.83856576358459,,37.91197221722895,5.329519011551943,1.8952088372569085,34.29476481330688,20.568535120655312
1313,92,397,USNY01,USNY01012,4381.403272,17.27125940596352,,37.696633310182314,3.117921965694701,1.705234681474787,34.15120231731865,23.32900772532955
1306,92,396,USNY01,USNY01013,6796.570111890425,15.410714640755717,,41.594136422681515,4.848579467338287,2.929670325908606,32.85323986110841,17.774373922963168
1307,92,396,USNY01,USNY01014,6512.623721595372,16.492245802324344,,41.141455572032136,,2.4210347006636015,35.06950412334153,21.368005603962736
1308,92,396,USNY01,USNY01015,5892.693885941261,16.57699453396915,,39.321373392402556,3.071806861883636,1.9882998366596873,35.11555728518257,20.502962623871554
1309,92,396,USNY01,USNY01016,7180.183828464442,16.110494700528122,,38.39392848698981,4.493622490296356,2.0046623364995337,35.37169285591189,19.73609383030241
1327,93,402,USNY02,USNY02001,4789.3792370660985,16.916428339709455,,36.16085567800197,4.119684519688116,1.3563073744041116,36.31977597519452,22.043376452711268
1328,93,402,USNY02,USNY02002,3320.850456552537,19.34706076177018,,35.23094701110018,4.553955937,,36.93628131453464,23.27881573764972
1329,93,402,USNY02,USNY02003,3986.0409508048347,18.07481628979611,,35.31620334,4.5295396709629205,1.2034799637871234,38.46166094415925,20.48911608045402
1330,93,402,USNY02,USNY02004,4403.971416674838,19.01987586241224,,35.17190264288484,2.9076562713861236,,37.42506975048254,24.495371335246496
1323,93,401,USNY02,USNY02005,3516.5191225029407,22.20860357991483,,40.448378901961334,2.3852403426460316,,39.22060433163058,17.94577642376207
8,18,4,MXAG01,MXAG01009,4984.603683,18.65285186310155,,36.044264797425065,3.7985771575919074,1.6292443896657545,38.11183115,20.416082504826175
10,18,5,MXAG01,MXAG01010,5176.939012769572,17.184093792602773,,38.067583112120495,5.522169711010019,1.2896094611087552,35.86365709677265,19.25698061898809
1627,118,481,USVA01,USVA01001,8386.697051573658,15.839443163915858,,36.21684547153684,4.873174696084947,1.3743490049947502,40.92146616368072,16.61416466370275
1628,118,481,USVA01,USVA01002,8834.351070850096,15.842270156616513,,35.85507917428188,4.676105550357311,1.1480717840009944,41.40269626697114,16.918047224388665
1629,118,481,USVA01,USVA01003,8815.807737596506,16.880830969737683,,26.129932438866028,7.027822236405065,1.2002678165706313,47.52639075858225,18.11558674957602
1630,118,481,USVA01,USVA01004,9189.469315789178,16.836330317784974,,34.36850649453688,4.624720883213019,1.140901950067684,42.672706786159736,17.193163886022685
1635,118,483,USVA01,USVA01005,7762.511913076099,16.006605201623458,,34.870053119830004,6.103181262554518,1.300160123531267,40.435810908145676,17.29079458593853
1636,118,483,USVA01,USVA01006,9062.304432833504,17.15301635,,34.81987843426286,6.068632087380853,1.3524082052381439,40.66405440684633,17.095026866271812
1637,118,483,USVA01,USVA01007,11349.792997988057,14.317641677016596,0.9357309396442213,37.199148444136334,7.311351293404588,1.9452617437076003,37.70599181616373,14.902515762943505
1638,118,483,USVA01,USVA01008,10147.600851636213,18.310463257085797,,29.039488282428277,7.571200119336536,1.6817200201166675,44.37248112617779,17.33511045194073
562,50,227,USDE01,USDE01001,8643.898987167064,16.792600567693988,0.6556713226084926,37.507945694692324,4.7109920099123865,1.1867882728637507,39.53412251,16.40448018527635
563,50,227,USDE01,USDE01002,7569.386841517236,16.126807317355603,,38.36082788910897,5.483040389105477,1.059572213141918,38.43960569041606,16.656953818227585
564,50,227,USDE01,USDE01003,6206.0976923425815,17.813080679159246,,39.39972555113268,2.116088803951072,1.0301852527459743,41.32731563986529,16.126684752304982
565,50,227,USDE01,USDE01004,6119.629434065496,18.403601453338815,,31.01790282,5.748355149638268,1.0693216302436719,43.874588541572415,18.289831854728654
566,50,227,USDE01,USDE01005,6276.219993635241,17.756861172992533,,39.497427419300095,2.2819104512006403,1.0186320419490051,41.01200968146083,16.190020406089417
557,50,226,USDE01,USDE01006,8064.583565276276,14.577975973771675,0.6907884986985351,38.262139831815354,9.381901812,1.236108479809962,36.28924864033766,14.13981273780951
558,50,226,USDE01,USDE01007,5803.452288318306,19.597750699894963,,38.57023810854741,1.9707463676057613,1.295518062614053,39.754443017266155,18.40905444396663
559,50,226,USDE01,USDE01008,5525.095720316915,15.942786396499162,,36.84651524499095,6.252498371995524,1.1544679223759984,39.24622288713016,16.500295573507366
560,50,226,USDE01,USDE01009,5853.120577,17.75062704617057,,37.45320760313474,3.4624250232545295,1.1187931851071744,41.74079083944191,16.224783349061653
561,50,226,USDE01,USDE01010,5259.987168457973,16.136641028233296,,36.77405876511384,4.262553485,1.5735728483515312,40.577275876426874,16.812539024892228
1007,75,321,USMO02,USMO02013,8816.618225214508,22.822147904872157,,33.07821245062372,4.240929618255554,1.169411832340063,41.72431181667382,19.787134282106837
1010,75,324,USMO02,USMO02016,11892.585339203746,16.84132321077744,0.6743531730679444,29.534607170209075,5.872206324023918,1.641913509,40.97178434648947,21.305135477276036
1508,105,457,USPA03,USPA03017,7535.717597858032,15.672761993925224,,32.733536513762424,3.6643589809150643,1.3977761148181562,39.49847642,22.705851970602943
1509,105,457,USPA03,USPA03018,8961.639171392133,16.930926141044463,,27.04664212569188,6.516134815609572,1.4495969642252309,44.285877383740925,20.701748710732396
1510,105,457,USPA03,USPA03019,8534.877401081301,19.414080521817276,,26.511176642271064,6.861527265519987,2.0264740872946447,43.130067137653896,21.47075487
1511,105,457,USPA03,USPA03020,9860.552789861691,15.300658255255023,,22.249481822997843,6.779923462640034,1.7104865542654701,40.514760610702105,28.745347549394538
133,27,69,MXPU01,MXPU01001,7724.075879099341,19.108369400857253,,29.666752617869516,6.036102183041766,0.7155560810532949,42.76790849512534,20.81368062291008
143,27,74,MXPU01,MXPU01006,8522.072741,18.50406015292897,,29.299302289229747,6.911846393,0.9221129934679625,42.27327479068436,20.593463533807345
134,27,69,MXPU01,MXPU01009,10398.074917151918,16.92643793504481,0.6811952781418673,30.82367825017252,6.328906552941584,0.8986319931405128,40.76645307926803,20.50113484633549
144,27,74,MXPU01,MXPU01014,8191.689070040239,17.770360204330117,,35.71628149611356,3.568400183840917,,40.33561114353113,20.379707176514405
588,55,237,USIA02,USIA02005,11946.395156440161,17.40235323586707,0.36396655573985776,27.45974453030396,6.048139640007904,1.125902889407456,42.11148932400693,22.890757060533886
590,55,237,USIA02,USIA02007,10161.66244725143,20.12628114,,27.66977082,4.708472462,1.2656823695086428,42.76867575527487,23.58739859100395
591,55,237,USIA02,USIA02008,7586.21503,19.21117306928404,,27.772280458347108,5.508755868888822,1.6037975760182495,43.62935430152153,21.48581179522429
592,55,238,USIA02,USIA02013,11324.133728986404,17.99809154887536,,26.86229182172689,5.000657972562557,1.117774133153837,42.814232648895064,24.20504342366165
593,55,238,USIA02,USIA02014,8189.561123121458,18.713677131377104,,27.006249830619065,6.374683367717064,1.6498974708051402,42.791604960346014,22.177564370512705
594,55,238,USIA02,USIA02015,11250.582418914002,20.743684062028812,,29.948276722761758,4.4469481299494555,0.9662099351019646,42.97430321,21.664262004108224
595,55,238,USIA02,USIA02016,9984.991983,20.05426348871136,0.4514853324431993,30.919039319134697,5.208525714217124,1.223320373506807,42.468134739855955,19.72949452084222
667,60,259,USKS01,USKS01001,7413.141288256457,20.315816059077054,,32.714958604563314,4.478017601902438,1.0049619914190069,40.80428396115564,20.99777784
668,60,259,USKS01,USKS01002,7074.641774319818,22.26577252122672,,30.53648957552533,3.9212019912168614,1.0302094759926972,42.62714748582366,21.884951471441433
669,60,259,USKS01,USKS01003,6919.706522394146,22.334386351610746,,30.00896289913958,4.228421012474454,0.8918254753414449,43.03400513789401,21.836785475150513
670,60,259,USKS01,USKS01004,6977.167047986878,21.488896834891186,,33.42027624315171,3.6089742802677067,0.9018050361391311,41.23210981448247,20.836834625958982
679,60,260,USKS01,USKS01009,6539.763739874978,23.055407309844455,,35.19027125549555,2.5731362502938437,0.735110236,40.46361073325236,21.03787152519905
680,60,260,USKS01,USKS01010,5849.948447005354,24.699666356691086,,31.31150256759553,2.568855736188652,0.8032379292505509,43.25324395324464,22.06315981372062
681,60,260,USKS01,USKS01011,6085.060807545489,21.04637134,,33.63408468853367,2.6698938201844826,1.179444741615388,40.18327651678355,22.33330023288291
682,60,260,USKS01,USKS01012,6910.234158,21.129765932048052,,34.129234160240955,3.713428698940351,0.9433104321161407,40.53638263645962,20.677644072242927
715,60,263,USKS01,USKS01017,8988.517978409149,18.532239078113207,,39.27757761142038,4.9240470147404025,,35.291643349398335,20.506732024440883
716,60,263,USKS01,USKS01018,8578.306569889915,20.744507868443804,,28.729642968796227,4.804019558,0.8875168653176531,42.77773718199363,22.801083425588548
401,44,180,USCA03,USCA03009,17027.89457633236,6.5829067047115934,7.048246075,39.13222587,1.814503309412583,3.793311371794454,34.70311271146088,13.508600659982013
385,44,178,USCA03,USCA03010,23634.36986362424,6.442198905197056,7.033343074349949,39.933580609929194,2.176645919593839,4.197397806054869,34.36408925295494,12.294943337117209
409,44,181,USCA03,USCA03011,18637.953882887658,7.269599429652065,6.997829850490678,39.13478006609135,3.404326493,4.485779930199612,32.77565684056087,13.201626819788194
393,44,179,USCA03,USCA03012,24842.34955806155,6.381123840271836,6.851451439167271,40.05548870168482,3.0497370590304014,6.028407010797359,32.01820934845708,11.996706440863065
402,44,180,USCA03,USCA03013,18090.884132245326,6.775590515605082,7.0698498228579965,38.396295700029654,2.667936713894703,4.93526058,34.07631564550463,12.854341537464737
386,44,178,USCA03,USCA03014,25744.613711113958,6.465021795,6.866111373,39.70958705464225,4.403998525216111,4.807585900021447,32.52273121335362,11.689985933652512
410,44,181,USCA03,USCA03015,15635.85714,7.224447396254771,5.982203087273698,37.73644638776837,6.691626106068108,3.802409193884866,31.89980231965001,13.887512905354939
394,44,179,USCA03,USCA03016,24026.16637793739,6.384963891746915,6.5173166405273415,40.67680708522319,4.092219617054005,5.052891934799177,31.906561264117496,11.754203458278802
11,19,6,MXEM01,MXEM01001,13974.390447357315,11.313568238704383,3.2920860432409285,32.06193788380937,1.0933350779818065,3.072049560591855,40.00823074746593,20.47236069
29,19,15,MXEM01,MXEM01002,10576.399831648167,10.584521203813459,3.019135288003404,30.87055675570299,0.539521932,1.9110982678672648,40.50397550012947,23.15571225586884
33,19,17,MXEM01,MXEM01003,13838.852062839098,9.988574650802313,5.139176020728871,34.49501941,0.7094447071972058,1.8053664116159642,37.847387650722254,20.003605804641104
35,19,18,MXEM01,MXEM01004,8158.246599607953,12.357792916934383,2.984493509471385,33.92462862345051,,3.317850877618783,41.337210282098766,18.435816707360555
37,19,19,MXEM01,MXEM01005,16706.250402582027,11.578278144951307,2.482336327823995,32.89016126036589,0.7874752251094361,6.680332955722201,40.146848106861064,17.012846124117413
39,19,20,MXEM01,MXEM01006,8567.885279466154,12.232889276917904,2.5323404704270565,35.63711065533892,,3.3848079973981546,37.94298643776842,20.502754439067445
41,19,21,MXEM01,MXEM01007,13433.193425077534,13.504002080713073,3.417478840392757,34.58211597,0.5687944576818038,2.1793070594097754,39.47497038014752,19.777333288027247
43,19,22,MXEM01,MXEM01008,9358.317662653297,11.726744796507948,3.086620430215557,34.34556931114762,,2.9767150110434737,39.91022467516312,19.680870572430248
45,19,23,MXEM01,MXEM01009,15919.080913060205,13.390869904194616,2.3309524084214845,32.469754298296955,0.7504594886497781,5.608216330844364,41.90207765609762,16.938539817689794
13,19,7,MXEM01,MXEM01010,11286.291267029044,10.556713793124372,2.519257408663144,32.28021735673489,0.7861423039612734,4.767339712082367,40.32854665357241,19.31849656498593
15,19,8,MXEM01,MXEM01011,15998.960627791457,12.04140884547412,2.747261645,33.508428085396076,0.9737218482163611,5.576513873107558,38.58917895924992,18.604895589009352
17,19,9,MXEM01,MXEM01012,9025.390102567497,12.119907188080711,2.709937692938156,32.20533271430693,0.6578713612084341,2.1584095283064895,40.25744426391175,22.011004439328257
19,19,10,MXEM01,MXEM01013,15960.988213953662,11.972065987070065,4.204852641919926,34.81686665845417,1.5283319417660248,2.20743928,38.20824969348726,19.034259784190947
21,19,11,MXEM01,MXEM01014,5589.021300137902,13.220536587366057,2.9597011787733836,32.19517518485038,,1.4405895810550375,39.812305974548586,23.59222808077261
23,19,12,MXEM01,MXEM01015,14068.86715192032,10.905501668830968,2.9277503711804016,32.93718665622439,0.6020863516952107,4.5377334444238455,40.84018351,18.155059666985544
25,19,13,MXEM01,MXEM01016,10738.632932536777,9.584785424831441,2.684813088428795,34.63995616970932,0.4251375840414145,6.019217635023259,38.180988486492204,18.049887036304995
12,19,6,MXEM01,MXEM01019,14503.893250317335,11.81040605839148,3.590022078651814,32.544876315025085,2.116235356486719,3.5003906632527584,39.93763411333276,18.310841473250864
30,19,15,MXEM01,MXEM01020,12550.99101313259,11.733976093008732,3.018094883381403,32.19897395192855,0.6716951535957001,2.3476034616779633,42.02058664470785,19.743045904708524
34,19,17,MXEM01,MXEM01021,16238.671542340933,12.823346351705958,3.265346826305634,35.03828235404873,1.4035149291742612,2.2303165391370667,40.38571366268585,17.67682568864845
36,19,18,MXEM01,MXEM01022,8834.054628192021,11.855870827992968,2.951219691055807,34.13655620604956,0.8789507486685442,2.350222729606297,39.52712532698584,20.155925297633956
38,19,19,MXEM01,MXEM01023,15919.765287434138,12.285563945901165,2.678415860196906,33.12115370178562,0.7546888957244218,5.206638553857151,41.22290835854428,17.01619462989162
40,19,20,MXEM01,MXEM01024,10840.559243478461,12.025445544013685,2.663966480047721,33.85130412848649,0.6072781854740844,3.022522947022085,41.100178079917015,18.754750179052607
47,20,24,MXEM02,MXEM02001,13359.179701794681,10.181026069565386,3.6880689095384924,34.65912387718407,0.9294302782041345,5.076677786077905,37.10688273689889,18.53981641209652
49,20,25,MXEM02,MXEM02002,13262.831442180763,10.83947911235242,3.341427473,35.542538273921394,0.9839371727228302,3.6188407445587063,38.38401990834001,18.129236427236247
51,20,26,MXEM02,MXEM02003,16302.800444895762,12.636029226161106,4.582828022429606,36.432979967141634,1.5613514989558235,2.3791585460429414,38.88187521261808,16.161806752811916
53,20,27,MXEM02,MXEM02004,11835.890018572321,13.397264152710333,3.5041219146856344,34.666832410684144,1.976992300012436,1.5083217456654265,40.53252889695251,17.811202731999852
48,20,24,MXEM02,MXEM02007,14920.158723748815,10.69144096952375,3.374925316684707,35.38762530907716,0.47791874369648546,3.900376270798088,36.84500987722266,20.014144482520905
50,20,25,MXEM02,MXEM02008,13436.929771562696,10.934102513951483,3.164992852866608,35.03508427070419,0.6825201232292862,3.6250438061946393,39.28189651020187,18.21046243680341
52,20,26,MXEM02,MXEM02009,10925.205714555595,14.143610448618462,3.0131551015238025,33.556499607735866,1.3664708772843837,2.038236900478522,40.16813951104003,19.85749800193739
54,20,27,MXEM02,MXEM02010,14487.76606484347,12.711646325428097,3.6256177733822597,32.82791724979806,1.9820872027325143,2.803306059374378,41.76623909735831,16.994832617354483
97,24,51,MXMO01,MXMO01003,12945.610026781153,9.139671616,4.4018782987727905,33.86119865190161,0.7693790861203604,5.033102353248717,36.40259350226239,19.53184810769411
98,24,51,MXMO01,MXMO01004,14539.04185270367,8.748933064,4.281628015,34.50305232524872,1.9981902081334317,4.003473340135665,36.02605619356988,19.187599917575373
99,24,52,MXMO01,MXMO01005,14388.34053735509,9.996904904199809,4.5647529104593785,32.47592822248685,0.7772122281031416,1.9298385902183623,37.839863212090464,22.412404836641805
100,24,52,MXMO01,MXMO01006,11318.79776197125,9.477228332579044,4.341171719393171,32.806030759092494,0.5404213546408315,1.8525620138025276,37.407137147208026,23.052677005862954
101,24,53,MXMO01,MXMO01007,16576.985639871098,9.505145269739566,4.849726357738293,33.10917368273949,1.278461213401303,3.182620295863523,37.26748368573195,20.31253476452545
102,24,53,MXMO01,MXMO01008,15256.100346069432,9.835178896397293,4.491269666436201,33.833002561857825,0.8535901617718397,2.5875681321414823,36.09304063449529,22.141528843297348
103,24,54,MXMO01,MXMO01009,15367.693843828718,9.720530146495385,4.600979403131258,32.703421802020024,0.7292758964904605,2.598375790131714,37.85839446525654,21.509552642970004
104,24,54,MXMO01,MXMO01010,19853.35288742671,9.911487425673748,4.671361868275047,32.393484338013145,1.455027027872853,2.610367743079494,36.73186697193484,22.137892050824615
113,25,59,MXMO02,MXMO02002,8263.598251323154,10.805614423873827,3.0311240291429633,25.816603826763224,,2.233505698201107,41.50555199,27.413214451603416
115,25,60,MXMO02,MXMO02003,7965.709918084776,9.935563606204449,2.9429055298619984,26.194283794922725,,2.676773511045018,42.66569239796005,25.520344766210204
119,25,62,MXMO02,MXMO02005,9881.042634099964,10.76369770549059,2.5995146543087277,26.356329651333922,,3.237319105914386,42.20491762870837,25.60191895973458
121,25,63,MXMO02,MXMO02006,8187.863452807472,10.427019142673744,2.797123918740364,26.58089362273519,,1.8841696210584604,42.984515327089696,25.753297510376296
1499,105,454,USPA03,USPA03012,11825.897970171385,11.86651888520864,3.8049472647459432,40.96446148320329,0.8101829489878312,1.5908386244695139,33.85372888858176,18.975840790011663
1500,105,455,USPA03,USPA03013,10596.037729634725,13.169321904712065,3.3371131482084198,38.468544843128875,1.5087271282519683,1.0425081809093433,35.631928404069065,20.01117829543232
1501,105,455,USPA03,USPA03014,14721.617381745924,10.278815354288282,4.507758244216878,42.487408797074636,1.4032174315400012,1.4096663060917898,33.57752008705094,16.614429134025745
1502,105,455,USPA03,USPA03015,17984.65848434492,9.779965648071906,4.298099559776623,46.545155415704606,1.1622589392573144,1.4709439882153836,30.535985416583774,15.98755668
1503,105,455,USPA03,USPA03016,13343.346290776912,11.710892886257582,3.962511754355611,40.323173561067684,1.1248026699707157,1.7553345997745384,34.414665015273634,18.41951239955781
743,61,266,USKS02,USKS02001,10411.619791276253,13.308294054192551,2.806154072392839,37.823211161030684,,1.9036214216901164,36.27889188798242,21.188121456903957
755,61,267,USKS02,USKS02002,6942.510216138895,15.383075980535262,2.240997592453486,35.080733375370336,,2.5299272307915377,36.69837731429997,23.449964487084667
756,61,267,USKS02,USKS02005,8910.572933351785,13.469453621377506,2.7046499673067306,36.80739526197712,,2.4806808587832165,35.205309547898004,22.801964364034923
744,61,266,USKS02,USKS02006,8487.154829027379,16.86069236034266,2.383432030075061,37.491255802855726,,2.8328018603318625,39.228389088050236,18.06412121868712
745,61,266,USKS02,USKS02012,7918.623039549962,18.540953173134557,1.9272066660690983,36.71468078474105,,1.9569557444682213,37.25365527566671,22.14750152905494
757,61,267,USKS02,USKS02013,7244.591055653601,16.16159827359836,2.2628659358319485,35.867373491393224,,1.7874656356612835,37.2459308,22.836364141798136
746,61,266,USKS02,USKS02014,8058.893071517713,18.019400649813996,2.127470037566626,36.60585760468298,,2.503933152427968,39.34965979737145,19.41307940795097
758,61,267,USKS02,USKS02015,7516.118592135699,16.376856815150607,1.9198678467340042,36.37218398698731,,2.3605344876881986,37.44245543960362,21.904958238986872
1023,76,337,USMO03,USMO03001,14648.323364582566,11.572887290107035,3.791076017831005,36.52802747,0.3744196758547946,2.141529807,34.89407372109129,22.270873309868445
1024,76,338,USMO03,USMO03002,15385.276367620278,11.235249341075173,3.8243423527914278,35.54527672993993,1.161390666305479,1.6025719369360392,35.82186923522638,22.04454907880074
149,28,77,MXQT01,MXQT01001,12404.31019518343,9.759042175,5.448756702820132,40.93846670413665,1.5756552931054937,2.8535562639261163,32.72549624316814,16.458068792843488
151,28,78,MXQT01,MXQT01002,12992.489971259303,9.986782570726323,4.806535231410107,38.57591205186668,1.1669193745482511,3.3125038073866095,34.643961556870444,17.494167977917915
153,28,79,MXQT01,MXQT01003,15354.558680827713,9.398031788513578,5.405665060462548,40.99400733758943,2.9003988993072753,3.4509318676940923,31.56289980286298,15.686097032083666
159,28,82,MXQT01,MXQT01006,15109.202705440652,9.398446418863713,5.087707338348082,39.73353264922997,2.275198808008722,3.240571929188748,33.01517132174025,16.64781795348423
150,28,77,MXQT01,MXQT01007,13227.095559947915,10.022071153800274,5.190789076,39.22758444299273,1.446283344568276,3.2605582837700577,33.64382040124907,17.230964451569438
152,28,78,MXQT01,MXQT01008,12599.44193435057,10.168166953701798,5.153366916722622,40.31225273634141,1.4829610267102307,2.810673605467634,33.06951508385151,17.17123063
154,28,79,MXQT01,MXQT01009,13555.040122324091,9.265708413735421,5.720985533906797,40.421067192134856,1.4653906522644808,3.3763991219659535,32.84919629767003,16.1669612
160,28,82,MXQT01,MXQT01012,12252.637401755635,9.399453617961873,5.201310623897865,40.42588313314751,1.4766764602858629,3.5236661027065965,33.03840855959578,16.33405512036638
135,27,70,MXPU01,MXPU01002,15213.653286559651,12.135336771483603,4.321170853400013,40.54787881388375,0.4635599078076622,1.9000105395026172,34.6231168,18.144263086319466
137,27,71,MXPU01,MXPU01003,15082.987893269443,12.060971317761732,3.937064153465305,39.21686092036647,0.7914854551013701,2.1390189924780567,35.16635624016423,18.74921423842456
145,27,75,MXPU01,MXPU01007,15686.820423817637,12.355064394103204,4.252538904619268,43.189222550556266,0.6661240299003237,2.764548409292341,32.19415672603714,16.933409379594657
147,27,76,MXPU01,MXPU01008,11960.248945030342,12.668297294523606,3.806180373422229,39.00972734428105,,1.5907260527306462,35.78836492715462,19.80500130241146
85,23,45,MXHG01,MXHG01002,24399.504851343998,11.586302968971088,5.308193159005511,38.76689593087076,0.7789106290530796,2.4966351071227946,35.43359604861504,17.21576913
87,23,46,MXHG01,MXHG01003,23640.204367755818,11.232847233407742,5.500409856418581,36.82322461416183,0.9070698350792864,2.0523554324213955,36.64953081378638,18.067409448132533
89,23,47,MXHG01,MXHG01004,23805.053076439763,9.728942129,5.449892619375768,37.755106302107365,1.3527485177901242,4.735721897315186,35.03936935855665,15.667161304854915
86,23,45,MXHG01,MXHG01008,17467.992461812057,11.219005932177785,4.362142392611006,36.78565719169553,0.9959441700590076,3.4081046390417034,37.09970544100652,17.34844616558624
88,23,46,MXHG01,MXHG01009,19927.92156388686,11.639060585408783,5.154389831759423,37.08279166165775,1.1490412365037759,2.9561234287231346,36.32190923409365,17.335744607262264
90,23,47,MXHG01,MXHG01010,19982.005368035396,10.214601136522473,5.166160999012657,36.281222564646946,1.200049709333663,2.8995733294217425,37.80259857802713,16.650394819557867
136,27,70,MXPU01,MXPU01010,13466.015495069007,10.996289705366102,4.738824205,40.166135481680634,0.9557836581659589,2.048773761,34.948582116380315,17.141900777386674
138,27,71,MXPU01,MXPU01011,11736.676983218082,11.371245745250475,4.523193971534082,41.08266410104773,0.9461322884114517,2.4280384139073257,33.98613362470444,17.033837600394964
146,27,75,MXPU01,MXPU01015,13715.280179319738,10.181146733862718,4.883666465742566,41.61739510214225,0.9481350759934978,2.794775876565029,33.41119703767813,16.34483044187854
148,27,76,MXPU01,MXPU01016,10874.03208582796,12.061734033498507,4.504508407027106,41.38053160664057,0.9082084056091928,1.6982442191366767,33.566949921723804,17.94155743986266
640,59,250,USIN01,USIN01001,14573.517328860757,11.445329563802662,5.454655692064779,39.49509104531532,1.497718657749423,2.8404789226173834,34.611679166193035,16.100376516060063
658,59,256,USIN01,USIN01002,14071.677709271928,13.830136706476296,4.457416999614584,39.60166323101573,1.1827550527560775,1.3377115204513608,36.440064792515386,16.980388403646863
649,59,253,USIN01,USIN01003,11252.414784282884,12.416143317093363,3.9205066084894593,41.35515501061912,1.2960413654316658,1.9402424851203768,34.39447709172675,17.093577438612616
641,59,250,USIN01,USIN01004,12641.596100972713,11.448061893215048,4.805834480245788,41.61743285816984,0.9619176693242126,2.053450486,34.94239906096894,15.618965444905154
642,59,250,USIN01,USIN01005,13476.686128078023,11.455530896045252,5.280546634,40.613173794193955,1.8208709693687748,2.341133502506437,34.821724973468655,15.122550126378442
643,59,250,USIN01,USIN01006,14239.668624603655,12.628776630217946,4.611569745739833,39.46786206898236,1.4630222760994702,1.5578224944219392,36.32179646873774,16.577926946018657
659,59,256,USIN01,USIN01007,12810.457495995282,13.805548801920892,4.772507156017441,40.08907527000574,1.457635593596256,1.0773450129507793,36.14735105720187,16.456085910227927
650,59,253,USIN01,USIN01009,8843.259774188742,13.545314111490374,3.6369448858204705,37.66626386433815,1.177699792749151,2.0237159430401883,36.48700911641371,19.008366397638337
651,59,253,USIN01,USIN01010,10852.039385410522,13.359199095839198,3.9571583307156915,38.4069693,1.4683069552739387,1.2603468722893663,36.22697689,18.68024165552459
644,59,251,USIN01,USIN01011,12425.043816869746,11.758640525271623,5.458073170167475,39.060459406790756,1.4119516651103474,1.5518474954087182,35.881229499337124,16.636438763185588
645,59,251,USIN01,USIN01012,13669.618283213604,11.076478199734028,5.353325657725663,38.901635859446316,1.1367192629043947,1.8371148565466422,36.09492395895695,16.67628040442003
661,59,257,USIN01,USIN01013,13162.810126843582,12.733056815840396,4.6327178,38.03192778231981,1.4206986250154663,1.1145327943164944,36.74873013,18.051392871406026
662,59,257,USIN01,USIN01014,12613.83120607546,13.344070499815363,4.926632560122281,39.46145568586209,1.1450025693923742,0.9937387271008673,36.90405782080115,16.56911263672124
663,59,257,USIN01,USIN01015,17189.066186113523,11.348819081497815,6.0581876044244005,39.81665297,1.633174096691528,1.058384108111989,35.31599040822452,16.117610813179155
652,59,254,USIN01,USIN01016,11657.712505084439,12.100611340050827,4.160742160015269,38.79803552039055,1.5290124548003856,2.5474703228576265,35.047033143525766,17.91770639841038
653,59,254,USIN01,USIN01017,8333.649799859493,13.737787157059024,4.167975808245013,36.881136384644314,,1.2751857070422847,39.39340565524615,18.28229644482223
654,59,254,USIN01,USIN01018,11382.777946892842,11.388814414361917,5.857621002847202,38.585333008871785,1.5306231140738102,2.2089270995121097,36.38136236275505,15.436133411940036
646,59,252,USIN01,USIN01019,12113.614147836397,11.148599410688444,5.064749016118528,37.81131756450442,1.1177267901116226,1.3211400311559773,35.62738836,19.057678234945328
647,59,252,USIN01,USIN01020,10704.313109445979,10.472899744032189,5.770106005076335,38.673194441111775,1.267337489507781,1.7833068196022055,35.76581288316633,16.74024236153558
648,59,252,USIN01,USIN01021,10453.878172255361,10.218206324174192,4.763190415353236,37.44739735317472,1.5636236796812306,1.8484780993656345,35.50528457774164,18.87202587468353
664,59,258,USIN01,USIN01022,13843.558730429517,12.16157324070764,4.484912808723048,36.61522386812116,1.0659714190983793,0.9591271551726306,36.71326967680296,20.161495072081827
665,59,258,USIN01,USIN01023,12252.335158246397,11.733860472171212,4.3408841059806385,34.55327032895783,2.071788378921954,1.3425909326033407,38.02147087285632,19.66999538
666,59,258,USIN01,USIN01024,12251.26466,11.108975296146358,4.739815221848228,36.04539120305325,1.1295530363498314,0.915765378,37.8616596,19.30781555978083
655,59,255,USIN01,USIN01025,10828.970052554794,11.682733468442443,4.757566423919477,38.102638434922916,1.0333739350030549,2.3073943554753056,34.776146356804276,19.022880493874954
660,59,256,USIN01,USIN01008,16719.397300718036,14.985667498163924,3.726515222521815,38.65133194213781,1.259886226673295,1.0495797003054368,37.176126707763345,18.1365602
656,59,255,USIN01,USIN01026,10414.103466284967,11.39941616726395,4.332763083938592,35.557395139805756,,1.9423348867586347,38.67670736087829,19.49079952861873
657,59,255,USIN01,USIN01027,9558.291125565414,11.204772030933182,3.755608849308546,35.75672760635457,0.7285031634420498,1.5610893683598375,37.16336213,21.034708886014894
1448,101,440,USOR03,USOR03001,11868.757091439691,12.938382541073919,2.4564140488497492,40.155775541059796,,3.8320956781943285,38.92663821441264,14.62907651748348
1440,101,438,USOR03,USOR03002,15331.933237121355,11.600954334366245,2.8624213272814103,39.791827829894395,0.9900950655446057,4.7871470123331505,38.60508621598303,12.963422548963422
1444,101,439,USOR03,USOR03003,15664.847725381975,10.665004048514227,3.0055532983453417,41.23694863528005,1.4017067234989293,3.4555990467625977,39.09748171410086,11.802710582012226
1449,101,440,USOR03,USOR03004,15808.306972033213,10.70464611984647,2.820938118784614,39.59587234447923,0.9712825056690862,5.256060659354894,37.99347423653997,13.362372135172206
1441,101,438,USOR03,USOR03005,16965.098764991795,11.358266787848143,2.7380223167440594,39.13100291608834,1.087136286127126,5.843074043134778,38.20889494929481,12.991869488610885
1445,101,439,USOR03,USOR03006,15212.918228269315,10.928941098001964,3.0765927486680598,41.52230734641741,1.428090061466925,3.132981893,38.146477743281764,12.693550207414917
1442,101,438,USOR03,USOR03007,16329.457692156417,11.496454220178954,2.799463911478705,41.41987516197679,1.0876795598419713,4.226863308181762,37.766751415651754,12.699366642869014
1450,101,440,USOR03,USOR03008,11651.708466434406,11.896367594785547,2.483425132968074,39.20520651054197,,3.8151633735309054,39.46243045508243,15.033774527876622
1446,101,439,USOR03,USOR03009,12891.60251639939,11.882001238961195,2.516563670841493,42.79299741929933,1.1536988463489273,2.9363216305037763,37.33897436776185,13.261444065244625
1443,101,438,USOR03,USOR03010,14535.960307887268,11.72556146308735,2.948264283697618,40.760780962230264,1.325431695098143,3.0445586548761376,38.48937195833337,13.431592445764464
1451,101,440,USOR03,USOR03011,13283.39255520627,11.472177586033226,2.4600051074724965,39.82250418810213,1.0284458572634894,5.160434356826146,38.03581939162319,13.49279109871255
1447,101,439,USOR03,USOR03012,18272.29822252247,10.009754767915975,3.002133529162437,41.71321151080472,1.8552844565272086,4.455177265035618,37.46077895593807,11.513414282531949
1054,79,347,USMT01,USMT01005,7514.999081027777,13.51641263203458,2.062803725205573,30.78914766678799,,1.1388061327075913,39.089307467751965,26.919935007546894
1051,79,346,USMT01,USMT01006,8582.313313555955,11.879540041370904,3.046804956460732,37.21022450165044,,1.2563110621445783,35.7572668,22.729392682536655
1057,79,348,USMT01,USMT01007,7927.405380935192,10.595625566986104,2.7833225376865536,35.36870603300583,,1.618397117245536,35.49995181597921,24.729622496082882
1060,79,349,USMT01,USMT01008,7271.8048011869805,11.208221799589172,2.473063265652387,36.52179072990335,1.0048442510677096,1.2754816114514707,36.11710486718096,22.607715274744113
1055,79,347,USMT01,USMT01011,7933.209636834356,14.41548683979642,1.9854566901027806,35.09642527866688,,1.201405424164995,40.96412971461931,20.752582892446032
1052,79,346,USMT01,USMT01012,7833.6116612926935,11.322189688995955,3.4748690105992837,37.09855891576754,,2.0745436696480803,34.51275444181319,22.839273962171905
1058,79,348,USMT01,USMT01015,7674.469728581991,13.872153375251303,1.952884477096777,33.936642175028176,,3.042073635338491,40.04787328,21.020526437228654
1061,79,349,USMT01,USMT01016,5374.869828949137,18.667472091406438,,35.112145669078906,2.3663927443066677,1.2417620435309389,38.773560319151386,22.50613922393212
1056,79,347,USMT01,USMT01019,6424.600497115221,14.656722754680024,,35.23051668946983,2.203407931396641,0.9523242443387461,36.96560685,24.648144287149368
1053,79,346,USMT01,USMT01020,6641.773809350389,15.267840664359282,,34.651140149998255,3.5208014186167906,,37.25261278968622,24.57544564169873
1059,79,348,USMT01,USMT01023,6219.864747958161,16.344017655032367,,33.33342287787369,3.1752777315257186,,39.98072783485918,23.51057155574141
1062,79,349,USMT01,USMT01024,6634.633069190864,17.42681467,,34.56770155673919,1.5948995502987635,,42.778941002126366,21.058457890835683
1073,80,353,USMT02,USMT02001,8552.985416101174,20.802666471200048,,39.05688792577642,,,43.33817060722243,17.60494146700113
1077,80,354,USMT02,USMT02003,7229.2943426186475,20.32588068514923,,38.91213509931852,0.9009489730259403,,42.31277618111225,17.87413974654329
1074,80,353,USMT02,USMT02007,7332.748924442021,21.570697940810398,,40.81192854,,,40.77359276145512,18.414478701850488
1078,80,354,USMT02,USMT02008,7797.261459431431,22.031997749724653,,40.83813049032792,,,41.13930336726702,18.022566142405076
1079,80,354,USMT02,USMT02009,7516.668589377951,21.127750613955378,,40.54669922129447,,,40.52096993,18.93233085352994
1075,80,353,USMT02,USMT02011,7599.968438,18.282578121550657,1.061688858975877,39.41563018588564,,1.7150389230506922,40.25691957737347,17.550722454714325
1076,80,353,USMT02,USMT02014,8980.558491,19.877421326963994,0.8970656618203712,40.54009349601979,,1.0526061949122836,41.03587592537344,16.47435872187411
1154,84,376,USND01,USND01001,11974.486110677059,14.384324632373085,1.9693707049279214,36.80914389602519,1.6723298520639653,1.3486807072782747,39.62050562346559,18.579969216239057
1145,84,375,USND01,USND01002,10736.587751516925,16.29458185061235,1.7865701751266447,37.293226298224766,2.112229674136377,1.1973398399752107,39.710450864651364,17.900183147885624
1142,84,374,USND01,USND01003,15195.75745193057,13.130381279970521,2.4951032167518044,37.13446980270182,3.613434362474436,2.187314889775725,37.71689222,16.85278550408303
1139,84,373,USND01,USND01004,11832.934663430284,14.945721191618262,2.206021790095359,38.287412121970355,2.062783053403896,1.313676545246775,38.24988273402952,17.880223755254086
1163,84,377,USND01,USND01005,11586.139355005173,12.811234167458307,2.758323370605028,37.03314367508958,1.7930756271355681,1.6121819228685121,37.89924719119458,18.90402821310673
1172,84,378,USND01,USND01006,13763.335629753134,12.399225440487228,2.8633475267437194,37.21386544350269,1.775559307390609,2.0911892241329517,37.59521547888485,18.460823019345163
1187,84,380,USND01,USND01007,9821.904625738098,12.025354450192719,2.396276404354891,35.75435342192765,1.152590336431074,1.6900910016443726,39.22862073026115,19.77806810538088
1181,84,379,USND01,USND01008,8634.318400998678,12.871043295990429,2.168860522705064,34.861308119632824,0.8048839678739007,1.7511593069391287,39.262786091998315,21.15100199085078
1188,84,380,USND01,USND01009,9756.881172965086,12.572380373163172,2.4588077942316984,35.67999664238147,0.9169470483970481,1.3938935303842932,39.45307284651904,20.097282138086456
1182,84,379,USND01,USND01010,9366.559892,12.49165989473552,2.3453733338973746,35.661555405447785,,1.2442588471021792,40.13688746910735,20.611924944445306
1155,84,376,USND01,USND01011,13355.530172996145,12.674998845830853,3.085671856016634,38.05850668266815,1.9712575205842369,2.0772080756539917,37.711105975369755,17.096249889707227
1146,84,375,USND01,USND01012,9564.290850722542,13.868817003570369,2.539936936769011,37.87611652231424,1.4080167640778307,1.8081739475187437,37.51956565828847,18.84819017103171
1173,84,378,USND01,USND01013,11176.392474388143,13.08589364480757,2.7811039827214223,36.3955799,1.6548807804083352,2.874630188240793,38.492535133357016,17.801270017419732
1164,84,377,USND01,USND01014,10219.028746147504,13.066067309134105,2.822314489624569,37.12228257,1.8081698140150388,2.337405976587302,37.92031428560074,17.989512868186964
1140,84,373,USND01,USND01015,14746.32283625814,13.621305785536684,2.724271351579866,38.364148939077175,1.7459132349640412,1.972471917001488,37.90719678097952,17.28599777639791
1143,84,374,USND01,USND01016,16789.552759994105,12.610855465337469,3.0539918880216166,37.83906581895405,1.8235454290312518,2.4966053233672367,38.686760575688005,16.100030964937844
1174,84,378,USND01,USND01017,13263.626297763847,13.420995074493092,2.772136700694855,37.81266429,1.6171252094614508,2.270343218132085,38.68025257978428,16.84747799839411
1165,84,377,USND01,USND01018,11709.182357578455,13.031070247954062,2.65149884,37.277199435915755,1.7012555879919236,1.7219447350799466,38.81932037,17.828781028961508
1144,84,374,USND01,USND01902,17593.925385636085,13.203290472739118,3.0464985613502553,39.06022303,2.072432436189081,2.812983022583551,37.634191026998046,15.37367192780596
1141,84,373,USND01,USND01903,17191.851414570705,13.302978505897809,2.7114430861402368,37.654276596835246,1.404658483021542,4.140118777921146,38.66416447348179,15.425338582600023
1189,84,380,USND01,USND01021,11391.020450903889,12.953078409344286,2.590074418689595,37.64413144297644,1.6208847180801604,1.490957068785413,38.69097823800542,17.96297411346298
1183,84,379,USND01,USND01022,10536.333770055993,12.761516302920286,2.6766074771897492,36.17252622364288,1.5676731364310725,2.1201362300466577,38.93659490052591,18.52646203216373
1156,84,376,USND01,USND01023,17849.43910699415,10.71315759,2.9671398690941624,32.47782299854687,3.532990799089662,10.365166639226834,36.892415511439474,13.764464182602996
1147,84,375,USND01,USND01024,13576.727762902352,12.577031941565469,3.344149187836199,38.30576969300809,1.7589429107345034,2.337364713419686,38.100646674975735,16.15312682002579
1112,83,364,USNC03,USNC03004,16120.750380486501,13.638413928734273,3.598406951737867,40.93831713463307,1.2905706915849602,2.743000331054543,36.34907920918657,15.080625681803003
1100,83,360,USNC03,USNC03006,10897.422364454547,13.214225448656753,3.603233289015451,36.35339326547372,1.5802194020321434,2.1868102190424437,37.740987652044886,18.535356172391353
1101,83,360,USNC03,USNC03012,9780.264732,12.57828269644953,4.035112213289236,36.04593388448435,1.368183522363618,1.769247063908697,38.67552916654996,18.10599414940414
1113,83,364,USNC03,USNC03016,13918.776186179803,12.146300571939339,4.454657679665522,40.68276053452204,0.7125086171374817,2.130587508542696,36.122192879496154,15.897292780636105
1114,83,364,USNC03,USNC03031,22148.000529070723,11.789319746596943,4.135567156385932,40.435771520298424,1.3091239729885857,2.580682635069372,35.27028930106541,16.268565414192274
1102,83,360,USNC03,USNC03037,7824.6813468372675,16.103145454113204,2.4259256360683255,34.29606467683523,,1.2090476144615443,41.30514549839029,20.76381657424462
1229,85,384,USND02,USND02001,13362.429196728812,10.75980561599906,3.3283101063804317,41.09600402315497,1.4164065905472079,2.4002999165846988,34.564723876122486,17.19425549
1253,85,386,USND02,USND02002,11635.148165534112,15.366076601953134,2.353420237669524,39.18739561040132,1.779561456272162,1.4258575304274184,39.06248508163923,16.19128008359034
1241,85,385,USND02,USND02003,12994.10921979579,15.232563639657654,2.4818666660014226,39.470513976423376,1.6300951626526645,1.8115846934034572,37.67474343693429,16.93119606458477
1193,85,381,USND02,USND02004,13929.631849301388,9.708710441625632,3.867180481081631,41.61578585850011,1.287279494999601,2.5817189266464746,35.05325769219256,15.594777546579625
1217,85,383,USND02,USND02005,10390.090009080484,11.218238160894341,3.4661705273697376,39.787969304547886,0.8723788582751042,1.661835184,36.76864506261181,17.443001063508774
1205,85,382,USND02,USND02006,13293.29929335057,10.526384993326621,4.304476457304788,39.20777802438312,1.4655345017932773,1.5897995802229306,35.495993009738086,17.93641842655781
1230,85,384,USND02,USND02007,14383.254863343202,13.13312588925629,2.625365502712292,41.11272292254557,1.3837540707752185,2.3829983923271087,36.08273435,16.412424762060105
1242,85,385,USND02,USND02008,14108.549714036708,9.248898158599873,3.973088983372298,40.67104056808678,2.4029422464218455,1.478142899670808,31.979466170611698,19.495319131836563
843,67,285,USMI02,USMI02001,4535.222487456387,19.69796502098319,,39.65711960821766,2.7401980492768665,,43.23114193368699,14.371540408818479
844,67,285,USMI02,USMI02002,2772.5825550022314,17.76799127923294,,39.09248615091605,,,45.67161273914275,15.235901109941206
845,67,285,USMI02,USMI02003,3186.956136533903,20.50657385979892,,40.722981779949336,,,44.058520823998926,15.218497396051754
846,67,285,USMI02,USMI02004,3458.9866520947803,18.813990467482434,,38.34066627559797,,,44.11671792236149,17.542615802040544
851,67,287,USMI02,USMI02005,5634.952802283897,20.351480774183102,,39.80181973937965,3.8301242405053024,0.8663709388802071,40.98003361113735,14.521651470097492
852,67,287,USMI02,USMI02006,4471.972816903708,19.680297044163655,,39.66326220149693,2.423125101929583,,41.78243112620838,16.131181570365122
853,67,287,USMI02,USMI02007,4014.346456838873,18.75886354332099,,38.771562752865336,2.705924442549455,,43.306204963878905,15.216307840706307
854,67,287,USMI02,USMI02008,4089.9540362935195,21.23131158281703,,32.0895208,5.055474720187146,,46.30756933109611,16.547435147263638
847,67,286,USMI02,USMI02009,6006.223650586586,21.703223748099536,,40.82568203066117,2.6773881193752676,1.208184610787933,41.962458513722986,13.326286725452656
848,67,286,USMI02,USMI02010,4245.961791,21.933280391097625,,40.85120216585979,4.201717440450567,,40.70411361732736,14.242966776362294
849,67,286,USMI02,USMI02011,4103.049742533424,20.70371995781665,,38.23221558228983,2.806539798970086,,43.72118015772714,15.240064461012937
850,67,286,USMI02,USMI02012,4065.8177190994898,20.61944730305494,,39.616698276040346,4.1382561279723875,,41.89906039691447,14.345985199072794
855,67,288,USMI02,USMI02013,5428.489819065657,18.17873585,,37.722870533772806,3.811503855832677,,42.500567084605564,15.96505852578895
856,67,288,USMI02,USMI02014,4566.047832,16.609706037036524,,34.26265682314345,4.5109272864694105,,45.823829457209854,15.402586433177284
857,67,288,USMI02,USMI02015,5611.453909817164,18.30387166763771,,36.205460671001795,4.025092163227929,0.946033978,42.72065532370852,16.102757864364083
858,67,288,USMI02,USMI02016,5051.81955,18.88539183270161,,36.027263048046585,4.3550642689949814,,43.807299687575664,15.81037299538278
863,67,290,USMI02,USMI02017,8041.245247656052,18.235234448906247,,37.26558708724537,4.021708070053939,1.2242233324636311,43.28772642975612,14.200755080480945
864,67,290,USMI02,USMI02018,7678.449202247954,17.671019378268706,,35.387059806748326,6.5012198482127905,1.1804130090581242,41.610145641134935,15.321161694845832
865,67,290,USMI02,USMI02019,4922.316536208103,20.293975727099685,,31.051497768901942,4.661309370067667,1.114399382149058,45.83773497518802,17.33505850369331
866,67,290,USMI02,USMI02020,6563.256760088043,18.723523038819124,,36.91980913609942,4.029846449855422,0.9569886208997506,42.08485657983817,16.008499213307246
859,67,289,USMI02,USMI02021,7047.244379897099,19.082964254507104,,37.276590771333346,3.8353678284803148,,43.56131411176936,15.326727288416976
860,67,289,USMI02,USMI02022,3707.8386164311755,21.176661077631238,,38.57957488664927,,,45.420006319971115,16.00041879337962
861,67,289,USMI02,USMI02023,5945.824131690666,18.47167992,,36.64968356262664,2.4797004255342667,0.9509181211213142,44.319724811237904,15.599973079479863
862,67,289,USMI02,USMI02024,5758.249081020824,18.76570990512232,,36.92876529901495,2.3774776662679296,0.9458012523417286,43.09014295476637,16.65781282760902
1603,115,475,USTX05,USTX05001,5891.266258765474,15.256903933568783,,31.218408484141477,2.091489679793246,0.9698345723558894,37.75868459186458,27.96158267184479
1607,115,476,USTX05,USTX05002,4305.849184719601,15.069625310286472,,31.64240557875933,2.2141976814367306,,37.70294706785121,28.44044967195271
1604,115,475,USTX05,USTX05003,6487.2696240625555,15.09988048448401,,31.530972246927593,2.567612427107308,1.317186717353145,38.25107328758166,26.333155321030283
1608,115,476,USTX05,USTX05004,6604.47047,14.813387511855261,,31.264700227858835,2.6066420210114156,1.3057634242708678,39.177139816370754,25.64575451048813
1609,115,476,USTX05,USTX05005,6758.115620258189,15.396166942293078,,31.041747693911812,2.4008562188868496,1.2727050909146287,38.964418446838536,26.320272549448173
1605,115,475,USTX05,USTX05006,5968.133283460016,15.03682767874985,,31.394510451617496,2.732599830353328,1.1255657301721222,38.78427228381521,25.963051704041835
1606,115,475,USTX05,USTX05007,8844.837173152528,12.61557365423454,,38.094022838361816,4.3980746892908575,1.037372653345367,30.90604753388678,25.56448228511518
1610,115,476,USTX05,USTX05008,6053.977435348525,14.560644709327782,,30.59984845455372,3.9184161302429454,1.452180031603722,37.97357583189705,26.05597955170256
1599,115,474,USTX05,USTX05009,7901.880617,15.08019939507649,,29.420399762594137,5.487732137394555,1.145968492320128,36.75827298,27.18762662423178
1595,115,473,USTX05,USTX05010,6621.012754460934,13.954041525397885,,29.305455484101742,4.316959677162317,1.2431042406915422,38.53377324199596,26.600707356048435
1596,115,473,USTX05,USTX05011,6549.067125141756,14.497223296937541,,29.148003167393366,4.137650055,1.1246100228791558,37.64683593920837,27.94290081562335
1600,115,474,USTX05,USTX05012,7939.637717954069,14.718822813649036,,29.821436832730186,2.3134900594919277,1.1500525625662266,38.003203810971605,28.71181673424005
1601,115,474,USTX05,USTX05013,7657.723379915954,15.027247067435482,,29.196034907586196,3.8028423978868853,1.0247703509192823,37.43200727917705,28.544345064430573
1597,115,473,USTX05,USTX05014,6716.332730266276,14.524366879112863,,28.888752090738958,3.9021246028160506,1.1164496814568028,37.87207127989115,28.220602345097035
1602,115,474,USTX05,USTX05015,7354.312297,15.409935908965721,,28.54962906850631,3.555551647588267,1.1125259399795842,36.86012009947963,29.92217324
1598,115,473,USTX05,USTX05016,6739.052160836146,14.735370003596682,,29.96433021360644,4.197601945578347,1.0168790490655555,37.55485322213961,27.266335569610032
1611,115,477,USTX05,USTX05017,4293.953262063448,12.864413998789797,,30.989812933109345,4.555447781349838,1.087175696368088,35.69772366771231,27.669839921460408
1612,115,477,USTX05,USTX05018,5015.594255170447,13.769523589552199,,30.55882880785395,4.048022604458629,1.2214451554824455,35.055239955710626,29.11646347649435
1615,115,478,USTX05,USTX05019,4040.6856289959783,13.144453313539126,,28.804994388438008,4.254332027,1.2020473419343578,35.87585077563378,29.862775467033703
1616,115,478,USTX05,USTX05020,4258.748482154897,12.944699744544984,,31.555854944897984,3.0661683667900905,1.3884339084279471,38.48183690082232,25.507705879061668
1613,115,477,USTX05,USTX05021,5085.175280065367,13.613849548438525,,30.832996329127187,2.718430882765539,1.2019528484750954,36.705634796631834,28.54098514300034
1614,115,477,USTX05,USTX05022,4382.772384638391,14.117432321774348,,29.60373417740339,3.9741154776618473,1.1309892185679584,34.81122663999921,30.479934486367604
1617,115,478,USTX05,USTX05023,3934.5373571330383,12.820625117263994,,28.32593861289977,4.308596482111829,1.1556666999105951,37.12655875194678,29.083239453131025
1618,115,478,USTX05,USTX05024,3873.488397376698,12.940945637435055,,30.547253539639993,2.763421721404311,1.214273336074339,38.17880813,27.296243277477572
1623,115,480,USTX05,USTX05025,3363.557102,14.509893985582464,,34.11288169027693,2.7577678386985256,,36.92084334787651,26.20850712314803
1619,115,479,USTX05,USTX05026,3881.683695951498,14.199843915163509,,33.35276972089167,4.280630149239958,,36.638770546738414,25.72782958312997
1620,115,479,USTX05,USTX05027,3658.5036997493194,14.734063189033424,,34.355816646638196,2.8780195303541998,,36.556973109377424,26.209190713630186
1624,115,480,USTX05,USTX05028,4566.205848327235,14.639952524487756,,34.926285273031915,2.794407223817979,1.3447777921747555,37.164007389606155,23.770522321369192
1625,115,480,USTX05,USTX05029,4206.119710579285,15.076051848834846,,34.46860330924968,4.508338316089035,,35.75535966,25.26769871
1621,115,479,USTX05,USTX05030,3854.8547354038474,14.891884780689825,,34.321424128202814,4.473722507290526,,35.58913907290222,25.615714291604444
1626,115,480,USTX05,USTX05031,3414.928557836604,15.648946513668205,,34.43976204715414,2.669978204,,35.95254866080086,26.93771109
1622,115,479,USTX05,USTX05032,4464.058900942791,15.085425602222328,,35.91018515249437,2.803951665373987,,36.32631591483336,24.959547267298277
1395,97,421,USOH03,USOH03001,19617.07371920762,12.583836997692753,3.6522246925100768,41.95354984864209,1.5020092063388373,1.6841838072672017,33.82915655,17.378875893887393
1396,97,421,USOH03,USOH03002,21850.624769447393,11.54598324392273,3.8652640514621677,42.40655972546905,2.300786506408312,2.4613523939386295,32.416888417912574,16.549148904809247
1397,97,421,USOH03,USOH03003,18453.72967707691,12.790519522838768,3.2364385408532814,40.46076189697332,3.2309097507854125,2.0831335555728407,33.85630849156745,17.132447764247697
1324,93,401,USNY02,USNY02006,5924.922097742215,17.21406842677236,,34.20949770974175,,,44.14893959074878,21.641562699509468
1325,93,401,USNY02,USNY02007,6683.1220403239395,16.162391223387328,,35.921624750888306,2.640240309549467,,40.713530703836675,20.724604235725554
1326,93,401,USNY02,USNY02008,5518.783197112779,18.053203155672204,,37.06437027206532,,,42.06625783998771,20.869371887946983
1336,94,405,USNY03,USNY03001,6322.580903417497,17.912505324580746,,37.30645353169244,1.317841911058845,,38.87856420848281,22.497140348765907
1337,94,405,USNY03,USNY03002,10245.635117390011,18.78530395813546,,35.24424136,2.2943813063448393,,38.016378136802885,24.444999193904764
1338,94,405,USNY03,USNY03003,8417.999644022591,18.785467791871852,,37.58136109939801,1.3521752112152134,,36.30221818537638,24.764245504010393
1339,94,405,USNY03,USNY03004,8471.652768,19.07103999160728,,28.52286651083073,4.600097911,,39.755204643484454,27.121830935105088
1332,94,404,USNY03,USNY03005,14685.14163,18.86837832680251,0.8355666015022881,31.841543739302978,3.877951390979416,,37.66876124210627,25.77617702610905
1333,94,404,USNY03,USNY03006,17587.11238729167,17.38444804498698,1.5882985582055378,36.38779575264145,1.3506342156842905,0.5273872589984725,35.129598736000055,25.01628548
1334,94,404,USNY03,USNY03007,15569.076378203688,14.947114819164877,1.5865251934515037,34.397970137007086,2.6332205869729437,0.4085877237665839,36.10472706885357,24.868969289948318
1335,94,404,USNY03,USNY03008,15766.575926311263,15.202429157466963,2.0225063348268493,35.88098993274024,1.778635585466295,0.5760453940027264,38.217719964323834,21.524102788640043
1353,95,409,USNY04,USNY04001,25053.64929523276,8.814307031125644,4.1307115572626385,43.65005917417544,1.8193984848328435,2.1764410138782266,30.46635976720577,17.757030002645074
1354,95,409,USNY04,USNY04002,27066.55946980468,9.244171552225719,4.993803759598706,43.62921110843872,1.9882706557889613,1.863182461832761,31.71376389,15.811768122848337
1355,95,409,USNY04,USNY04003,20780.491800402542,10.019127112815607,4.408772044773999,39.00344959632675,1.4825926968986431,1.941509061013847,33.78924909988012,19.37442750110663
1356,95,409,USNY04,USNY04004,26434.93258710946,8.449561393668688,4.961851257401507,37.75130859924555,3.364728336712134,4.445062563563726,32.08054846290699,17.396500780170097
1357,95,409,USNY04,USNY04005,18744.99606695754,10.170502511608563,4.176245723685977,33.840986174884115,2.285420133264871,1.4747252484667266,35.62771174666765,22.594910973030654
1358,95,409,USNY04,USNY04006,22073.04250836037,9.619206961,4.537234511066143,39.17117036847689,2.155327777017243,1.6313486702413493,33.33341722929679,19.171501443901587
1359,95,410,USNY04,USNY04007,20221.38695649062,9.574203393836282,4.446824615147362,37.22584889798103,1.2589417828924923,2.293573020638189,34.07596700444575,20.69884467889518
1360,95,410,USNY04,USNY04008,19184.963463483382,10.105855029306912,3.843118274442102,36.62573210463265,1.3064002541772317,1.1600875375851192,35.01200053558179,22.052661293581103
1361,95,410,USNY04,USNY04009,14953.670041507994,11.0088586,3.354558930190715,37.78593202163081,1.1385775305677097,1.3200362600349849,34.28095947813089,22.119935779444898
1362,95,410,USNY04,USNY04010,19544.39567696848,9.044496348303507,3.765134511859277,34.24015932014332,6.458114932310578,1.6867406795000515,32.85957139448365,20.99027916170313
1363,95,410,USNY04,USNY04011,19959.52586954296,10.228883435209204,3.7724746862142995,37.32740523635105,0.6659032819499657,1.2851621635514625,34.35932483972294,22.589729792210274
1364,95,410,USNY04,USNY04012,15153.088901936988,10.775523990703393,3.3857761040889947,36.35330957,0.5769509851197805,0.8546465834825722,34.80165742,24.027659344344755
1341,95,407,USNY04,USNY04013,17332.44342525209,9.907380221,4.485366273390158,40.627895041057094,0.7372295998767096,1.6745224543311614,32.69159113124264,19.78339550010224
1342,95,407,USNY04,USNY04014,18036.41073999087,9.643127548692542,4.339811345640367,39.323620813429706,0.8754212089399851,1.8805005555418215,33.98364237326908,19.597003703179045
1343,95,407,USNY04,USNY04015,18899.327448041815,8.488687064430696,4.698045734575851,39.812218752209674,2.3077940584040366,2.0662455203871186,33.89684805706428,17.218847877359035
1344,95,407,USNY04,USNY04016,20625.41518614408,8.703914680614629,4.038621783975476,40.02927535781019,2.577027803572245,2.1679850760271298,33.38937122462924,17.797718753985713
1345,95,407,USNY04,USNY04017,14364.340825645764,10.446454116560595,3.8027091162451256,38.239210478654925,1.2673063315257935,1.2938276235667088,34.79209910477212,20.604847345235324
1346,95,407,USNY04,USNY04018,16444.781954523074,9.590141090082735,3.7172673023652676,37.63134882053867,1.2157425223308032,1.3843511791804195,34.10436083553765,21.94692934
1347,95,408,USNY04,USNY04019,14971.41881,10.116344742947705,3.6630091556837767,41.05956335932708,1.1433340957585074,1.0815318115406896,32.85812880986546,20.194432767824484
1348,95,408,USNY04,USNY04020,13127.09502499568,10.845799226212602,3.2383692740376446,37.37414419648145,1.6572344093699696,0.922647174,34.74680253543292,22.060802410561365
1349,95,408,USNY04,USNY04021,13165.137656693876,10.994721238226896,3.270725613269961,39.52907168,0.8819159688783589,0.9353805601067827,34.21954942860262,21.16335674423448
1350,95,408,USNY04,USNY04022,16216.929270337494,10.004889504027016,3.872850953,37.87965125378207,2.6151408592284526,1.8818941466800012,33.744394,20.006068788943235
1351,95,408,USNY04,USNY04023,11820.168165491614,10.771268709286096,2.9789206952163427,36.40999097475776,0.7786352127752301,0.9541758537240653,36.25173547948068,22.626541784045916
1352,95,408,USNY04,USNY04024,13161.768966669819,10.887618723327202,3.181921815,36.42237378036085,1.2247637266856288,1.2428041128578058,35.07880749626618,22.849329069213624
1368,96,412,USOH02,USOH02001,25188.75667627894,14.908808061057275,2.8985207958042816,37.850073834835506,1.7879809560341162,1.3511543731108888,36.85861201712711,19.253658023088086
1369,96,412,USOH02,USOH02002,23216.702620915723,15.305410676915098,2.9784227097475684,37.93463258,1.1124984562664892,1.4337524356706086,37.54491502259232,18.995778796184023
1370,96,412,USOH02,USOH02003,21804.28821961946,16.00634642882113,2.7109547847839077,36.42177645655573,1.6491870817457526,1.353943284220668,38.196843662577095,19.667294730116843
1371,96,413,USOH02,USOH02004,19977.644710236957,12.961333189493859,3.0897105856564706,35.633702814605755,2.009308795644271,1.7062437247427533,36.67284092396748,20.888193155383274
1372,96,413,USOH02,USOH02005,23341.650404205615,12.619133326548404,3.5228726591754222,37.03287863437976,1.8125634231948478,1.6786446206413452,36.29240689832062,19.66063376
1373,96,413,USOH02,USOH02006,19229.43247740839,12.569053814799826,3.1822155790339988,35.96034835430749,1.4753974289012335,1.9260384644611892,36.404870212682575,21.051129960613505
1365,96,411,USOH02,USOH02007,21463.026462606344,13.515117483770867,3.0702171345511666,37.02605547633744,1.6041829743071043,1.7351045154783065,37.22535301,19.33908689260348
1366,96,411,USOH02,USOH02008,22269.96535727243,13.279795204868252,2.9981800593374097,37.07178264275308,1.777818981618707,2.5500125325892506,38.13908750890972,17.463118274791828
1367,96,411,USOH02,USOH02009,19041.180210474726,14.98450336529839,2.20833235,37.12544065310816,1.518505088746451,1.7894999633784223,37.716443809264234,19.641778135667188
1377,96,415,USOH02,USOH02010,32814.36629412995,13.28617958442815,3.3874392948858536,36.218532998039215,3.7742299274067723,2.0251967739451153,34.89514882283556,19.699452182887484
1378,96,415,USOH02,USOH02011,31527.656002122105,15.207078969382936,3.3673234806441683,38.35514822,2.3073859400479426,1.4401373587251396,35.74615958673474,18.78384541
1379,96,415,USOH02,USOH02012,31337.274069763193,14.522545318783235,3.6755475087913347,38.24161270428824,1.963663545378293,1.7814528754984515,35.25931311713912,19.078410248904568
1380,96,416,USOH02,USOH02013,20751.81671546565,13.226860915683936,3.033307224739767,35.03014129993875,1.9381663494827155,1.2020769023452402,37.02026293279872,21.776045290694793
1381,96,416,USOH02,USOH02014,27761.90350584497,13.85219068426724,3.4784016644663223,36.62977503121832,3.168485644168276,1.180753148,36.106575372147354,19.436009139579774
1382,96,416,USOH02,USOH02015,27074.060086875037,13.13400043119101,3.765344776334322,37.73637799002862,1.8279567796210594,1.5292532304423345,36.728944776913266,18.412122446660387
1374,96,414,USOH02,USOH02016,19393.53824675666,17.439252789769952,2.693773371952242,36.07226482266416,1.5369222371418343,1.0772452421722332,39.74357763474558,18.87621669132395
1375,96,414,USOH02,USOH02017,28663.27785287071,14.773240661101324,3.3689486442871073,37.10606027466945,1.8947607195232123,1.5741831332791298,38.831092955887314,17.224954272353795
1376,96,414,USOH02,USOH02018,23936.133719014913,16.883086758742397,2.641275821566916,35.22698304007524,1.8193144146211728,1.0531828474304215,41.01600399500174,18.24323988130451
1386,96,418,USOH02,USOH02019,17571.988980795562,14.460420634015186,2.4358111866581456,36.415262550584735,1.5410592623806416,0.9892816759355388,35.74334921943855,22.875236105002397
1387,96,418,USOH02,USOH02020,15775.563621377592,15.07857085140461,2.572079203803832,33.54891796468551,1.303075777650591,1.518770066,37.92486071105514,23.13229627678668
1388,96,418,USOH02,USOH02021,17527.011057978023,14.607160193317274,2.8664289029029097,34.463898931374835,1.8081575560181606,1.5943400549495095,36.70114447168024,22.566030083074345
1390,96,419,USOH02,USOH02023,11520.930596127933,14.963121798901978,2.0863975820840883,36.94071910907438,,0.8989091755246879,36.57730895082119,23.496665182495654
1391,96,419,USOH02,USOH02024,11653.843062207285,14.017567723577269,2.065893177327646,35.63632894159836,1.9115195228180692,1.3421667744667034,35.79014613160059,23.25394545218863
1383,96,417,USOH02,USOH02025,13998.313317380127,15.867425702556213,1.9573561151624626,37.90785079978328,0.4374329037968979,0.7401102568855229,36.071387612382104,22.885862311989733
1384,96,417,USOH02,USOH02026,18804.103653726932,12.869256240776249,3.631398935622074,37.144458817329195,0.5397162835198981,2.118341282,34.96659500022055,21.59948968147431
1385,96,417,USOH02,USOH02027,19089.414055272693,13.776937627290318,3.8445767723980553,38.737761060491586,0.44848375291645337,1.5575044505213163,35.59110237,19.82057159661899
238,33,123,MXSO03,MXSO03001,8083.956097250581,11.130258699542319,4.812491394955627,37.21972041848222,,2.1138759936972322,36.31839087283951,19.53552132002542
250,33,129,MXSO03,MXSO03002,14148.21801420121,8.974723866,5.939349785346635,38.39213342864982,,5.168003061,34.83532686306942,15.665186861742065
256,33,132,MXSO03,MXSO03005,18165.30789580648,9.656380968620843,6.5257245444201235,37.17607636336851,0.4654170262372976,6.655535198828978,34.15485844332579,15.022388423819303
260,33,134,MXSO03,MXSO03007,23936.609102883078,9.976995051063028,5.535679012693685,37.19874476,0.6173656122443942,4.5127877000861325,36.02361668205939,16.111806237271203
239,33,123,MXSO03,MXSO03015,8040.3461226252175,10.512598352482081,5.125770309,36.44408832795341,,3.0905315499463675,36.106357954800565,19.23325185791258
251,33,129,MXSO03,MXSO03016,9581.765096600484,9.814182453755583,6.0123510421374435,36.23354152,,4.397216194601076,35.550516137875285,17.806375102906703
257,33,132,MXSO03,MXSO03019,16065.461722248325,9.626662516,5.568436714131999,37.50344014270116,0.6566851652711867,4.682068465,35.445874191524105,16.143495320985988
261,33,134,MXSO03,MXSO03021,28737.76909290324,9.499080282,5.693824285199365,36.04181138472184,2.255866560759618,4.655329246,36.40411198726799,14.949056536310504
66,21,32,MXEM03,MXEM03008,17686.945957240543,15.508545985810676,3.958428658619977,34.90767921474768,1.9237672086921476,1.7154735113701882,40.62114944430365,16.873501962266356
64,21,31,MXEM03,MXEM03012,20674.972870040743,15.22482425490646,2.8334663246193106,34.18700374725061,0.8062118874495585,3.1644293507045393,42.78099758417684,16.22789110579915
67,21,32,MXEM03,MXEM03013,15466.239593171042,16.88700907608327,3.674855119986817,35.5884151,0.9637374886286846,1.7652709353853326,40.088255362251395,17.91946599405387
62,21,31,MXEM03,MXEM03002,18624.266444136076,15.500022317861065,2.625677009620225,34.66751046025732,0.8177211559338611,2.222218170849773,42.35420343158036,17.31266977175847
65,21,32,MXEM03,MXEM03003,19105.076380131788,16.13803690071556,3.264123770368367,35.442427201697086,0.8282097470358813,1.2450023390475946,41.34598546643079,17.87425147542027
63,21,31,MXEM03,MXEM03007,18752.925926468215,15.179344812264835,2.8406570360687415,33.98407001939113,0.8659718503950857,3.105812424306658,42.257982234665924,16.94550643517245
201,31,106,MXSO01,MXSO01001,9650.029751752403,9.130401961206704,5.196216655835529,36.442173228432274,0.6474304782944332,2.1162511582977195,36.837146858363205,18.760781620776847
204,31,109,MXSO01,MXSO01004,9548.156807890822,9.926600584,4.774437340084414,36.499208625868555,0.9231396774147435,2.9091071746044457,35.63942309597954,19.254684086048318
195,31,100,MXSO01,MXSO01007,15296.79863234809,9.006687525599991,5.4308009785828375,40.11831927941915,0.8691443155985652,2.489539990673581,35.25683696982169,15.835358465904179
199,31,104,MXSO01,MXSO01011,11856.76931910661,9.937319151384461,5.276609445986168,37.01604326514845,0.6544316927097851,3.294360758,36.36537392083226,17.39318091698823
200,31,105,MXSO01,MXSO01012,10909.311996486127,10.109312222685356,4.550428877,38.641654686645616,,2.5528093708640514,35.946936234299926,18.30817083168636
207,31,112,MXSO01,MXSO01013,12505.223331022838,10.481191211592797,5.0480748639603386,37.49412859762902,0.4857904244522742,1.929916344103158,36.83277385920907,18.209315910646144
1089,82,357,USNC02,USNC02001,10130.135272165997,14.763449652715915,3.797474937962695,34.859868910641886,0.7421944853173714,2.5778948262909624,37.69662638434754,20.325940455439557
1085,82,356,USNC02,USNC02002,17850.462645364423,10.601338251046407,5.248925907393423,37.19052186790731,2.0981633221945075,4.044654132673682,34.96952071542404,16.448214054407032
1093,82,358,USNC02,USNC02003,10939.787778899283,13.995117862629803,4.315900092666833,36.884796174747265,1.0686316218202436,2.508949149631678,36.561525990707175,18.660196970426796
1094,82,358,USNC02,USNC02004,15069.976179988578,12.422529419966622,5.095148626269172,38.86768397037262,1.2146629139547744,2.478678168799354,35.17305134303221,17.170774977571874
1086,82,356,USNC02,USNC02005,28183.264978521816,13.006183448006995,4.970005531587211,36.467523882050735,2.3119993284640397,2.0768651353592493,37.430599250591705,16.743006871947056
1090,82,357,USNC02,USNC02006,17790.536348510992,10.09643906877148,4.516014036292109,35.68561931582815,1.5513950737365783,5.611251030971726,36.28551828069603,16.350202262475406
1087,82,356,USNC02,USNC02007,17927.306673907453,10.358398777988718,5.358080912849662,36.106060906351445,2.012438693,3.2669047893933816,36.93895951401533,16.31755518458184
1091,82,357,USNC02,USNC02008,10202.461171304074,13.100447904863438,4.153214031398866,36.78328882821458,0.9091758997245151,3.265443269,36.23038207,18.65849590614651
1095,82,358,USNC02,USNC02009,18744.599760288886,13.467343629189976,4.216647403114131,38.33015243786566,1.5612854999522323,2.6740053786088303,36.08632216085261,17.13158711960654
1096,82,358,USNC02,USNC02010,19419.773926356378,13.660570867443708,4.525232634486372,36.920446065095774,2.557329014,2.686370881886544,36.34809687519986,16.96252452947345
1092,82,357,USNC02,USNC02011,8713.027763591721,12.625701156573731,4.378785362230256,36.22823985093571,0.7578291005189471,3.064523178,37.399202841028675,18.17141966743318
1088,82,356,USNC02,USNC02012,17356.372160470386,12.02043195177972,4.874370181016225,36.962114803234144,2.279374124378729,2.3882412299607325,36.01329587404093,17.482603787369236
1,18,1,MXAG01,MXAG01001,20197.78799695072,8.722897306,4.632963771891455,39.85008902557285,1.5607246337971854,4.438627583893877,35.227121222607316,14.290473762237308
3,18,2,MXAG01,MXAG01002,22727.224542864376,8.576285528362705,5.5432495097785734,40.534501547781765,2.0030701833750975,4.2462054848146975,34.04594637410933,13.627026900140539
5,18,3,MXAG01,MXAG01003,13877.421538430888,10.390946420869952,4.551703593297714,39.30813475211474,1.064990170725691,2.4419722947966003,35.527079444802936,17.106119744262315
7,18,4,MXAG01,MXAG01004,10318.199162155717,8.657474665795045,4.505355337051764,39.544103136577036,0.5979368152930222,3.7403999019512764,34.033661000694025,17.57854380843288
9,18,5,MXAG01,MXAG01005,9892.366501548375,10.548470392973757,4.578239128942089,38.695236190021895,1.0037429273259368,3.389056713805067,34.86843744564997,17.465287594255056
2,18,1,MXAG01,MXAG01006,20236.488363415014,8.606844168,5.204063797373028,40.82201724,1.878141451,4.194539144422529,32.651790608698796,15.249447756247347
4,18,2,MXAG01,MXAG01007,14965.225161806899,9.721969367222467,4.3313552970603295,38.71828758092538,1.1417798534546661,3.9831363923491865,36.450378234642535,15.375062641567899
6,18,3,MXAG01,MXAG01008,16807.33035468038,9.173167046463883,4.099598308683817,37.79573742480192,2.4420252825523825,4.8230727057813265,36.80957060376762,14.02999567441294
1389,96,419,USOH02,USOH02022,9647.562069880903,16.04073980325095,1.9543773694898103,36.14572808,,1.0330212455837384,35.06165087571411,25.805222433886353
717,60,263,USKS01,USKS01019,15031.223936145325,15.86640635114656,,41.78472276902619,3.958184892918743,0.35877217420461377,33.00525422451167,20.893065939338793
718,60,263,USKS01,USKS01020,8182.1868144627815,19.726063564535682,,36.240229776620055,1.3650327479379538,,40.489165521789054,21.905571953652938
727,60,264,USKS01,USKS01021,10404.024634367353,20.578529683917697,,37.79489910641489,2.3275003401431253,,39.51336119630891,20.36423935713308
728,60,264,USKS01,USKS01022,11611.03156,20.551021382914453,,30.719582287643266,5.118756326,,43.13561166866241,21.02604971744313
729,60,264,USKS01,USKS01023,10194.42774344905,19.71841780256328,,37.75580402586981,1.0873647388964174,,40.14555868450091,21.011272550732865
730,60,264,USKS01,USKS01024,9655.763713717372,20.583501256211775,,36.36185628246236,1.1449672754861928,,40.649930079127124,21.843246362924322
1651,119,488,USWA01,USWA01001,3688.2080567254775,20.091521033598227,,40.49073903403982,,,39.58656201198847,19.922698953971707
1642,119,485,USWA01,USWA01002,6494.959140870344,23.10380262707191,,42.48425179052893,,,41.599506392143994,15.91624181732707
1645,119,486,USWA01,USWA01003,8247.162912176367,20.838648245562172,,52.52260453419835,,,33.967677407475854,13.509718058325797
1639,119,484,USWA01,USWA01005,5300.779630367066,21.65312134146572,,40.622558373745576,,,41.85074837179718,17.526693254457243
1646,119,486,USWA01,USWA01006,12325.821308900715,18.42896562354124,,53.576770023479966,0.8111472354823911,,34.82235180895746,10.789730932080174
1640,119,484,USWA01,USWA01010,5393.495995,18.78097279958767,,43.19460460935726,,1.373197441247767,38.98472672044642,16.44747122894856
1647,119,486,USWA01,USWA01011,9253.288376975388,22.404179769350836,,44.476776725492165,,,42.158924700770896,13.364298573736939
1653,119,488,USWA01,USWA01901,5643.054278568567,16.267243541312446,1.245643445008461,41.56943119179348,,2.168472594294393,38.64696266,16.369490112170357
1641,119,484,USWA01,USWA01902,5278.5521670728995,18.16957150711314,1.300419725627824,44.28101196932238,,1.6553915193037914,35.849604838414066,16.913571947331942
1644,119,485,USWA01,USWA01015,9081.570937054174,17.38135201095661,2.020009517413911,44.434929547994976,1.1861846092536759,2.232982028924728,35.94433844809934,14.181555848313367
1431,99,435,USOR01,USOR01003,4364.554849818962,15.63037804872946,1.7030326262953575,40.38333531,,2.8113841811342235,39.120889322914984,15.981358556767633
1432,99,435,USOR01,USOR01005,5600.684576952643,14.670635961035424,1.953202148645003,41.89941510992949,,3.249129365413303,39.85992311247872,13.038330263533474
1433,99,435,USOR01,USOR01006,6023.7546485492585,13.399001574816857,1.8870129378445257,41.24946548489909,,5.042888453432574,38.366572201780684,13.454060922043105
1428,99,434,USOR01,USOR01007,8898.793908,11.233235425589873,2.828246722035058,40.887626345375345,0.8786646230586775,5.086139074264719,38.039552879829095,12.279770355437108
1429,99,434,USOR01,USOR01008,7896.466690805512,11.723029989905378,2.1392363630860567,41.358146827102495,0.783466437,5.016361803219063,38.65937569875669,12.04341287
1430,99,434,USOR01,USOR01009,9640.128300135233,10.368535454669235,2.789281458565008,40.78724221829641,1.3523751364520986,4.530089318190506,37.966658471838926,12.574353396657045
887,68,296,USMI03,USMI03005,16172.969083377393,11.97278425760506,3.8491163405263835,41.944767466107955,1.604302015287351,3.233796449529063,34.309339169823645,15.058678558725603
888,68,296,USMI03,USMI03006,15296.452110411876,9.657570753688521,3.7919571655943964,41.81157097505585,1.8532452442209608,4.214805529526111,33.858548333278286,14.469872752324397
889,68,296,USMI03,USMI03007,13733.772154122216,10.562964305409654,3.7542711721046143,39.94945231977741,2.4541973254861715,4.476209287742809,33.999533809381795,15.36633608550721
890,68,296,USMI03,USMI03008,14437.484678422476,9.625582971298108,3.765979611256467,41.528552089281604,2.9629346519433075,4.021816229263595,33.163439282571524,14.557278135683497
883,68,295,USMI03,USMI03009,13354.619310128146,12.460531174450285,3.6587218483239483,41.01424773870846,1.0251978288075374,2.508047957903194,34.30430286777924,17.48948175847762
884,68,295,USMI03,USMI03010,14560.474162074548,11.664025543705103,3.7720415269519245,42.690944482530476,1.0744335532747096,4.196420649527821,33.126111745721104,15.140048041993968
885,68,295,USMI03,USMI03011,14711.295333188984,10.427934429619347,3.8314562872811804,42.56106802292535,1.4225155275892045,5.1161377521013955,32.60873978834486,14.460082621758003
886,68,295,USMI03,USMI03012,15620.712504700849,9.662394019346724,4.114839770770989,43.42645239357113,1.283800015786281,3.6716841325144105,33.02639902582423,14.476824661532955
875,68,293,USMI03,USMI03013,13114.704905871073,11.285636775176998,4.122943429180618,40.83952181079907,1.262551811326129,3.373666361019603,34.153980327001236,16.24733626067334
876,68,293,USMI03,USMI03014,7068.234412,12.848752204350989,2.9896211769124523,41.034495639285545,,3.1014124225018493,35.43273213418538,17.441738627114773
877,68,293,USMI03,USMI03015,8237.923488074068,11.69218894235195,3.784622970993654,39.76442474157776,,4.571577224166693,35.41085836859692,16.468516694664967
878,68,293,USMI03,USMI03016,7456.641451467446,12.254818143211478,3.2585001315465405,40.41349918229992,0.7871507039631098,5.101058776142664,34.0539054,16.385885802338567
879,68,294,USMI03,USMI03021,10952.646083673157,11.835054511724344,3.4577257148454517,40.26254687755929,1.8541779890906191,4.875007870761332,33.413387800368945,16.137153747374377
880,68,294,USMI03,USMI03022,9109.310688101754,9.733175200731974,3.498731417287234,39.66999360658348,6.777551012875225,3.641028693312157,32.621683137665585,13.791012132276322
881,68,294,USMI03,USMI03023,9998.749009307747,11.794461782583163,3.445477997566871,41.17562327755195,0.8532558702872842,2.4321229332441248,35.33199677308417,16.76152315
882,68,294,USMI03,USMI03024,7915.192853061192,14.096005107892601,2.8372367395197706,39.08757187678153,,2.5962263849378444,38.85849850506952,16.620466493691325
867,68,291,USMI03,USMI03025,5943.912647680491,14.83845267571735,3.037103404606135,35.711897767600995,,2.068948069997316,39.72423787044474,19.457812887350826
868,68,291,USMI03,USMI03026,5336.534154514518,16.507957643965664,,37.81635982757906,,,41.96330617753374,20.220333994887206
869,68,291,USMI03,USMI03027,4663.3093573096485,15.677821315697097,,39.15481435072052,,,43.02656631825391,17.818619331025566
870,68,291,USMI03,USMI03028,7120.0393738791745,15.73280974051401,,38.599519333730896,1.5521661827008069,,41.364367986295804,18.483946497272502
544,48,219,USCO04,USCO04001,7471.979393152907,12.213215226344904,3.2400940723734886,37.62925526307885,1.0019731197168968,1.1268696487739476,35.231860381877304,21.769947514179517
541,48,218,USCO04,USCO04002,8832.641394057915,13.832706132068123,2.4323273415963045,37.72081258737053,,1.4417142657780808,37.77434751715893,20.630798288096155
547,48,220,USCO04,USCO04003,7907.357351260746,11.835330967680228,2.955462518558736,35.90560523957491,0.8893657520874492,1.557769888840452,36.69234515100644,21.999451449932018
550,48,221,USCO04,USCO04004,7624.1399770858225,12.627733667930737,2.9796492504729257,37.441468834655225,,1.396135550267589,37.23565156970483,20.94709479489943
542,48,218,USCO04,USCO04005,7845.1458450778755,13.640831661295383,2.516915013514204,37.97335015442266,0.8477295760574901,1.1178965816635493,36.36580939544133,21.178299278900766
545,48,219,USCO04,USCO04006,6714.590864274409,11.959482082173466,2.8427917659996456,37.20635950771838,,0.7453978853954131,36.04083001071496,23.164620830171607
546,48,219,USCO04,USCO04007,8919.912966778771,10.041191539830827,3.677624124106699,38.22075226862378,0.8307181073451618,2.3345724658648614,34.068695903679746,20.86763713037975
543,48,218,USCO04,USCO04008,8722.565652039699,11.56925558331484,3.1992459430475333,36.91690440299192,,1.7354855185115516,34.32037187765501,23.827992257793984
548,48,220,USCO04,USCO04009,10577.230253403497,10.205249851091558,3.8874355877116487,39.22065449309078,,1.1332870950669414,33.017787805840385,22.740835018290237
551,48,221,USCO04,USCO04010,9611.668046722938,9.788629097329398,4.135888893425467,39.87609791819763,0.8715541818187883,1.545549975788536,33.68706196368646,19.883847067083128
549,48,220,USCO04,USCO04011,11157.176915938899,9.972270809065403,3.594951823025526,38.084642865270446,0.8041809898975005,1.7038197643327644,34.204496899094735,21.607907658379027
552,48,221,USCO04,USCO04012,10040.143273328458,10.372952211227137,3.6560648526360615,38.03911178799044,0.9750241426996835,1.315039088,35.28969400910276,20.72506611914571
1643,119,485,USWA01,USWA01008,6609.2411116150215,19.37933448604944,,40.31602639981241,4.1601115381173255,2.545359684,40.100249189051745,12.87825318863844
1652,119,488,USWA01,USWA01009,4446.644155931572,17.151719024380846,,38.404425734639666,2.904831963626939,2.0635085839189125,41.623192533909624,15.004041183904857
351,41,169,USAZ03,USAZ03001,6149.771593798238,8.814382815,3.230975565652069,28.18687210852201,,9.463459859,41.04582401333102,18.072868453445924
352,41,169,USAZ03,USAZ03002,4425.5874538835415,10.72362717,3.113065401,24.912008499567268,,6.110054696214607,44.94070455862715,20.924166844365274
353,41,169,USAZ03,USAZ03003,6885.546924782822,8.054585223886944,2.379901203125215,24.538313710803916,,11.604222125545233,43.873340131403076,17.604222829122556
354,41,169,USAZ03,USAZ03004,5834.517487,10.800188904851852,3.0318931848396207,29.025385982147842,,5.378170312937163,42.91455479244595,19.64999572762944
380,43,177,USCA02,USCA02007,17753.71685409638,5.737395579,5.339293204489102,39.382710201730994,3.309827230151908,7.1439766291436015,31.587461844542503,13.236730889941882
381,43,177,USCA02,USCA02009,20670.29935401258,5.141130438976982,5.866657581512687,38.44873941809053,3.4872323453077283,7.443607131936995,32.48002592424402,12.273737598908038
382,43,177,USCA02,USCA02011,17697.190362594356,5.052710882916569,5.166742233534164,39.65104822775566,4.375859393155009,8.132270075839898,30.21383593100299,12.460244138712266
1019,75,333,USMO02,USMO02009,37330.59480136022,10.72809860986916,4.344733801456101,36.698156808505175,2.251685152,4.627019156791408,36.027035854051164,16.051369227355416
739,61,265,USKS02,USKS02003,21911.631333490644,8.919573330887152,3.8820188797266884,36.397634315949475,1.6997436446010539,3.4323719594115887,35.59726322592084,18.99096797439035
740,61,265,USKS02,USKS02007,20591.355082000668,9.813984587607212,3.6760430053300617,36.85077872024941,1.9283789480155789,3.098507159646133,36.316263317517645,18.130028849241175
741,61,265,USKS02,USKS02011,21823.077607268824,9.391699554,3.486920968809542,36.840327227691915,1.9387672821424125,4.627083191983904,35.28836013979565,17.81854118957658
742,61,265,USKS02,USKS02016,19413.54857313761,8.966617572892053,4.144658746372141,34.98448585842037,2.539204704029159,4.9684536951243174,35.28882737757197,18.07436961848203
600,55,240,USIA02,USIA02009,31611.684847515222,9.377775217809607,6.121735795444412,34.50753017224981,2.691998095494182,4.255731249675785,35.139858149882315,17.283146537253494
601,55,240,USIA02,USIA02010,36979.866783520105,9.563306438741462,5.906730911653173,35.48327867144867,2.885260733062397,4.668083188177042,35.22243603914411,15.83421046
602,55,240,USIA02,USIA02011,26277.55016,10.12570671197769,6.056711946090148,35.88834995748895,3.0513445338810365,3.8861600399512586,35.48238512281145,15.635048399777158
603,55,240,USIA02,USIA02012,21478.338529728167,9.630607009280453,7.244081945660361,40.205449864258455,3.132685545812482,3.842304553388679,32.24600405562895,13.329474035251065
899,69,299,USMI04,USMI04021,15935.790704122754,11.080622548965371,4.194648588438832,39.12587579736325,1.7259454798478613,1.218157273296313,35.40272201223637,18.332650848817387
900,69,299,USMI04,USMI04022,16083.40164977971,10.448983981026533,4.3476045420871445,38.38097373201676,2.1394976552717124,1.339018889691916,36.62475954170099,17.168145639231476
901,69,299,USMI04,USMI04023,18160.77341599403,9.577948344,4.4584191754489035,38.38618248608108,2.357982008717943,1.520493145988028,35.29102226,17.985900921302346
902,69,299,USMI04,USMI04024,16329.431362349516,9.510167195860436,4.247934078866699,38.085343215160755,2.480949167895887,1.5230481508068037,35.12294268041932,18.539782706850545
1304,91,394,USNE06,USNE06001,38947.13381,12.03778744663241,3.9137043150651074,34.36601512107506,8.428790583930295,2.5818003278314063,35.629309891405384,15.080379760692756
1716,122,500,USWI01,USWI01028,37077.89962562915,10.882512502146549,5.280096757860546,40.07125388996376,3.0083923892027222,1.9433414386816974,34.81360523014165,14.883310294149613
1717,122,500,USWI01,USWI01029,40208.87622405818,9.590731262765466,6.429395972844215,40.84568665424166,2.788975362,3.9414904380124414,32.611363714353786,13.383087858759945
1718,122,500,USWI01,USWI01030,38838.022892413945,9.448266596583373,6.4070066092303914,41.69727986,2.7917691103570967,3.671514447427871,32.238071058527986,13.194358915115346
423,45,186,USCO01,USCO01007,14875.754800515657,7.264449369171485,5.1800233744729045,37.95457539,1.8213018565786774,4.890813846474398,34.38781916903244,15.765466360551583
421,45,185,USCO01,USCO01008,16007.545242547161,6.5402228172673755,4.970808672638552,38.446252260363714,1.8381431321153867,5.449972967485426,34.268473542927374,15.026349424469553
425,45,187,USCO01,USCO01009,12978.884623505774,7.033738104047972,4.720588681137263,38.127891885240565,1.9857371027910273,3.0097258132671234,35.997038045883095,16.159018471680934
465,46,198,USCO02,USCO02004,24623.763636982712,8.428716854997475,7.040700795620059,36.38766310141672,4.153931857395174,4.57664227,32.72922465626496,15.11183731912297
463,46,197,USCO02,USCO02008,20705.218222092626,8.472098513393789,7.037415262625536,36.37141289761203,3.7409081304755563,4.959540876677484,31.681553612379567,16.20916922022984
467,46,199,USCO02,USCO02012,51271.69619342308,8.300274625,4.772345371121562,40.899673793595795,2.746968799373029,3.009775545047483,34.034740122503464,14.536496368358659
466,46,198,USCO02,USCO02013,32110.148781635886,8.282815978711369,6.583535733141809,38.38368178848883,3.630349217329834,6.1033962174465834,32.07081386239771,13.228223181195228
464,46,197,USCO02,USCO02017,24325.15294320862,8.182957577,6.727098711043519,36.89418672510991,3.147896241,6.208557832931102,32.50283541,14.51942508235575
468,46,199,USCO02,USCO02021,50848.26898934915,8.136866700994537,4.717572393337484,39.92919805676539,3.1922907255215747,3.8352939347852626,33.860598641746186,14.465046247844096
507,47,210,USCO03,USCO03004,16709.03801957913,8.779148460170507,5.0299816210988855,36.339993585964045,2.742424498163875,6.190274969289864,34.9677623,14.729563021544639
505,47,209,USCO03,USCO03008,25155.868357475632,8.572717552438908,7.651423973621585,35.72427659379332,3.5677583193721056,6.109011969869415,30.697482416385604,16.250046726957958
509,47,211,USCO03,USCO03012,24438.922633348877,8.999558438799426,4.911406483410018,34.65312340172436,3.099275696906771,5.832175637091049,35.40865037214713,16.095368408720667
508,47,210,USCO03,USCO03013,19061.488049120842,8.237842458275944,5.3691418340099935,31.665448485371257,3.0400123400754837,9.75807678,35.715393337306296,14.451927223438659
506,47,209,USCO03,USCO03017,19029.321994605627,8.689208998393918,6.409954380055844,34.59863344231392,2.4812215115172997,9.521082893,32.559169721529386,14.429938051279057
1265,86,387,USNE01,USNE01004,29007.23644068882,9.027301247663557,4.315800930313255,37.57160815761365,2.660505957151994,3.3361422554606515,35.47345763584418,16.642485063616274
1266,86,387,USNE01,USNE01005,31702.73645212975,9.384967325283762,4.151766750816067,36.91173431490203,2.630681346309737,2.9285624599512534,35.54794919464471,17.82930593
1267,86,387,USNE01,USNE01012,35996.58700252527,8.711214298904935,4.058524351369467,37.480099513595235,2.6875256579880924,3.7572792957889596,35.74359672626337,16.272974454994866
1305,92,395,USNY01,USNY01017,16135.676509056508,7.2905079115942435,5.071037368895765,35.16782611706692,2.9464655318655963,1.3101537585948755,35.46851364973991,20.036003573836922
1331,94,403,USNY03,USNY03009,47859.92217357405,11.049348399966428,4.482533192649866,39.16509752151441,2.3325473944707418,2.5438890202411395,33.011566130356414,18.46436674076744
1340,95,406,USNY04,USNY04025,47512.00129735897,8.218007535,5.747356208686865,39.76406840795836,1.9420256424420936,3.102292677520496,32.03479362,17.40946343847798
1427,98,433,USOK01,USOK01009,28944.935758181386,11.61039097792065,3.6874106178192307,37.54420538945233,2.1142870893189545,3.119627203226411,36.4267455,17.107724197531265
579,54,234,USIA01,USIA01001,36434.47081,11.849046800365704,5.022841992137356,34.927134678739186,2.399610926341905,7.638600531569617,36.388149615515225,13.623662255696713
580,54,234,USIA01,USIA01002,27828.231999064727,11.965370243124847,4.865903114,35.26746668852321,2.083759759327627,5.938327636502388,36.87369420505531,14.970848596702245
581,54,234,USIA01,USIA01003,42916.94872996636,10.611531590457433,4.908174200486084,34.50704126316941,2.095612242788047,7.8287332461375465,36.66749960843717,13.992939438981741
556,49,225,USCO05,USCO05001,13818.876847950525,9.276766244,4.080310638576057,34.370164655656914,1.4118088441327832,6.751456927651629,38.05665372155059,15.329605212432032
343,39,167,USAZ01,USAZ01001,4111.173108126775,11.068681392836384,3.3168949592266244,27.862778136779355,,4.430593627245857,42.73168015725543,21.658053119492738
344,39,167,USAZ01,USAZ01002,2853.2407246272337,11.366581323879373,3.1602414578501974,23.505553779356962,,2.172493702191009,46.95112519630314,24.210585864298686
345,39,167,USAZ01,USAZ01003,5736.5471463483855,8.997850520105255,3.7655409641509734,29.243113894840715,,4.797647435981184,44.386429589744836,17.807268115282294
346,39,167,USAZ01,USAZ01004,3966.103689810741,10.542923492262764,3.6174393370927937,25.86062811851469,,2.3419297708996885,45.86109761671997,22.318905156772875
347,39,168,USAZ01,USAZ01005,5162.541401727423,10.123728753345038,3.7200786291392247,28.13319212513919,,5.4710343331859645,44.08024136072096,18.59545355181465
348,39,168,USAZ01,USAZ01006,5686.235156415281,9.699535374611884,3.571465785002402,30.57983957230725,1.7430934880280953,6.795227682,40.137543223335356,17.17283024906936
349,39,168,USAZ01,USAZ01007,3711.2651698129757,12.140704526878434,3.5711897768006846,26.71412587402108,,4.101002871002081,44.65415383596861,20.959527642207547
350,39,168,USAZ01,USAZ01008,5144.9230322054045,9.496987314237044,3.435977543116432,28.14931437116177,2.0403284053776125,5.739080740527578,43.58012253874991,17.055176401066696
355,41,170,USAZ03,USAZ03005,1800.2034873449575,16.470101246835906,,43.83719785,,,35.91608802574543,20.24671411955186
356,41,170,USAZ03,USAZ03006,1717.659009075035,15.188500370106427,,38.011272746004536,,,39.84236960991381,22.14635764408166
357,41,170,USAZ03,USAZ03007,1937.3302118082117,17.295875017271715,,41.66600881968654,,,34.19969719157591,24.134293988737546
569,51,229,USFL01,USFL01001,4140.153399676204,19.776624966513708,,35.11490710613969,2.434406346305139,,41.02473256554578,21.42595398200939
567,51,228,USFL01,USFL01002,3983.344204238281,21.941805867465508,,31.05269522309037,2.349796152450086,,43.678090802656165,22.919417821803375
570,51,229,USFL01,USFL01901,3326.525594728721,22.598767263675466,,36.076817589625854,2.3190953681405797,,42.16422565370873,19.439861388524836
568,51,228,USFL01,USFL01902,5187.292376781415,22.052172471588584,,30.52318206126504,2.4615035588414953,,44.36208003943704,22.65323434045642
1106,83,362,USNC03,USNC03019,5890.914914906841,20.68338340221045,,30.117884921817684,3.885832887103647,1.6059534055413143,43.85580029984397,20.534528485693382
1109,83,363,USNC03,USNC03021,3328.9176326158677,21.55517416257712,,37.86225312633862,2.695026715562205,,39.546663007208615,19.896057150890567
1107,83,362,USNC03,USNC03023,8198.905081705601,21.224537747790382,,30.322527844133727,3.755239588126986,1.1055787930283267,44.54460711309668,20.272046661614265
358,41,170,USAZ03,USAZ03008,2547.8220864798523,18.459200478101735,,39.251838565446754,,,34.238820719390326,26.50934071516292
1110,83,363,USNC03,USNC03024,8296.044887,18.083445002754186,,36.44397449243488,3.95561524,2.234504081,38.98060260297884,18.38530358408505
1111,83,363,USNC03,USNC03040,18007.244454628883,18.08621041075655,2.015315697263976,36.193834394602334,2.445168140446769,1.9523838800363993,38.26123002277912,19.132067864871402
1108,83,362,USNC03,USNC03042,17023.099545071796,17.886853250371633,2.290098128059687,36.09001297,1.3584817212376252,1.850486769,38.70721795108249,19.70370245719339
1733,123,505,USWV01,USWV01001,40907.569479415506,12.267040900378838,4.3710083854423765,40.12881168234827,3.9302713544037533,2.488645189491111,32.900354860798174,16.18090853
1726,123,503,USWV01,USWV01002,36230.65042343171,12.61635306013369,4.223898600427183,39.58425854901036,3.851154273782989,2.233473904801952,33.08274057427277,17.024474097704758
1729,123,504,USWV01,USWV01003,40742.232212558294,12.713719390972614,4.355164253393475,40.085257939557565,3.6886438042384087,2.247595109693042,33.47251334261547,16.150825550502045
1723,123,502,USWV01,USWV01004,36869.37514999301,13.133571263359764,3.9093362400327973,38.55132957267198,5.350637725384699,2.8263232220687415,32.69202402752379,16.670349212317984
1730,123,504,USWV01,USWV01005,42058.270041369506,14.07394588709354,3.8717876298168843,39.913900522292536,3.986859368372846,2.442307250578334,33.69862669664355,16.086518532295855
1731,123,504,USWV01,USWV01006,46382.653410562496,14.894154396172702,3.942122892354012,37.791322524251655,3.275172971413216,2.461597955529524,35.20982410989107,17.319959546560533
1732,123,504,USWV01,USWV01007,39316.642103524595,14.955181793685515,3.6356077288135613,39.168679648384085,3.4433336746614867,2.3553530678953734,33.918362266679615,17.47866361356589
1727,123,503,USWV01,USWV01008,58383.99062900349,14.192279942080233,4.145202791970234,40.264528251646354,3.624403571549638,2.3571760936707546,34.04681527615627,15.56187401500675
1728,123,503,USWV01,USWV01009,45337.53505080036,13.126695766488087,4.078761845064072,39.35655581,3.1730934458854265,1.9561969731853577,34.29782079034957,17.137571134689168
1734,123,505,USWV01,USWV01010,41690.497478031946,13.863136990312634,4.003730404571504,38.97909417286682,3.7502895754944188,2.374407522,35.256104981040735,15.636373343674308
1724,123,502,USWV01,USWV01011,37039.77992316193,14.302020685846596,3.8009926330529047,38.98012130361743,3.0500590064740423,3.1450870616716076,35.71759942105628,15.306140574127747
1725,123,502,USWV01,USWV01012,39130.88194826639,13.46966839939357,4.254154735,39.80055323497357,3.4952799597282795,2.247710779867624,34.14209215904336,16.060209131176563
1719,122,501,USWI01,USWI01021,32758.403959789357,13.40382066860572,4.533386191275445,40.99561409841612,3.092248261396493,2.135844767398465,34.34266872165656,14.900237959856922
1720,122,501,USWI01,USWI01022,45589.04460801772,14.227579596778483,4.359614919232525,40.79683288964731,3.9100768315972685,1.5691633090283248,34.26425851748692,15.10005353300765
1721,122,501,USWI01,USWI01023,33222.154188775996,14.224705621851319,3.9817197494145935,39.30522751759646,2.6986090619914824,1.884793655737235,35.93353808252738,16.196111932732848
1722,122,501,USWI01,USWI01024,45393.06523980416,14.220459715282782,4.364184768,41.17112765872777,2.3937721290808787,1.8073394586303915,34.93874544556725,15.324830539994322
1713,122,499,USWI01,USWI01025,36403.98646517194,11.504126987654217,5.9536194191471505,40.845870275248714,3.5899157659218592,4.118593706,31.007606791391872,14.48439404240863
1714,122,499,USWI01,USWI01026,32791.38000770479,12.551393028481202,5.124114031906463,41.14778864873301,3.836596543,3.8203793760511253,31.911305888341882,14.159815511939112
1715,122,499,USWI01,USWI01027,28434.450579867545,13.847514396333983,5.113243260459625,40.440849122846664,3.625422684707168,2.851347451,32.72314422854495,15.245993252115307
327,37,161,USAL04,USAL04002,6462.369668517482,21.24328810021008,,34.018188127841135,2.352735345787053,1.3018793619956972,43.006448618117346,19.32074854625877
331,37,162,USAL04,USAL04003,14584.295259939041,21.590765332392138,2.2836894168814124,40.166800076268515,2.017160910429199,1.7711960586501865,36.81787677,16.943276769220184
328,37,161,USAL04,USAL04004,8577.238040417282,22.59727138892344,1.2815295804924889,36.52265880537168,2.4676065780570844,1.847603284,39.873143974126975,18.00745777838655
332,37,162,USAL04,USAL04005,7993.369497563184,24.402420434139145,,39.29013991,2.8055358576292524,1.5949423965567495,39.06588233574461,17.2434995
329,37,161,USAL04,USAL04006,4194.782285237807,20.383326475701896,,35.90584600395123,,,39.133551102993074,24.960602893055697
1572,109,465,USSD03,USSD03001,23651.039909592106,12.356317714428705,2.6535447812092565,34.31384624470064,2.6673043137119508,7.905156461489674,36.779479305397736,15.680668893490733
1576,109,467,USSD03,USSD03002,23530.141385998115,11.966915309431846,3.206381367473888,32.71750936865106,1.620050283282469,8.729554866335201,37.60323835412382,16.123265760133567
1574,109,466,USSD03,USSD03003,26767.766773840536,11.52908585728665,2.8374871623264366,35.337726580770706,3.2988968267855383,8.201297994,35.982928576460885,14.341662859174567
1573,109,465,USSD03,USSD03004,24319.418048875035,12.560860702229155,2.6811469587955377,35.12932213731407,2.846728968424924,6.675293315600972,35.25199778204813,17.415510837816367
1577,109,467,USSD03,USSD03005,23042.34391815161,11.651941889301689,3.057289619235578,35.7772919,2.4473810158884386,8.388779773907128,34.15158532883851,16.177672360093144
1575,109,466,USSD03,USSD03006,24716.37613567462,12.448432739044453,2.733159365898808,35.00073708021383,1.8485363936968249,7.091126874201973,35.663858103799264,17.66258218
340,38,166,USAR01,USAR01001,28393.864651324322,19.734509973373928,3.2969986650424925,42.822141201664145,2.2008079287626763,1.2927607305387387,37.247475514193695,13.139815959798254
337,38,165,USAR01,USAR01003,46332.58901963679,17.02019864428985,5.2664101384082995,38.832474608560176,1.0724500848439402,2.047567086581498,38.40862648710833,14.372471594497739
341,38,166,USAR01,USAR01004,31201.704707452616,17.851393199131802,3.8252641090011625,39.22373915730069,2.195986036,1.3612972635228122,37.86088490662725,15.532828527763202
338,38,165,USAR01,USAR01006,38331.28790989212,16.934777369917672,4.954883301875908,38.920537625719646,2.6454082067832627,2.133404707751521,37.70272571646383,13.643040441405835
339,38,165,USAR01,USAR01008,50126.30596854133,17.157513854948345,5.363987416775295,38.57996818,1.7755581118928723,1.8814878616050967,37.65112806759629,14.747870361005338
342,38,166,USAR01,USAR01009,30340.487908671483,18.337502992690684,3.996883856835695,39.84748889462044,1.8451438139242722,3.258171697655836,36.22959191,14.822719824854456
1425,98,432,USOK01,USOK01002,32953.30561642036,12.723661145430135,3.8388749623875684,34.97994109062581,1.1392220283143055,2.3593562900094573,39.68542861,17.997177020407566
1424,98,431,USOK01,USOK01003,31658.859712052305,12.20168686035456,3.5446105406801363,34.36584949414681,1.239233942970926,2.7023530368830726,39.47247692455296,18.675476060766094
1426,98,432,USOK01,USOK01004,30212.080056241124,12.864712847586146,3.848685321020734,35.64064721493393,1.3777369381571027,2.985942356886034,38.94753596881424,17.19945220018796
553,49,222,USCO05,USCO05002,17888.86449944539,9.456092823,4.075213965578558,31.82697617161939,2.2785036732775943,8.802557743,39.67344394,13.343304508413521
555,49,224,USCO05,USCO05004,18697.087198692374,9.139277761012151,4.280416043,33.716860307468515,2.1149728967159156,5.707099051,38.996946974378496,15.183704727466827
1578,113,468,USTX02,USTX02001,1984.8782736927603,13.880497494571486,,33.70373307594282,,,44.30718846007472,21.98907846398247
1584,113,470,USTX02,USTX02002,4035.5360775927725,15.341060646495212,,30.917710812824104,3.1684251436246167,,42.15881516797317,23.75504887557811
1581,113,469,USTX02,USTX02003,3474.863726253228,16.568435708197462,,31.33408530596381,,,42.08471830355164,26.581196390484546
1585,113,470,USTX02,USTX02004,3888.5384971871267,16.11750861518056,,31.020224478598433,2.726200517734084,,41.10005394810575,25.153521055561733
1582,113,469,USTX02,USTX02005,3932.6007318611287,16.35726460507205,,31.279024553457145,,,42.09986394500546,26.62111150153739
1579,113,468,USTX02,USTX02006,2444.960834910735,14.230379316373545,,33.12910628,,,40.750967196674786,26.11992652024773
1583,113,469,USTX02,USTX02007,3523.696519597486,17.844179078804103,,30.84986906367473,,,41.52425879288568,27.62587214343959
1580,113,468,USTX02,USTX02008,2343.3741568735095,14.456140255978694,,34.751028431312726,,,42.72513782649483,22.523833742192437
1586,113,470,USTX02,USTX02009,3988.4492532605454,17.215258002551927,,31.753223035847217,2.411089505883411,,41.92532561006607,23.91036184820331
298,35,145,USAL02,USAL02001,2809.305843951598,8.910763601,,28.74831321433301,,,46.735097197248386,24.516589588418597
301,35,147,USAL02,USAL02002,12080.276081458158,13.960758575665913,2.1326010872664227,34.30174163486283,,1.4203975257174106,44.22516385,17.92009590142304
302,35,148,USAL02,USAL02003,17784.41261783555,11.7324574,3.541089837505677,36.785895012742195,2.592164510239632,3.064660898448676,39.261175845480146,14.755013895583676
304,35,150,USAL02,USAL02004,16577.58106263742,11.528163842156852,2.932187290364722,34.61048430235659,1.2308082189542742,2.213689865906969,41.87983957881444,17.132990743602996
305,35,151,USAL02,USAL02005,19934.239182758472,14.213165225104863,3.5130691234751374,37.279720963071014,2.749673493751467,2.5997534982246444,38.38174809449689,15.476034826980836
299,35,145,USAL02,USAL02006,2327.835462651205,7.139417785538299,,23.503762632810602,,,51.48191914570871,25.01431822148069
306,35,152,USAL02,USAL02007,24609.77567315693,11.091361053909482,4.068411861125448,37.64243181215613,4.064861834426989,2.707448329,38.190758819691766,13.326087343946897
303,35,149,USAL02,USAL02008,15472.825543555002,12.651432179036055,3.2427540192887756,36.44685330647655,1.5255955129248606,2.6669657420109125,39.97080144215811,16.14702998
307,35,153,USAL02,USAL02009,17664.83615155958,14.833935203671244,2.8933177442521893,37.45821997103254,3.4596362863932812,1.6710540072711242,38.74755122067629,15.770220770374568
310,35,156,USAL02,USAL02010,20471.48286406564,12.256354719286602,3.275362484497717,34.872101678510354,4.555780351986689,2.3982472025673505,38.775935558271364,16.122572724166528
309,35,155,USAL02,USAL02011,14693.776886270402,13.640747375578242,2.787894513885786,34.163630592025335,1.3989835246447804,1.0396743765418546,42.33641821377422,18.27339877912802
308,35,154,USAL02,USAL02012,20556.46869673836,13.082710755716693,2.9763018868028754,36.55567442227239,4.2824881958226335,2.5462074794905605,38.72115080030536,14.918177215306189
300,35,146,USAL02,USAL02013,9330.578795175064,13.315979792211357,1.1131505672112432,42.480141699875574,,0.9241476586462238,40.56306488820022,14.919495186066742
330,37,162,USAL04,USAL04001,15398.20941183987,16.003459539448112,2.0034208771789666,37.66992391579843,0.6465489232111505,1.1369245881799699,40.31944307506449,18.223738620566998
333,37,163,USAL04,USAL04007,10862.044295846845,13.166318369659317,2.1274177730915853,35.004150797583016,2.0695905024192833,1.9467611496709403,40.96233059475312,17.889749182482063
571,52,230,USFL02,USFL02001,11915.596082411419,13.828762525883313,1.269289146941624,31.54048369751037,0.7737270037717914,0.8472980397328105,45.13429444,20.43490767
572,52,230,USFL02,USFL02002,13920.163497505624,12.442728361564917,2.454660310205024,32.620475453843234,1.0932120491045894,1.1102194542223889,42.88023433615863,19.841198396466144
573,52,230,USFL02,USFL02003,11792.170071971734,13.969850486059874,1.7271100749758896,32.62896494418875,,,45.43611797827907,20.20780700255629
574,52,231,USFL02,USFL02004,9065.923545696944,15.25427060445203,1.3559780304440308,27.157423194532054,,,49.65654548860261,21.83005329
575,52,231,USFL02,USFL02005,10594.977268530469,12.404614517099915,2.3932074488702626,31.675072052743857,,1.341210829447214,45.73440018177933,18.85610948715933
576,52,231,USFL02,USFL02006,10863.691020231454,13.422572722568473,1.7699431135274064,32.770695671137354,,0.9878373920512076,44.12719813,20.34432569805453
252,33,130,MXSO03,MXSO03003,12014.126390227391,10.333994953766545,2.0104496197449606,34.88525914699101,5.504983808966673,1.7503723553314765,39.48156451724988,16.367370551716007
254,33,131,MXSO03,MXSO03004,27802.70159521559,9.932434725200249,3.972821120704281,34.11529410127286,3.1059636727593363,3.478492982663007,39.60368827438448,15.723739848216043
258,33,133,MXSO03,MXSO03006,9779.514708067172,12.025457556236372,1.682754716457168,35.154379923376155,2.2171070632193493,1.5339928347974645,40.953876590825665,18.45788887
262,33,135,MXSO03,MXSO03008,15211.126747861366,10.898731523257196,2.955631832347954,35.771825832028405,2.373792168927278,2.8559688102620795,38.39132167724458,17.651459679189703
264,33,136,MXSO03,MXSO03009,19652.543531966803,10.084487543471514,4.063140206509921,34.724232614703055,3.045646979257705,3.7944562201977496,38.37656120791888,15.995962771412684
240,33,124,MXSO03,MXSO03010,28444.764646312393,10.42907248032267,4.2146029136836365,34.917276618248046,3.2067746967364457,5.194081714938799,37.90884165260216,14.558422403790905
242,33,125,MXSO03,MXSO03011,19623.95451073533,10.367182086106157,3.6052262526253243,34.75457302461775,1.7132236616243606,3.9655389744191685,40.07412969910078,15.887308387612617
244,33,126,MXSO03,MXSO03012,8880.642889771625,11.669368721049697,1.817057575,34.26112381125948,,2.2854708087099227,44.12372540137228,17.51262240385891
208,32,113,MXSO02,MXSO02001,10896.822937131286,9.705258960828077,1.4226855262812936,43.20496873801281,3.072321740518409,0.9969585871939072,37.23637260970346,14.06669279829012
214,32,115,MXSO02,MXSO02002,11285.052687985564,9.738758325238155,3.476463108050681,33.09446983,3.100857966781958,3.688577310244038,42.54598248691099,14.093649300285232
217,32,116,MXSO02,MXSO02003,9819.456349758048,10.484427813447184,3.0531051271254923,27.755780779509365,5.2645913995554015,3.0594475799830625,45.49864324504578,15.368431868780904
220,32,117,MXSO02,MXSO02004,11972.443423342535,9.333288068836683,3.5710347165591596,33.576904036534415,1.9523595480713083,4.558922418024587,42.80987507,13.530904213183844
223,32,118,MXSO02,MXSO02005,14616.760619985245,9.769544727,3.232771438209592,32.56859588,3.8997961699639685,3.5500924664341422,41.62963893280363,15.11910511407376
226,32,119,MXSO02,MXSO02006,14603.278169977171,10.042162654176982,3.2851671099273205,34.00551412207563,3.7156276662915206,2.796718621669251,39.83421853872156,16.362753941314722
229,32,120,MXSO02,MXSO02007,5831.5116161765045,16.043972512976943,,38.007877590026574,2.9711359301582094,1.834212012283454,41.66575286740956,15.521021600122197
232,32,121,MXSO02,MXSO02008,6390.284822690759,16.578303993957874,,37.70808095144588,2.6681268737580477,1.4508816466260537,42.11396769514596,16.05894283302406
235,32,122,MXSO02,MXSO02009,7097.3553921082685,16.466211202806164,,38.734319741824955,4.380335818069369,1.771526942541809,40.41923429554216,14.694583202021711
209,32,113,MXSO02,MXSO02011,4468.324386432806,17.80209982443357,,36.65314910824895,,,43.92584842210709,19.421002469643966
215,32,115,MXSO02,MXSO02012,3906.6237944226614,17.403300410471985,,29.122628630539193,,,52.26593395980371,18.61143740965709
246,33,127,MXSO03,MXSO03013,4062.9344128841158,16.646326500596178,,38.13583720672874,,,43.24320139305792,18.620961400213353
248,33,128,MXSO03,MXSO03014,4245.260552501869,19.66023979333153,,41.92006975933283,,,43.62463990561589,14.455290335051279
255,33,131,MXSO03,MXSO03018,10117.952034987562,19.14469571,,30.136628822615034,6.197485814466308,1.0909939211401656,46.16736269614856,16.407528745629932
259,33,133,MXSO03,MXSO03020,4742.469898719606,16.65260044024285,,38.3193684,2.269084202,,42.178350847868415,17.23319654703643
263,33,135,MXSO03,MXSO03022,6396.374804254776,19.029274740525135,,31.238342757407576,4.430147830893791,1.4001998481950442,45.96595293616482,16.965356627338778
265,33,136,MXSO03,MXSO03023,7522.370769783085,18.186808723278354,,38.758752746263696,2.2407888004304524,,43.52845776040327,15.47200069290258
241,33,124,MXSO03,MXSO03024,10421.621830907563,18.788683494027786,,29.8487825,5.602285391780721,0.8929552085830429,46.95138645466427,16.704590440933874
69,21,33,MXEM03,MXEM03009,10106.930005667886,22.289152117959077,,47.95841517074518,,,39.28353020617229,12.75805462308254
72,21,34,MXEM03,MXEM03010,9224.100955667653,25.07797717019587,,48.38729423614917,,,38.59000864474965,13.022697119101187
61,21,30,MXEM03,MXEM03011,7739.230735713511,22.794633786965743,,49.66843366085147,,,37.97230812259238,12.359258216556142
70,21,33,MXEM03,MXEM03014,8298.370339038183,21.700585813752493,,43.011552007690426,,,44.87956464150603,12.108883350803543
73,21,34,MXEM03,MXEM03015,8662.92761,23.945417242868658,,47.722202344085694,1.1062758187072192,,38.17514609012477,12.996375747082315
211,32,114,MXSO02,MXSO02010,10210.51316250237,12.124622878277302,2.9865951254854934,30.26857966358622,5.180127583216937,3.0411163929883474,42.57290180873013,15.950679425992869
253,33,130,MXSO03,MXSO03017,9353.425592584834,12.66112669951572,3.060927276672706,31.035616886251063,3.087112887273536,4.012509339725422,41.76681921,17.03701440038477
225,32,118,MXSO02,MXSO02025,7832.284322915025,12.806488708885166,1.7711261767433766,26.698532736109694,4.299161895826695,2.5979269378197047,48.20956113367746,16.423691119823076
228,32,119,MXSO02,MXSO02026,8810.801656323052,13.115131539971093,2.682311006135698,29.85764060826372,3.8983293858070813,4.493142684183833,43.58001065703187,15.488565658577789
231,32,120,MXSO02,MXSO02027,11407.035856488252,12.212138464704001,3.854114115045346,33.74551415,3.7603705165769203,3.551167478529592,39.18091466286658,15.907919076222262
234,32,121,MXSO02,MXSO02028,10462.306415642615,10.895619047571298,4.963323434576832,37.58485208397622,2.2515443689019743,5.451254276748893,33.25084669853039,16.498179137265687
237,32,122,MXSO02,MXSO02029,10862.44310479142,11.456768760550128,4.068835043962678,31.736030012196448,3.586051367454022,3.7431334675572567,38.95574458369579,17.910205525133804
213,32,114,MXSO02,MXSO02030,14376.835367868256,11.304906400066688,4.059104120771683,31.873634475160742,4.191232149081922,3.3675860270035374,37.43215878840057,19.07628443958154
243,33,125,MXSO03,MXSO03025,9817.997497616609,13.19502933532822,2.1688910023458714,28.341760308858852,3.0596079416457114,2.5070431240658606,45.25762759505819,18.66507002802551
245,33,126,MXSO03,MXSO03026,8630.522956412819,13.234136412061957,1.8173725280611654,27.30469370866402,4.019054312424511,3.647894656804586,45.14186728,18.069117515457116
247,33,127,MXSO03,MXSO03027,5659.276796,15.560702070308107,,32.799244772405224,2.4970422396621332,1.8877663551366657,44.99628485,17.819661782134578
249,33,128,MXSO03,MXSO03028,7600.439502364439,13.345128312869758,2.165737350783556,30.07158944508994,3.2025817474012195,2.922496580838634,43.42327963020154,18.214315245685107
218,32,116,MXSO02,MXSO02013,8004.70842,10.702447533891686,2.718275306755648,31.37722009311079,3.665914064400236,3.1770089580896377,44.457790479294495,14.60379109834919
221,32,117,MXSO02,MXSO02014,9057.221945272837,11.553870935160067,2.7465595311892197,31.425117513860908,3.508605418158046,3.431366948650244,43.48391411373769,15.404436474403887
224,32,118,MXSO02,MXSO02015,10834.908027290297,10.787581590735119,3.0381188370904963,30.290892059243987,4.130542372875457,2.4964138405221026,40.968109958376935,19.075922931891025
227,32,119,MXSO02,MXSO02016,12386.310525578469,11.654586318559149,3.738154695342795,35.63678253092475,2.4749100989633135,3.861341509204325,38.19778042384581,16.091030741719006
230,32,120,MXSO02,MXSO02017,12360.171680602974,10.79206891986156,4.743207591930802,38.06389751400538,2.586170648074602,4.109979824361105,35.99361288482259,14.503131536805514
233,32,121,MXSO02,MXSO02018,12401.647685261312,10.418177537449045,4.168298911617825,36.970622744699554,2.5677523613689144,4.006024326291147,36.880244277505774,15.407057378516763
236,32,122,MXSO02,MXSO02019,17260.68592689905,10.155745219855456,5.135195527368107,36.30674809720722,2.966150713,5.8753443154545595,33.89972291422455,15.816838432893604
212,32,114,MXSO02,MXSO02020,17087.487553820876,11.039705967411551,4.376420751830522,37.1470629,3.700896312424255,5.049869661763361,33.3869891,16.338761269162557
210,32,113,MXSO02,MXSO02021,5907.750239181834,14.263503111628848,,22.360985743528072,2.7479122663933744,2.0209471837332824,47.156007283162545,25.714147523182724
216,32,115,MXSO02,MXSO02022,7162.916812473981,11.59741449772174,2.2639617994306405,24.370568464056646,3.6621769694661124,3.2518698600060865,44.08750241509505,22.363920491945475
219,32,116,MXSO02,MXSO02023,7992.390106169515,11.179561293477486,2.2464423899820534,29.396433777589152,3.493285293,2.5979197579394344,42.047775345018266,20.21814343606727
222,32,117,MXSO02,MXSO02024,6488.8809415106925,12.355429973437968,2.0913043700644676,25.66498114590011,4.565607180050265,2.691936154373743,42.80911481,22.177056338397417
59,21,30,MXEM03,MXEM03001,9950.238356664138,20.825322242248507,,39.72418476675726,2.070293735448473,,42.77586224494413,15.429659252850122
71,21,34,MXEM03,MXEM03005,13185.087976701143,18.409034295888915,0.9892922565866422,40.977390738736354,0.8124791274188303,1.1799730206085086,42.306617779635715,13.734247077013965
60,21,30,MXEM03,MXEM03006,10564.972636651033,20.996362818688524,,38.73372236931235,1.0189432630165698,0.7885715123444029,40.27927710816385,19.179485747162833
68,21,33,MXEM03,MXEM03004,13534.39669687502,19.502313862283412,1.332808610577151,39.811924731908164,1.846423390841268,0.8349931212068517,40.37959018018034,15.794259965286226
202,31,107,MXSO01,MXSO01002,6803.885600153551,12.553369612958257,1.9927453517515705,29.765309623321382,3.5816468563234833,1.9201570856006192,38.65136530405128,24.088775778951664
203,31,108,MXSO01,MXSO01003,7211.995890309489,11.826648968801244,2.6081030360970003,30.618416551790936,3.1079604201567586,2.3892177469312115,42.949977163920416,18.326325081103686
206,31,111,MXSO01,MXSO01006,5204.030971765702,13.546989748750505,1.0705459170022642,30.441815463672967,4.536573365610668,1.9114275222781365,42.97824969180992,19.06138803962605
196,31,101,MXSO01,MXSO01008,7491.654299845289,13.382444000036244,3.3126719061862326,28.508393024119602,4.000586651805579,2.589226617189499,41.69751301244478,19.891608788254306
197,31,102,MXSO01,MXSO01009,7581.521530469026,12.704740004735129,1.6320740516547194,31.001828909496453,2.4282800538326272,2.3265389004622596,38.72221685545824,23.88906122909569
198,31,103,MXSO01,MXSO01010,6061.782789062987,13.124009437744784,0.9190613195317431,31.438872506431256,3.7605647447917225,2.165619313064526,43.246718889112685,18.469163227068055
205,31,110,MXSO01,MXSO01005,6560.717796567902,12.622028773616885,1.9996084763301254,31.709591611059466,2.8350336019358022,2.3897892443005198,41.78339001,19.282587057875492
28,19,14,MXEM01,MXEM01035,6672.216117870182,18.621879981625444,0.6819416424260645,29.639248172324244,2.4259068699422053,1.3756195098434112,44.00737783334811,21.86990597211598
32,19,16,MXEM01,MXEM01036,9661.625619,14.85730516237062,2.542285777008341,31.77324691813041,1.8217430156453371,1.8135023760153466,40.88985637169317,21.15936554
27,19,14,MXEM01,MXEM01017,6948.771019235338,18.583659764242512,0.8116164818307547,29.98186469809518,2.418405557247912,1.3990875025219423,42.450518050465135,22.938507709839087
31,19,16,MXEM01,MXEM01018,7970.674883351896,16.423097441674916,1.0573368301774977,32.30394992,2.7489005170795964,1.4086299819245616,41.59689894338691,20.884283806234023
55,20,28,MXEM02,MXEM02005,5581.004778891606,14.56310963362271,,32.30178388,2.9163145537755475,0.9828302865868532,38.474665741994144,25.324405540483856
57,20,29,MXEM02,MXEM02006,4639.450562807094,14.969970303997723,,38.22817423869699,,,38.70590536180337,23.06592039949964
56,20,28,MXEM02,MXEM02011,6658.702429308838,12.469052631152826,1.2141077507968594,31.360347828318222,1.3702493880150965,2.4101460698798443,42.221584556090185,21.423564406899796
58,20,29,MXEM02,MXEM02012,4241.475804772651,14.705547566574893,,31.079953058922115,,,38.22097387454149,30.69907306653639
95,24,50,MXMO01,MXMO01001,7500.588833864458,13.442019030440647,1.3156305171619154,26.892750412887143,1.8929446820177525,1.4982202333058907,40.70588513938564,27.694569015241655
96,24,50,MXMO01,MXMO01002,9693.905798865822,13.947070019075149,1.4122248593940965,26.794977918439375,2.6482942719309444,1.6461276357465704,38.45196460929522,29.046410705193797
117,25,61,MXMO02,MXMO02004,9612.005319432643,14.328786060717952,1.3145724667370196,30.012145328836127,0.8912496762392137,2.0996223399550558,40.118067501571055,25.564342686661526
105,25,55,MXMO02,MXMO02007,9522.239973224021,12.190747165313674,1.4543666546614358,31.131298965809652,0.9166520366260613,1.707540785984406,39.94084001446112,24.84930154245732
112,25,58,MXMO02,MXMO02010,9295.148063870276,14.365223266506263,2.193322365,31.42290113310692,,2.220253053179569,41.11750492477543,23.046018523563504
118,25,61,MXMO02,MXMO02013,12449.165738910744,13.282115930499591,2.631995313055177,30.31261514608821,0.32576021093705904,5.651198815561349,39.52153957,21.55689094
106,25,55,MXMO02,MXMO02016,10574.378496303638,10.603685986002066,2.3784579241791484,30.322226527696763,,3.625392144086343,39.448508141909514,24.225415262128234
161,29,83,MXQT02,MXQT02001,9987.982770763969,12.487240298025695,2.1919658858690023,30.75675005967004,,3.3959619418614992,39.892016712542095,23.76330540005737
165,29,85,MXQT02,MXQT02002,11356.583042801825,11.773048066355667,2.812018247556069,30.92635000148012,,3.0116032014881275,40.160777052708205,23.08925149676748
167,29,86,MXQT02,MXQT02003,9125.163679240159,11.595886519024077,2.515226811570397,31.605487934559694,0.7763484596813388,5.479141214095147,39.64090128132998,19.98289429876345
169,29,87,MXQT02,MXQT02004,8006.1727174342905,11.121913695652074,2.4228751874014027,32.91778579,,2.461444790396733,39.06711641796723,23.130777811099954
171,29,88,MXQT02,MXQT02005,9904.616885126616,10.679992512989406,3.041347768019292,31.076584976101234,1.0914022685373055,4.2895842089553415,39.518006195586146,20.98307458280068
173,29,89,MXQT02,MXQT02006,10424.163592517045,10.32869279798662,2.7621383313773658,30.421619481559304,2.826317059457281,4.082071492833948,39.78067113381931,20.127182500952777
175,29,90,MXQT02,MXQT02007,7667.651275498341,13.102887848416257,1.689853811335315,31.283563811072305,,3.2086855425661116,43.18830224324229,20.629594591783974
177,29,91,MXQT02,MXQT02008,7471.754699613261,11.134529748099817,2.4696967796879465,26.773117855972224,2.1938558766142586,3.0930453673818685,40.58968843343244,24.880595686911256
179,29,92,MXQT02,MXQT02009,8980.559115444617,10.782908602383827,2.7614777279803606,30.530016293676354,1.7407934143464854,3.493014764770855,41.01155807626385,20.463139722962087
163,29,84,MXQT02,MXQT02010,7167.552396095351,12.162953490015223,2.257243894,30.141016912866522,1.7798540168899863,5.575239993186024,41.689502873918485,18.55714230871625
162,29,83,MXQT02,MXQT02011,5819.425867,13.23685162953025,1.6980437063481253,30.59689378049804,2.9653607723816084,3.146170205882259,42.86161036989057,18.731921164999395
166,29,85,MXQT02,MXQT02012,5968.731782207758,11.988791764591848,1.4893737339863127,26.932144798099976,2.3835196713699878,3.743264348332906,41.409208187298475,24.042489260912337
168,29,86,MXQT02,MXQT02013,7024.324545589971,10.969972497075396,2.391094357018697,31.053374576943963,1.983485512790737,8.269305984,40.138887866518814,16.163851702313664
170,29,87,MXQT02,MXQT02014,6446.618375266942,12.349382342062684,1.80409717,30.185559538297454,2.2997982613140335,4.885939251765249,42.23618925815747,18.58841652071136
172,29,88,MXQT02,MXQT02015,6311.696642843898,13.04191150486582,1.6195012380477964,30.118093386066484,1.9740975018032023,2.911203835624442,42.418466360358615,20.958637678099453
174,29,89,MXQT02,MXQT02016,9827.741310933205,9.681473659017476,3.484698304465109,32.76513943935339,5.078871005168475,4.609060553828707,37.31984038870265,16.742390308481667
176,29,90,MXQT02,MXQT02017,6028.174839425389,12.685010058906936,1.738737465570702,26.443546198287713,2.092687358040524,4.211848291544259,43.12672450561243,22.38645618094437
178,29,91,MXQT02,MXQT02018,6457.240800999196,11.937616206047187,1.7250315769036422,29.868887898045493,2.782668113084491,3.914519883095617,43.15614909610515,18.552743432765606
180,29,92,MXQT02,MXQT02019,4376.764534478984,14.840575967976557,,34.391594439203274,1.2768970931442696,,43.90692412101533,20.424584346637133
164,29,84,MXQT02,MXQT02020,4783.278954788734,15.115037011430475,,25.33537503220018,1.535000130869015,,51.341968550471684,21.787656286459118
155,28,80,MXQT01,MXQT01004,8459.765608083004,15.492141574333722,,28.126944868555373,3.9034995691923213,,47.65091760661083,20.318637955641464
157,28,81,MXQT01,MXQT01005,9171.120868027916,14.046990601017738,1.1002403148311384,29.313293357211503,6.698340148041396,0.8804678686882919,43.72329365008678,18.284364661140877
156,28,80,MXQT01,MXQT01010,10628.124285881155,12.582636047432457,2.2699978578455418,30.843788126292214,6.212435013010493,1.4410675653440113,41.66767317560438,17.565038261903364
158,28,81,MXQT01,MXQT01011,8015.124522366651,13.921659458238866,1.1100447141478273,29.36450356564984,5.6973971473227145,0.9736011819250836,43.564576081256405,19.289877309698138
139,27,72,MXPU01,MXPU01004,9734.64544,14.494366738325548,1.8139185205851849,33.255846506331515,2.6195922219248917,1.1465697634457694,41.48674832713484,19.677324660577785
141,27,73,MXPU01,MXPU01005,8705.717791049548,14.529118631432706,1.9009136728354608,33.700246340719936,1.572664483274724,0.9838918762264695,42.85330465525999,18.988978971683416
83,23,44,MXHG01,MXHG01001,13971.087320344257,11.13615295464319,2.912046909028143,31.729730953122417,2.3993593209056825,2.220206114878634,42.35058531033776,18.388071391727355
91,23,48,MXHG01,MXHG01005,17304.67700757048,10.1259687,2.6215346062322147,34.16961517,3.5542062621259993,1.9120929713551789,38.49688753,19.245663467861604
93,23,49,MXHG01,MXHG01006,20291.83828,12.531744792945206,3.1639152244724684,31.17391745949406,2.961034418124831,2.5300087728472316,41.281830501600666,18.889293623460738
84,23,44,MXHG01,MXHG01007,14658.056020954971,11.455651697355835,2.390500460676438,31.44577570067357,3.0264668135979607,1.8339302800009283,43.64734491956558,17.65598182548551
92,23,48,MXHG01,MXHG01011,19579.268501162558,9.805408974729852,2.521273620897076,34.29394896831781,2.907609648954476,3.0463910496277826,40.26001190191732,16.970764810285544
94,23,49,MXHG01,MXHG01012,16705.180051164523,14.151852973702834,2.197805915292017,30.379113937640398,2.462710820127781,1.1286964730145956,43.446352288036174,20.385320565889053
140,27,72,MXPU01,MXPU01012,10093.054496870118,14.613143652995177,1.519773165340856,31.709451960673604,4.239433730841331,1.0302220484512947,41.30426787741535,20.196851217277562
142,27,73,MXPU01,MXPU01013,10430.37136378106,13.553302261590268,2.155616415093613,33.14404468,2.0391689982077765,1.2697053060676686,41.79318038847614,19.598284209795217
185,30,95,MXSL01,MXSL01003,7504.836674071433,13.94845373284536,0.9533357497306936,26.745264487514728,4.857536496385598,1.1379578082185986,43.34599892,22.95990653904559
187,30,96,MXSL01,MXSL01004,13534.671049928204,14.86091097187473,1.8663962965658165,33.54701363186614,5.256085701915254,1.298426880809928,40.46083727364028,17.57124021520257
189,30,97,MXSL01,MXSL01005,14630.750431997882,12.671601035716206,3.106147024186847,38.22252497891587,4.0110883504658075,1.525902516646408,38.35928599189163,14.775051137893438
191,30,98,MXSL01,MXSL01006,10476.86038673194,14.281142057783443,2.0062501783000983,31.428041132084346,5.131962220310585,1.1500577846197508,40.849913864016294,19.43377482066893
193,30,99,MXSL01,MXSL01007,13766.472762699432,15.08516356000122,2.1998287017399623,32.94721534235922,3.821183798868391,1.2725892749912333,42.33091419813891,17.428268683902274
186,30,95,MXSL01,MXSL01010,8034.251606555366,12.754327926181514,1.1240341288986613,26.466064538068586,4.679989298114507,1.4168693306316655,42.68437334876833,23.628669355518262
188,30,96,MXSL01,MXSL01011,12199.660264019132,13.27668971051614,1.9333370343834633,29.85711184834293,4.284059563442369,1.2861317423052305,42.22061094289588,20.41874886863012
190,30,97,MXSL01,MXSL01012,11362.670740776428,14.793079249904922,2.0598496044180763,32.76739076228949,3.310548260619746,1.6491632773733564,41.789837717285224,18.423210378014115
192,30,98,MXSL01,MXSL01013,8704.384172061802,15.976823541075367,1.1426197676267273,30.07480525611318,5.249208202050794,0.9197965944573242,43.91879360957164,18.694776570180334
194,30,99,MXSL01,MXSL01014,14065.947368819112,12.576888521987366,3.1286022366063224,32.10302658696111,2.8466467803497553,1.348430692905799,42.27664980752483,18.296643895652203
78,22,39,MXGT01,MXGT01005,16300.850561258234,18.919860719054306,1.1310713475523841,37.89331151570788,1.7182156529192283,2.1497059793778694,40.429702635455854,16.677992868986806
79,22,40,MXGT01,MXGT01006,24401.85072232261,16.333461063429983,1.3779605843972387,38.053069896345015,2.3489483791839763,4.659606793639746,38.86717014273915,14.693244203694881
80,22,41,MXGT01,MXGT01007,23290.37881413246,17.442342775965816,1.3147679553422855,38.42155408504875,2.0236840743756104,2.323082193794265,40.48294292871699,15.433968762722108
81,22,42,MXGT01,MXGT01008,16886.655992387772,16.498855111477535,0.9468085509828037,38.85967202617143,2.161574554135951,1.5376977730681731,39.17152924087739,17.32271785476426
82,22,43,MXGT01,MXGT01009,20854.73567,16.754010430767362,1.5448672590945232,37.732518847934344,2.850863058021182,3.1160090722980596,39.58211859498139,15.173623167670502
1631,118,482,USVA01,USVA01009,23870.063652668094,8.937392621,5.0574733813080455,37.733778627388325,3.2398869489805175,4.824884006318398,34.04560389051189,15.098373145492841
1632,118,482,USVA01,USVA01010,26651.439040797024,8.959443538572447,5.350964524627374,39.30210075,2.7826046507955984,3.835714630849698,34.083678002597104,14.644937445822537
1633,118,482,USVA01,USVA01011,26006.64815,8.376591531522827,5.500214089184409,38.67416269221146,3.4771290307748175,4.461032381406188,33.478449577745614,14.409012228677502
1634,118,482,USVA01,USVA01012,25185.63282684444,8.470391554895437,5.097045702450167,36.771409829527656,3.2963042020403934,4.8148178771806425,35.38670626366829,14.633716125132848
787,63,271,USKY02,USKY02001,23937.724800226828,10.690335585352504,4.640963623,34.779442972226086,1.9417833974908778,1.7524042,36.12941366073208,20.755992145892478
788,63,271,USKY02,USKY02002,22303.725067944386,10.23676525211092,4.740658652599642,33.01753456500708,1.546835025,1.3655934190378132,37.29860205626073,22.030776282154147
789,63,271,USKY02,USKY02003,21188.073929565242,10.385255899923761,5.027895409140358,35.176133805815724,1.6575006915296029,1.1150949416924278,35.52729371504414,21.496081436777747
790,63,271,USKY02,USKY02004,22126.25179313499,10.552609381410075,4.9670164883647985,34.91276756813874,2.282056131993496,1.257393002005082,36.05178931846168,20.528977491036205
791,63,272,USKY02,USKY02005,20216.48151101906,13.530196494512671,4.288540413279432,36.472259326055166,1.8697499209866297,1.0860455860399447,35.47116082188529,20.812243931753553
792,63,272,USKY02,USKY02006,24968.30097796502,11.430612922005068,4.7773138895813085,37.22710371698633,2.098613895654024,2.3481937875217405,34.18599780172035,19.362776908536265
793,63,272,USKY02,USKY02007,24815.420344907252,11.250693114628266,5.237840164414031,37.47628582109242,2.357294145701868,1.4255704778096527,34.22120140353015,19.281807987451867
794,63,272,USKY02,USKY02008,23618.26733235876,11.871216505060055,4.331984649396339,34.82357344421688,2.6849756211568487,1.3026868944232164,35.00203401091477,21.854745379891956
795,63,273,USKY02,USKY02009,37152.700445405695,7.4963545388104205,4.540324598593901,34.564701259884096,2.258789655616124,5.449906532806677,32.26273724,20.92354071478561
796,63,273,USKY02,USKY02010,31855.43810613904,10.342271226434859,4.607833374788871,37.650675798464114,2.397208528093064,4.930521876023778,33.67616466177623,16.737595760853935
797,63,273,USKY02,USKY02011,24185.293364030258,12.382062760458723,4.15548403,35.67985887080536,1.7969630457189616,2.096099086536276,35.862948096107274,20.40864687113475
798,63,273,USKY02,USKY02012,21692.610094719617,10.855345540775954,4.783573015511691,36.646415513180216,1.614782150518533,1.5418573001042883,34.50348190586179,20.909890114823476
799,63,274,USKY02,USKY02013,31924.29806261689,9.528235136341864,4.891876595318713,37.14447204172788,1.8248179486373892,4.529253879414309,33.58653609242977,18.023043442471934
800,63,274,USKY02,USKY02014,26748.103890028735,11.418644912623646,4.511147744090029,37.08137665399109,1.8119395574565293,2.7148128181641575,35.12456653751535,18.75615668878285
1033,77,341,USMO04,USMO04001,25734.052029204955,8.536892592687172,5.1826359432091635,37.91203881230961,1.6571084503128168,2.4065539573168455,34.24510796380626,18.59655487304529
1034,77,341,USMO04,USMO04002,24747.968440040673,10.226358728121477,4.212420683426408,38.46555641797615,1.853062141,3.924201126407859,34.36762498982882,17.177134641593423
1035,77,341,USMO04,USMO04003,22151.01534,9.369886209531614,4.8629171991628235,37.28853121966216,1.652038502255169,1.3309608408711104,34.502591698104766,20.362960539943955
1036,77,341,USMO04,USMO04004,25677.490625850965,10.025470024770105,4.223161115098024,39.14120778487062,1.813019032023269,1.7603946824958214,35.320613710053934,17.741603675458325
1029,77,340,USMO04,USMO04005,25754.119354690225,9.289957192,5.183384928242872,37.32929147371072,1.9260250532163612,2.016095197012732,35.385872318095906,18.159331029721404
1030,77,340,USMO04,USMO04006,22895.076910142227,11.25236021579618,3.835632985487888,36.784431525583685,3.358024077668368,1.8602003436316201,36.23201788941971,17.929693178208726
1031,77,340,USMO04,USMO04007,22017.30358377294,11.037731421919533,3.9858386481926353,37.263541659176475,1.5500040230737757,2.2089061752875945,36.177133341670086,18.814576152599432
1032,77,340,USMO04,USMO04008,27158.36325076378,8.933080203388256,4.814250167251338,36.087927178672594,4.602286685760633,1.761845660531373,34.900129453781794,17.83356085400226
1025,77,339,USMO04,USMO04009,22478.67453,8.644136697282384,4.880095283856734,37.04189626507457,2.445637286540832,2.8615586068533636,34.76720255480084,18.003610002873668
1026,77,339,USMO04,USMO04010,19661.633881893034,9.566192027530716,4.561015281257107,36.67793175748439,2.079317345682304,2.618031675166141,36.43912288478607,17.624581055623995
1027,77,339,USMO04,USMO04011,24197.668592144462,8.792574034292132,4.784963901231938,37.068874428570034,1.9840054849707973,2.0171982691369634,35.496199272316346,18.648758643773927
1028,77,339,USMO04,USMO04012,19240.94907890895,10.514836023102596,3.9357109938509747,38.039057851627526,1.7494245037035412,2.3862633808869638,35.52574172,18.363801547942206
801,63,274,USKY02,USKY02015,16679.33259966582,15.441948891991247,2.713661146087575,35.447596035967244,1.9285455705041787,1.6268958505887074,36.74654198156994,21.536759415282354
802,63,274,USKY02,USKY02016,13843.87322759853,14.90516001412209,2.4667810748844725,35.66475694,3.0544227279263505,1.7167556745221446,36.543223742772646,20.554059838800498
803,63,275,USKY02,USKY02017,14641.64377087915,13.82010503358782,2.3852048041409715,32.92221400456756,2.2194831093269114,1.4922655421773507,38.40921461,22.571617932436606
804,63,275,USKY02,USKY02018,15295.396642018415,14.150535334804406,2.632134375,31.046318794780234,3.2211494827525837,1.543616858111847,38.564716376047045,22.992064113065904
805,63,275,USKY02,USKY02019,17631.34064,11.682637374751485,2.9675393979287357,36.97584375064804,4.068838105958649,1.6586696751553953,32.68073735546689,21.648371714842288
806,63,275,USKY02,USKY02020,16895.062025792988,13.965818036425388,3.330132116307925,37.03014346519451,2.7826022964758717,1.8763418772640308,34.06011844677848,20.92066179797917
807,63,276,USKY02,USKY02021,18671.87693792658,14.65233427606463,3.240595902,35.77129583403445,3.0013325199239778,1.3233085653718988,35.20066814609818,21.462799032139042
808,63,276,USKY02,USKY02022,19545.91792410264,13.696065120849395,3.783358403,36.78758057679662,2.264972182009789,1.2092427343136936,35.22451727090538,20.73032883
809,63,276,USKY02,USKY02023,15684.318132081204,15.045089960968147,2.368809696371859,34.03107066481653,2.6888688777531597,1.0766953208126853,37.13562384869889,22.698931591546877
810,63,276,USKY02,USKY02024,17138.61611676425,13.333863383505488,3.064943880712928,34.46883399725962,2.3099634535340297,1.9247079673951337,34.24395767619316,23.987593024905117
368,42,173,USCA01,USCA01001,15204.42856836831,7.7007343931516425,4.242856749372518,40.49824908835334,2.5794171844043747,6.302085372573652,33.77789625228246,12.599495353013658
369,42,173,USCA01,USCA01002,13365.508598670896,8.179079206,3.7870797557084517,39.63160778805132,2.802025089925064,5.218450449966102,35.75556874,12.805268177777455
370,42,173,USCA01,USCA01003,16482.99058293307,7.5623190763675305,4.438131435933374,39.444205533333054,4.515698616,6.234603869248421,33.56881974846242,11.798540796658806
362,42,172,USCA01,USCA01004,7997.081562708938,10.813869144204721,2.582041643781781,35.45409164265723,2.8279361020733575,2.645097435735177,39.98453472596484,16.506298449787604
363,42,172,USCA01,USCA01005,10638.725261292939,9.269761640804887,2.7532403956235942,42.08894713223573,2.2351948390092926,3.6309987710648888,35.55296750575418,13.738651356312323
359,42,171,USCA01,USCA01006,8075.061959145729,9.521308165907477,2.7752521559249863,38.95359219039058,1.675539806427252,3.262872903057688,38.069582208621426,15.263160735578067
360,42,171,USCA01,USCA01007,6990.061035922426,10.408179829070221,3.0066766626069983,34.02007798,3.265076987612311,3.333239527764695,39.55441535242998,16.820513489947604
364,42,172,USCA01,USCA01008,10971.205888101438,8.446119573,2.9043086692019915,44.22310193,4.315539000358301,5.031815519658301,32.23473780601805,11.290497072761752
365,42,172,USCA01,USCA01009,7815.4675246055685,10.730181330950524,2.550212889956905,41.14427007404448,1.8930792860109076,2.9546052313365374,36.817147076957355,14.640685441693813
366,42,172,USCA01,USCA01010,11241.87455109838,9.719960401931933,2.869320170049784,41.36448426356354,2.0505291522249665,3.1990367772360093,36.05029999445349,14.466329642472214
361,42,171,USCA01,USCA01011,9210.572957,9.667296115,3.2770278097713073,40.41596959,1.6096071367419598,4.079742832852072,36.493324389444496,14.12432823954197
367,42,172,USCA01,USCA01012,11021.317194442994,9.681926370987185,2.794430876655945,42.81001517466837,2.114186523314849,2.736449742626691,35.73198685375424,13.812930828979898
111,25,58,MXMO02,MXMO02001,11252.139012992524,12.493178970209495,1.7951142570031267,28.891651827714394,,2.0601339172500848,43.694421686864196,23.55867831116818
971,74,317,USMO01,USMO01010,30360.34794029539,10.129851926205758,4.218396657358329,34.49927793613878,4.011671713008488,4.567775381748885,37.71078818332198,14.992090128423527
972,74,317,USMO01,USMO01011,33134.92427426138,11.044833940665713,3.5775169834373552,33.92297720260315,3.371675356596971,6.3888724333070455,36.85356720244849,15.885390821606991
973,74,317,USMO01,USMO01012,27820.36956067619,10.220844519810589,4.817913486159714,34.01334780921591,3.9866266984265732,5.593592875861271,36.93426698399362,14.65425214634289
974,74,317,USMO01,USMO01013,30271.42506295132,9.571756756,5.040378890867136,37.55726504239584,3.4640359435077297,3.508096549,35.75314145613199,14.677082118086188
975,74,317,USMO01,USMO01014,41322.187884378334,11.554338393081366,4.271470434789931,38.23055524980411,3.9467681489996673,4.213663270300917,34.61429044142116,14.72325245468421
976,74,317,USMO01,USMO01015,31903.883101635492,10.497905763233227,5.064508266845427,36.45289230667041,3.2635855650734884,2.9036590057230365,36.533835827176084,15.781519028511557
980,74,318,USMO01,USMO01028,17548.862967174417,12.013846530908282,2.8491341258699143,33.231271259273456,2.3378863081337737,1.9413932307848865,40.372609013421666,19.267706062516307
981,74,318,USMO01,USMO01029,18710.19487256074,9.912678301102583,4.012926152573518,39.48485607944628,2.58878886,1.7967180046822577,35.899804123771894,16.216906779545965
982,74,318,USMO01,USMO01030,17156.51233258755,9.523407429811998,4.009066184792534,36.81966138299507,1.7158715744657627,1.7048339467919063,36.81808608613914,18.932480824815595
983,74,318,USMO01,USMO01031,9437.387007,14.208308845549839,,24.834669619896065,2.3447258934074173,1.2765189067422067,49.59239033593109,21.95169524402321
984,74,318,USMO01,USMO01032,10713.364504960464,17.70317709247366,,24.851024019042775,2.752856386024623,,49.55537031327656,22.840749281656038
985,74,318,USMO01,USMO01033,7026.826450460634,17.00453968920748,,23.08846859987903,,,52.85616918070087,24.055362219420108
986,74,318,USMO01,USMO01034,11938.969718647493,11.673615068949152,,33.514188204627104,4.210471129,,44.217990354256536,18.057350312205728
987,74,318,USMO01,USMO01035,7633.701507615908,17.448998176168462,,34.53232126680232,,,46.50517276,18.96250597800078
988,74,318,USMO01,USMO01036,11018.106213247635,12.538167041474038,,31.374943735220306,3.91705391,,45.06501424832362,19.64298810610126
1020,75,334,USMO02,USMO02001,18515.01453647896,17.632748456466565,0.6808387945800387,30.340665046046936,4.380800981144455,0.7636322656034428,43.24483406,20.58922884781012
1022,75,336,USMO02,USMO02004,13595.239891212084,17.215363503542733,,37.47470552880703,1.626261996009627,,43.19732638075667,17.70170609442667
1021,75,335,USMO02,USMO02005,22227.643918721093,14.27629523,2.0388624369328388,30.73446933938741,2.9558063639916816,2.1662269593190584,43.02651918,19.078115722108418
1017,75,331,USMO02,USMO02006,7768.786308160222,14.086021006156548,,36.19197366229446,,,44.183767045982634,19.624259291722908
1016,75,330,USMO02,USMO02007,25018.720276475447,9.942707626560711,3.213423141324374,35.50747465817374,4.396257056023641,3.3918388023073964,37.904837057105425,15.586169285065408
1018,75,332,USMO02,USMO02008,35098.768786159046,11.364485644131516,2.7501336388067075,36.97779393339705,2.786460406531399,2.3889224011719388,35.94939531197556,19.147294308117353
1013,75,327,USMO02,USMO02010,20490.642877210437,11.640111119966026,2.004915196103579,34.26603143180022,2.6966524702397536,2.232431414349167,41.01741913755104,17.78255034995624
1011,75,325,USMO02,USMO02011,13114.803498793251,16.471420731901635,1.107578107391995,28.042227389881937,1.8575600603282216,1.1050872654406816,46.30785598530138,21.579691191655797
1012,75,326,USMO02,USMO02012,11465.387976907617,16.41956249049207,0.8300662949296483,27.071717470525012,1.106526988700058,,48.35889464583369,22.63279460001159
1008,75,322,USMO02,USMO02014,14426.594287386051,13.422314691890325,1.0007634067053095,33.76158468717021,3.0724566211087705,2.6778129098631456,41.34514039,18.142241985995863
1009,75,323,USMO02,USMO02015,11177.111698001512,16.641102335585057,1.0976094481320111,33.83886249515548,,1.0348986993702067,43.20681193898854,20.821817418353746
977,74,317,USMO01,USMO01016,14519.514664692504,13.774265159231156,3.354323963166506,33.76462551,,3.061864272020281,43.83959108399803,15.979595168000186
978,74,317,USMO01,USMO01017,27068.904048290962,12.256621082897187,3.506349460985115,35.051754830612964,2.8559137529424197,2.3468831125694334,39.37565312997156,16.86344571291852
979,74,317,USMO01,USMO01018,21202.71374,12.07429880039508,3.180648454298207,33.426276899339825,2.938432554755171,1.8276695672176697,40.20088377655315,18.42608874783596
1037,78,342,USMO05,USMO05001,8012.670741440377,13.043191991326484,,26.021869039136742,1.593341300968174,,50.347711180492425,22.03707847940265
1041,78,343,USMO05,USMO05002,8330.928683171729,14.553546937634236,,26.045185134610467,,,52.31543638306744,21.639378482322087
1038,78,342,USMO05,USMO05003,10590.380249570802,13.435199350565366,0.6926403621612246,28.109341006207398,2.3127287241331786,1.063838477720022,47.578028282621084,20.24342315
1042,78,343,USMO05,USMO05004,12820.821040974979,10.34250961133655,2.4995224697243437,30.608051534873823,5.4307369262421785,1.6435850626407666,40.989212156109964,18.828891850408926
1039,78,342,USMO05,USMO05005,17010.076886261068,9.448851931772941,3.644418230839565,38.75972203058054,2.800191499771829,3.6035630266659204,35.68868728042161,15.50341793172053
1043,78,343,USMO05,USMO05006,12877.386263113947,9.065085787901985,3.717834297846208,34.92746455623731,4.410420623359074,2.039587713060562,35.457829122202796,19.44686368729405
1040,78,342,USMO05,USMO05007,14051.673680687765,8.385162410605032,3.413056868695685,34.39752855596185,11.10051467611831,1.741793315847933,32.986965503756174,16.360141079620032
1044,78,343,USMO05,USMO05008,17351.73647214519,8.448633125,3.2882299361071365,35.682949622535816,8.564195819214952,3.307569014142472,33.94263268739334,15.214422920606273
1474,103,447,USPA01,USPA01001,21206.59276135506,9.112053894,4.034322555235613,37.65702592417724,2.1363386334552086,2.1551217033467887,35.61579796264712,18.401393221138026
1475,103,447,USPA01,USPA01002,24730.31755573218,9.227851881838555,4.0290069009632985,37.36541293354469,2.7219471613438886,1.7315609266312688,35.991380260303565,18.160691817213287
1476,103,447,USPA01,USPA01003,23213.802699985525,8.974125911727375,4.311971001733208,37.73200933485753,2.6896311372533135,1.4616644377617583,36.33590401507204,17.46882007332215
1480,103,449,USPA01,USPA01004,23169.278848966078,8.529801301,4.134006711393778,38.61358061332441,2.3002587423755365,2.5584059854709023,34.72820277896279,17.66554516847259
1481,103,449,USPA01,USPA01005,26316.25367126752,8.847330512623712,4.012949957699508,36.447269062982905,3.2411979736553618,1.8034837730215674,36.62296485302136,17.87213438
1482,103,449,USPA01,USPA01006,20481.560255764965,9.290032847797917,3.959206694117162,35.723849894262784,2.890061365902991,1.6522870849405795,37.29947472901236,18.47512023176412
1477,103,448,USPA01,USPA01007,22143.783752836684,9.010180155,4.104156983810054,35.42852540059562,2.6950439684163547,2.147225847954871,37.05931635895602,18.565731440267086
1478,103,448,USPA01,USPA01008,22684.273288376535,8.558500990475489,4.057246835082718,37.250073330321456,2.9493327973843377,2.4404421521039024,36.13577033750409,17.167134547603503
1479,103,448,USPA01,USPA01009,24722.04396637647,8.969582481882023,4.251533924025986,37.466368025656124,2.497272877673388,1.7759598300444657,36.199388366394096,17.80947697620593
1483,103,450,USPA01,USPA01010,24415.030957521634,7.901284226254158,3.9276857346043688,36.86593497573542,5.652978351945246,2.8456817031266395,34.70436148,16.003357753971716
1484,103,450,USPA01,USPA01011,29393.58128,7.718210059453276,4.689887565082574,39.374760261599626,2.1174058645404066,3.839199939281404,33.48414130706234,16.494605062433646
1485,103,450,USPA01,USPA01012,29421.032396295384,7.857219301507688,4.457898079237592,39.53830303434561,2.333352107956206,2.634556983437858,33.59576838291045,17.44012141211227
1486,103,451,USPA01,USPA01013,26544.388032963245,8.704542363325682,4.091072076538026,34.98292676492635,1.5883175874748916,3.5840307868365864,35.67074679752999,20.08290598669416
1487,103,451,USPA01,USPA01014,23298.722626547296,9.251843764185738,4.198621678455551,36.962378922717306,1.1820088371180382,1.7928366429943048,35.49776768451992,20.366386234194877
1488,103,451,USPA01,USPA01015,22925.03887178767,9.137975649800293,4.229766587650579,36.30139667597616,1.5544205377888698,2.3998119841451206,36.05120737289198,19.463396841547294
1468,103,445,USPA01,USPA01016,28131.344270553913,8.000503722291413,4.856252693867065,36.18785943336823,1.510018042307689,3.982083607666399,34.84592565198534,18.61786057080528
1469,103,445,USPA01,USPA01017,23325.430111772373,9.032611778915655,4.453568543196096,36.235532908590244,2.1574275977835846,3.054247838333532,35.05406539144567,19.045157720650874
1470,103,445,USPA01,USPA01018,28652.388847643986,9.213267025283278,4.544217572273933,37.06678281079678,1.330580555662836,1.5498898000967165,35.33818245408909,20.170346807080634
1489,103,452,USPA01,USPA01019,27152.326252615498,8.785583694281224,4.5316122287680125,36.16068858489308,1.2904204128932055,1.8863536183916167,35.512406820038095,20.61851834
1490,103,452,USPA01,USPA01020,24908.140711318643,8.859855764769321,4.6247996822542214,36.32006078430703,1.2238935524125125,2.2931388192452933,35.34493256835473,20.19317459342622
1491,103,452,USPA01,USPA01021,29802.411711561977,8.887677812,4.629583748886289,36.57359211443915,1.4607898582583236,2.7839457709286144,34.856241182409086,19.69584732507853
1471,103,446,USPA01,USPA01022,25335.880293703533,9.301522341312479,4.373851104757969,35.82488584,1.2795278566241488,1.6183635852899134,35.49178875322796,21.41158286065511
1472,103,446,USPA01,USPA01023,30146.871579524373,8.970799602,4.290992820328935,35.40691553471888,1.233044107935891,1.7336606054947616,36.06246133025646,21.272925601265065
1473,103,446,USPA01,USPA01024,25953.149639260562,9.048074167810954,4.498448260934445,35.971101435023705,1.2301861686979503,1.7516472748075986,35.76522224255852,20.78339461797777
1504,105,456,USPA03,USPA03001,20960.16467879469,8.601646868,5.6578165090601535,39.747771484422096,1.645174711194319,3.3018826559408154,33.557850709624354,16.089503929758283
1505,105,456,USPA03,USPA03002,24080.63589210275,8.128656898251055,5.769410754737602,39.88223152148827,1.7335636675438242,2.695809324178655,34.072940896620544,15.846043835431104
1506,105,456,USPA03,USPA03003,22062.348315395364,9.422949264385768,5.528618800427312,38.8182123,1.555996591547412,1.6914520805870477,35.58950967555403,16.816210556225904
1512,105,458,USPA03,USPA03004,20137.527477800206,9.783948248,4.607510710144355,36.80434221230074,1.7612086308064918,3.765400074464352,34.77859676059692,18.28294161168714
1513,105,458,USPA03,USPA03005,20155.840051682924,8.227642168,4.830657494923299,36.19341438,7.779817183180402,3.485402039368518,31.788460880027696,15.922248019870494
1514,105,458,USPA03,USPA03006,19593.717538105102,9.067280489875039,5.505601230610172,37.39464556024946,1.3900184715115462,2.051015296773488,35.97246061235802,17.686258828497323
596,55,239,USIA02,USIA02017,20793.23971796874,15.258450592858704,1.3179226531268449,27.580916178181305,5.249959992880617,0.8172828501896703,44.044902836705035,20.98901548891653
597,55,239,USIA02,USIA02018,18863.934549568363,16.93476658236489,0.8914569369360139,27.885594682501303,5.122340892520256,0.6913204008601476,45.46154348013544,19.947743607046846
598,55,239,USIA02,USIA02019,13639.00362486011,17.339313187422686,,27.100741520854406,5.828818236774602,,47.81481301184687,19.25562723052411
599,55,239,USIA02,USIA02020,22899.793082217064,14.569568735320862,1.5084397828708285,28.457042164311776,5.835125815868386,1.5704267911543297,43.77233518746199,18.856630258332697
608,55,242,USIA02,USIA02021,16164.177600669178,16.103376256474025,,25.638003258540873,4.855605155818758,,45.00131440806676,24.50507717757361
609,55,242,USIA02,USIA02022,10998.249257525196,16.81797373099161,,24.89718243844862,4.298810277462159,,49.38134869,21.42265859679452
610,55,242,USIA02,USIA02023,10903.62027240738,15.886625762971683,,32.85657994647667,3.391042336696855,,45.50005623427271,18.252321482553768
611,55,242,USIA02,USIA02024,10161.258038850418,16.24532069029921,,23.255453648257525,4.9962342929345525,,50.63811232238794,21.11019973641999
939,71,309,USMN02,USMN02001,15548.299194509173,18.390341841176514,,28.69955448921589,4.155724250169983,,50.010030181958435,17.13469107865569
940,71,309,USMN02,USMN02002,14860.078809772736,18.250760880116825,,28.872750428376612,4.630301247,,50.107673725747695,16.38927459865856
941,71,309,USMN02,USMN02003,12217.783852867156,17.732313604039117,,27.493706110839863,4.5972452231572145,,48.41776673032843,19.491281935674497
942,71,309,USMN02,USMN02004,14544.179628936436,20.11375341959389,,29.98463837091086,4.256399762629191,,47.71664758772313,18.042314278736814
931,71,307,USMN02,USMN02005,13772.466106040138,18.498105827037136,,29.080119499592687,4.267401836551187,,49.53490633082903,17.11757233
932,71,307,USMN02,USMN02006,14869.10245475834,17.468840624965267,,28.77044104598901,4.9068739552479625,,48.47172097573762,17.850964023025405
933,71,307,USMN02,USMN02007,13610.531679229316,18.438135051837932,,29.41435655,4.747841425754414,,49.07487682238771,16.762925205622572
934,71,307,USMN02,USMN02008,14822.453687364525,19.277543098215066,,30.12478696340452,4.147840922557076,,48.58135512711292,17.14601698692549
935,71,308,USMN02,USMN02009,17308.26406151978,15.80907891939926,0.3539430521372765,28.150361931375294,5.735939075718818,1.7203520221892659,46.43484396648221,17.604559952097123
936,71,308,USMN02,USMN02010,15649.12134432036,18.644656826635345,,30.091223894756855,4.196397803392788,,47.52399677478443,18.188381527065918
937,71,308,USMN02,USMN02011,12693.336473944511,19.458160612274465,,29.632244503979514,2.344012009555409,,48.205862341959815,19.81788114450526
938,71,308,USMN02,USMN02012,15746.834112072393,19.437615943976258,,30.59415862723011,3.939951941475611,,47.31128636060045,18.154603070693835
1437,100,437,USOR02,USOR02001,10076.700322611838,12.141553657880884,2.4294660142022853,33.30584303909005,,1.1702797147969533,43.88603980363568,19.208371428275026
1438,100,437,USOR02,USOR02002,14373.112112979194,9.437166704463582,4.0756566002037555,36.498572873003816,1.7370670122909946,2.0312088307943803,37.59190313943894,18.06559154426812
1464,102,444,USOR04,USOR04001,4542.136388177108,10.313092423651042,3.4227130654761027,35.338757926932125,,2.914650241631483,39.717317109400604,18.60656166
1465,102,444,USOR04,USOR04002,4477.006701058345,10.470432566243922,3.471966376235403,34.78344573530875,,2.612727425714448,38.340525806040034,20.79133465670137
1460,102,443,USOR04,USOR04003,5259.382197813649,10.110424260234565,3.9714060505150863,38.03019745001347,,3.6602472888385487,37.88435377737368,16.453795433259213
1461,102,443,USOR04,USOR04004,4638.03384,10.626067078290076,3.762353303063979,37.051237340391495,,2.161519616013615,38.75571897995015,18.269170760580767
1452,102,441,USOR04,USOR04005,4378.041723051716,10.076654351802004,3.547834724795565,36.48158644702886,,2.5486707967171656,38.25113066167131,19.170777369787086
1456,102,442,USOR04,USOR04007,9681.726538,8.973487061122988,4.525216864,38.53071003288854,,2.9317499318804257,35.82213415428026,18.190189016801288
1457,102,442,USOR04,USOR04008,10206.835753590754,9.070145571511768,4.5845736858350925,40.154085786167215,,3.007715435849108,34.137646573100646,18.115978519047953
1466,102,444,USOR04,USOR04009,5301.340476,10.224227466845054,3.5217268488149336,37.148982715702495,,3.3811503330366466,37.87525582251194,18.07288427993398
1467,102,444,USOR04,USOR04010,5937.273273117835,9.398420049507376,3.311968909398602,38.356742490857634,,3.7384604965108994,35.90928922005705,18.683538883175807
1462,102,443,USOR04,USOR04011,6445.848561191404,9.522063829346044,2.8227838572178174,37.06024050640543,6.013113601387866,4.655500075948049,33.940264198939985,15.508097760100862
1463,102,443,USOR04,USOR04012,5387.837705510721,11.184743109952288,3.062227442421816,36.72042688429511,,3.673745765775141,38.52304592561318,18.020553981894754
1454,102,441,USOR04,USOR04013,4904.020321878451,7.307141311752635,3.004394916075631,32.96388320411345,2.2331461408494593,4.339200538377452,38.33315638,19.126218820924926
1455,102,441,USOR04,USOR04014,5750.572878689796,7.652620053259023,2.885450973014273,36.44640820621557,,3.2194543157130644,42.556744766495285,14.891941738561803
1458,102,442,USOR04,USOR04015,7035.82271,10.952653656113382,2.959281465450442,40.27788629754625,,2.5796319139970016,37.08436458448642,17.098835738519874
1459,102,442,USOR04,USOR04016,7224.740671111572,11.09542912680946,3.093439104107952,39.931118430001675,,3.1657391892026214,37.43623424418808,16.37346903249969
691,60,261,USKS01,USKS01005,8605.286669844134,18.90001151,2.4033702255091782,35.221668880121165,,,41.431748655781284,20.943212238588373
692,60,261,USKS01,USKS01006,10113.836375897288,16.554060310341757,2.6745036955109436,37.191144469724975,,0.9234624579390371,39.33689651195987,19.87399286486518
693,60,261,USKS01,USKS01007,10828.982655747706,15.872462154474436,2.829159939662442,36.11574184288635,,1.0536882299795658,38.05030177225106,21.95110821522057
694,60,261,USKS01,USKS01008,9352.29634,16.219512064271942,2.8408932680397787,35.19850973111671,,1.1598511358488384,39.29918570578332,21.501560159211344
703,60,262,USKS01,USKS01013,14891.292100277746,14.679110352701954,3.317332753,34.86047441950056,,,41.12193248117682,20.70026034598801
704,60,262,USKS01,USKS01014,10607.453925673446,16.08347383886317,3.144968817,35.02658426054992,0.8995304940447045,0.9082177088653365,38.41028763875891,21.610411081267806
705,60,262,USKS01,USKS01015,10534.876781939012,14.443245447118821,2.8485206814450783,36.335790432031416,0.8482093464176208,1.0034752410987164,36.695206055520195,22.26879824348697
706,60,262,USKS01,USKS01016,9738.719939778362,16.769911834563892,2.9877041231890447,36.53988009502184,,0.9528113602869436,39.02112318390156,20.49848123760062
1648,119,487,USWA01,USWA01004,4563.294584437852,10.642986034847656,3.071902758307147,36.09988422332067,,2.134956455732785,38.14776902155877,20.545487541080632
1649,119,487,USWA01,USWA01007,5607.699310408216,11.53907425,3.2887372447386705,39.15832778694981,,2.7328796690577537,37.28348960561615,17.536565693637613
1650,119,487,USWA01,USWA01012,8114.272233,10.392193427548934,1.8309161450991858,37.28555699,2.243663226561884,3.0968846281248577,41.58203567558161,13.96094333052957
1045,79,344,USMT01,USMT01001,11883.689624323222,9.187362177168685,5.324628947444694,36.036136475125495,1.051555060351293,1.586795971937305,35.03240146306164,20.96848208207958
1048,79,345,USMT01,USMT01002,12594.148056992595,9.439411383260714,4.527670832981221,35.04066973899687,1.5211436759337387,1.7013269128838249,36.39939154023766,20.809797298966686
1063,79,350,USMT01,USMT01003,11057.380142323407,10.149793615816344,3.3127561039815028,34.13365386086067,,2.2410239228316273,38.02544238816246,22.287123724163745
1066,79,351,USMT01,USMT01004,11710.621220051604,9.124459371726463,4.291059500952776,35.56300063325614,,1.892743684692227,35.39438879029761,22.858807390801267
1064,79,350,USMT01,USMT01009,11977.922999945991,10.932751740259347,3.092947297684213,34.885508033624305,,1.442176410452312,38.57042778489683,22.00894047334233
1067,79,351,USMT01,USMT01010,13097.875965093906,11.318666574506508,3.013661180119152,36.48744814513858,,1.5256905120130535,39.3228484,19.650351767582922
1049,79,345,USMT01,USMT01013,14516.392375392661,11.296225545285935,3.2448004977014735,36.12738875,1.4687043676155387,1.8223725873001386,39.491337012081935,17.845396780914612
1046,79,344,USMT01,USMT01014,14705.541971795465,10.215332133665465,4.010826092196939,35.80818885413005,1.4484892854619327,1.935027914938922,38.35594806311565,18.441519790156505
1065,79,350,USMT01,USMT01017,14216.103576355275,8.283111254099142,3.9665245112264556,36.01485807476994,1.4216440710356304,2.6634846665631233,35.917630382776096,20.01585829362875
1068,79,351,USMT01,USMT01018,13400.688737046106,9.454137223976636,3.533835739448827,36.42179549,0.49439626429020966,2.1362301158974524,37.189256274570205,20.224486115227716
1047,79,344,USMT01,USMT01022,12916.543379314899,9.675999726179858,3.6183650085015895,36.48355616791469,,3.0011354249101436,36.073255863904905,20.823687534768666
1069,80,352,USMT02,USMT02002,10814.213405316214,13.515747056908502,2.5955211614222544,36.61060749622888,,2.5123403262025716,39.561804375853534,18.71972664029276
1081,80,355,USMT02,USMT02004,6144.069777222673,12.649797609186207,2.4242507284022325,32.69877769176038,,2.1136839707188324,41.79163879168616,20.97164881743239
1070,80,352,USMT02,USMT02005,8215.571183879603,14.339413451681208,2.3131312813931704,36.42637417164108,,2.173524576141746,40.40589249517945,18.681077475644553
1082,80,355,USMT02,USMT02006,6680.266921519767,13.398199929632572,2.4498624435104164,32.38971127212781,,1.5190964739846613,42.90672753279321,20.734602277583896
1071,80,352,USMT02,USMT02010,10366.45171575257,12.928261492844838,2.5686024401769205,36.37071984566742,0.844072275,4.697297234470501,37.870690687240185,17.64861751778111
1083,80,355,USMT02,USMT02012,7625.367249731173,11.92781155177658,3.4201229943509546,35.61829955486088,,1.4979976978937048,39.92594321683083,19.537636536063637
1084,80,355,USMT02,USMT02013,8310.846917696732,11.806851186353235,2.7159339591021863,35.78072098552795,,1.8748996332062875,39.767143536060786,19.861301886102805
1072,80,352,USMT02,USMT02016,12392.896587763555,12.26605987909039,3.1613223829021435,38.54516985,0.7698935497440613,3.5608294583928366,36.88854819267147,17.07423656511618
1434,99,436,USOR01,USOR01001,8636.737262760385,12.49318101517988,1.8395641234685634,35.668898081373314,1.333990956115009,4.660515182749577,43.81561954277918,12.681412113514355
1435,99,436,USOR01,USOR01002,7110.884585577973,11.919976720147348,1.6803472816041654,36.872820543140605,1.417035795,3.453596682119544,43.53352912204021,13.042670575974583
1436,99,436,USOR01,USOR01004,8122.683056,10.888210113611057,2.2048003611399585,38.43238874083212,,4.166774384536883,42.67940852821577,12.516627985275283
907,69,301,USMI04,USMI04001,12524.02072202851,9.585395703093623,3.9738317196122166,38.47734733124727,1.9612354731121353,3.040295961128562,37.46099047029184,15.086299044607973
908,69,301,USMI04,USMI04002,11271.303009243209,10.617235500246993,3.833486221,36.49796082344628,1.8776717459417913,3.5941306813835694,37.606469180548736,16.590281348059694
909,69,301,USMI04,USMI04003,14236.695320809336,10.309807522232672,4.2248847547042185,36.933603238223874,2.3501435614202846,3.0261090039535854,37.45969070482784,16.00556873687019
910,69,301,USMI04,USMI04004,12928.842128717653,10.136865147763787,3.5567241734872748,40.23954983059553,0.550726258,4.103289117221039,36.17837479255034,15.371335828483593
911,69,302,USMI04,USMI04005,9992.474946148206,13.123966518244925,2.422255185390755,33.672490525618464,2.0410413528674605,1.979188545678831,39.825218131894125,20.059806258550367
912,69,302,USMI04,USMI04006,11797.164276786363,11.262140581779681,3.5392572885919424,35.88459387886273,3.6270173618075576,2.305826767209973,37.59140681328724,17.051897890240557
913,69,302,USMI04,USMI04007,9799.311830991854,12.77573143540639,3.4117907419692806,35.85480652411361,0.9762962568585761,1.5658710463378533,38.49624172158101,19.694993709139666
914,69,302,USMI04,USMI04008,11828.78185247168,11.052171990102805,4.094138044255283,36.702163536376396,2.2947491664149875,1.923015648499034,36.56857958523561,18.417354019218692
915,69,303,USMI04,USMI04009,12892.333840214536,10.020949948939167,3.9607985084453077,37.483664741108974,2.1037368271768204,3.503839077974204,37.19854660329365,15.749414242001047
916,69,303,USMI04,USMI04010,14166.246742462028,10.328311199013537,4.3013225565241076,38.89241822625389,2.225493126008541,2.6012154624239914,36.28488935042979,15.694661278359678
917,69,303,USMI04,USMI04011,14283.25676074057,11.162356652265771,3.810293272,35.959317580789694,1.3467825024761695,3.249486042042281,38.39721002,17.236910583042672
918,69,303,USMI04,USMI04012,16052.884244037026,9.733819564391963,4.297102564566762,37.10162129342057,2.854351582527264,3.944444863076717,36.51301394505457,15.28946575135411
903,69,300,USMI04,USMI04013,18149.075754509857,10.037258589344807,3.896247503664012,39.11127694621516,1.357454904372693,3.712968335753344,36.746973804322394,15.175078505672397
904,69,300,USMI04,USMI04014,15962.513471813287,9.759492122850185,4.207176418762393,37.22621554,2.391073747827644,3.5983102112428913,36.925675774814806,15.651548311289975
905,69,300,USMI04,USMI04015,18735.810624073525,9.499711555230315,4.242238655181891,37.75097443947921,3.9196866969133093,2.7804190451766395,36.05044902191514,15.256232141333815
906,69,300,USMI04,USMI04016,18487.12498,8.988323709338147,4.324678995493533,38.417266894292155,3.216084542261703,3.6675040078736654,35.59825638354034,14.776209176538611
927,69,306,USMI04,USMI04017,26772.23922645594,10.301476190509305,5.115389149476705,41.451701789101584,2.8733437967159876,2.2580020255285933,32.53901104484821,15.762552194328922
928,69,306,USMI04,USMI04018,13390.659040677869,12.155981161377614,4.334332705,38.56819479795913,2.120080065714532,3.1655514521946655,36.12073333860285,15.691107640604503
929,69,306,USMI04,USMI04019,11129.426511474818,12.394476206886122,3.8487072711514947,35.64586715376974,1.923681655,2.605663939,38.03966648761032,17.93641349417459
930,69,306,USMI04,USMI04020,20957.807032090997,10.31657549507899,4.870941512000486,40.36307017609255,2.2234481549477914,3.1104506583169105,33.813290770768894,15.618798727873372
919,69,304,USMI04,USMI04025,28796.538236159846,8.993849939012815,5.162865896831137,40.95982804586273,4.147052841488805,6.516335853240938,30.40063618,12.813281180335695
920,69,304,USMI04,USMI04026,26112.805825915933,9.491807773,5.568531388349305,41.94651546273707,2.884817132799945,4.206517972940517,32.158286353044474,13.23533169012868
921,69,304,USMI04,USMI04027,30403.566867493155,9.028838543720305,4.691328306467137,39.28718917366099,2.4170041487813307,9.362890916841481,31.07836519322292,13.163222261026146
922,69,304,USMI04,USMI04028,34421.12506878481,9.74078559,5.256495983,43.240947274048075,2.822781186038878,4.734171569493608,30.74177257814741,13.203831409358205
923,69,305,USMI04,USMI04029,15060.695914459016,14.742404980838552,2.879715936104723,36.661396233490876,3.4742423296215463,1.3474705193783718,37.64686196375711,17.99031301764737
924,69,305,USMI04,USMI04030,41707.19653338887,11.833070061079061,4.424559443371923,42.7160824,3.442275433928608,2.5060841289460214,33.32127647848997,13.58972211752607
925,69,305,USMI04,USMI04031,13859.459036459652,16.40586757696223,2.160157137241554,37.59936078196583,3.2864969130629675,1.876889110335767,38.53097744198767,16.546118615406222
926,69,305,USMI04,USMI04032,31267.156735023025,12.324877381886893,4.250320097498484,39.69129661,2.774861441021879,3.8358922116499605,35.37500565035848,14.072623989088218
891,68,297,USMI03,USMI03001,24781.042527322003,9.548363091381043,4.5583649951270715,39.96763713,2.6311861935066085,4.302448971470021,34.444798143935465,14.09556456271932
892,68,297,USMI03,USMI03002,19837.277537392405,9.041800890699173,4.878472371409572,40.11039093667568,3.5699542254054593,4.013233615045643,33.757652127582716,13.670296723880933
893,68,297,USMI03,USMI03003,21701.377827404678,8.702248105146333,5.035307961803385,39.087871001535305,3.363648790087801,4.849284466613881,34.05296801660094,13.610919763358673
894,68,297,USMI03,USMI03004,25054.86586,8.241020079120508,4.748258805947041,39.44993293093085,2.5740198811572803,7.117537129721183,32.909070232569505,13.201181019674141
871,68,292,USMI03,USMI03017,8319.324502800642,10.546175270017448,3.752913702341124,35.519032096870724,1.653089010828837,2.6602230057995655,39.605517180064425,16.809225004095335
872,68,292,USMI03,USMI03018,6671.615270715373,9.88157283,4.058558437266996,41.123400588347025,,4.6054202609655395,36.93335586054641,13.279264852874023
1439,100,437,USOR02,USOR02003,19178.352108117484,6.896494754147188,4.9164716233290475,40.496571187323646,2.1991895327043673,3.3454709767103306,34.55050033045824,14.491796349474363
873,68,292,USMI03,USMI03019,7965.780072400614,15.236792127987195,,24.86532713028868,1.2582433169974891,,55.11419362943459,18.76223592327924
874,68,292,USMI03,USMI03020,6194.955332454865,15.589585290713206,,25.968878066038002,,,53.85414214591432,20.176979788047685
895,68,298,USMI03,USMI03029,3270.4309014119485,13.319805290963078,,22.782461491342268,,,54.590696179779066,22.626842328878674
896,68,298,USMI03,USMI03030,3157.0860585200176,15.885010249837515,,23.784889217635403,,,57.054222924718964,19.160887857645623
897,68,298,USMI03,USMI03031,5097.564800312717,14.244772670892798,,21.95590635,,,55.12233564744875,22.921758003389748
898,68,298,USMI03,USMI03032,3526.2572422405137,15.764309268699597,,23.270570962108348,,,54.35161104712128,22.37781799077037
624,57,246,USID01,USID01001,11183.018864644677,11.843311578731784,1.337914199366369,26.17144552087419,5.374030965285005,0.6095190653642356,48.755236459592055,17.751853789518133
628,57,247,USID01,USID01002,19265.75699213603,11.64042637380664,1.881643672512289,28.13774377748849,3.718362184312379,1.1304293050672112,50.58098290269026,14.550838157929368
632,57,248,USID01,USID01003,7914.593576784827,13.267841274545038,,21.830354256569784,3.321415528,,53.40438608539402,21.443844130408387
636,57,249,USID01,USID01004,8534.574462836095,12.652507224173513,,22.827516009475286,5.163227157,,51.664213891259486,20.345042942056857
637,57,249,USID01,USID01005,8180.081454,13.075354539779436,,21.790055179374328,4.807137185690594,,51.78683910889726,21.61596852603783
629,57,247,USID01,USID01006,20931.303335327655,10.586388527871717,2.3662526428922375,29.407232417611112,5.026906078088324,1.3646076137474852,47.633836998269004,14.201164249391837
633,57,248,USID01,USID01007,7182.660632139207,12.982125765056539,,21.586424540663536,,,57.12978578491525,21.28378967442121
625,57,246,USID01,USID01008,10723.953473135332,12.095508053284618,1.5536908702988876,26.006759201710572,2.9118538325693955,,50.723058179339574,18.80463791608157
634,57,248,USID01,USID01009,8042.525033426352,11.189521049465014,,36.80290078874728,,,45.62999300499022,17.567106206262505
626,57,246,USID01,USID01010,13253.092714609882,9.651099777557064,1.9161186793695806,39.21695630244455,2.4746928199640013,0.9595549987172424,41.09797226120804,14.334704938296587
638,57,249,USID01,USID01011,10560.494278621429,9.893484180318161,1.2502335813418808,40.07825074161811,1.1988709770986696,1.2201795802499864,41.24606518479448,15.006399934896855
630,57,247,USID01,USID01012,20265.834600475864,10.95521823440402,2.2175480876359854,29.592637476164303,3.739483697217798,1.7322176522327557,47.87322568627177,14.844887400477377
639,57,249,USID01,USID01013,9270.167305584777,13.485476078812459,,23.255615247601153,4.916681306074042,,53.86478962375473,17.962913822570073
631,57,247,USID01,USID01014,22726.114236563077,10.787271862244944,2.0526739485045256,29.580214202624035,4.852025378797723,1.4043997317052919,48.332513790864866,13.778172947503554
627,57,246,USID01,USID01015,11260.807643443377,12.05798647922696,1.4308583513589705,26.49266604525367,5.334128069168104,0.7184280569261783,48.44798908,17.57593039728297
635,57,248,USID01,USID01016,8516.372463124544,12.186738656344758,,22.515231008571416,6.934483038216565,,51.71759365478736,18.832692298424664
1115,83,365,USNC03,USNC03001,9294.270148266576,15.511380724339563,,27.833638409639313,2.2776495215927315,,52.937888751073075,16.950823317694866
1118,83,366,USNC03,USNC03002,15015.347053958347,15.445504535321597,1.005942317854337,31.765552740453728,3.6752563814774133,0.9356468006181978,47.58424891443026,15.033352845166052
1121,83,367,USNC03,USNC03003,17430.684087094498,15.366116383316733,0.6572144862252933,29.240668011849255,4.474158012366646,0.7878485172844917,48.86015363933282,15.979957332941492
1097,83,359,USNC03,USNC03005,13369.665020650178,16.086910667388935,,27.764501137660634,3.5177428935597828,,50.516794853357666,18.200961115421915
1136,83,372,USNC03,USNC03007,13306.91819004972,15.73622394082346,,37.69186755209385,1.5848256717983151,0.606861548,42.36606606926519,17.750379158627265
1133,83,371,USNC03,USNC03008,7129.682560666975,19.17919867,,40.47986082884139,1.3534701525162927,,42.637086970946136,15.529582047696186
1130,83,370,USNC03,USNC03009,7001.077809161856,18.45938365613502,,32.62854012119308,,,48.17016784951537,19.201292029291537
1124,83,368,USNC03,USNC03010,6539.987200808139,18.293102832228872,,31.550176356982444,,,48.68973835,19.760085296638465
1127,83,369,USNC03,USNC03011,7647.726934311333,17.843358510798627,,31.323898872219925,,,48.43084307808192,20.24525804969816
1098,83,359,USNC03,USNC03013,10009.686798917439,16.648084666449016,,36.73222810762937,1.833744124701928,,45.03087501,16.40315275412602
1137,83,372,USNC03,USNC03014,6626.588686905393,19.17649781420132,,33.13567794051155,,,47.425224609831794,19.439097449656654
1122,83,367,USNC03,USNC03015,11916.053415139753,16.134802421012783,0.6962641030409906,29.10772197951274,2.8381783605521607,,48.878894396461526,18.478941160432584
1119,83,366,USNC03,USNC03017,9984.331738626737,16.28021632647443,,28.721230583462905,1.9885838215688802,,50.42667806716644,18.863507527801776
1116,83,365,USNC03,USNC03018,9592.611294,13.765470999352226,,23.19905185414463,3.6135402580451323,,56.52443894699678,16.662968940813453
1103,83,361,USNC03,USNC03020,8876.291373447097,14.038882881339473,,36.18270295429244,,,46.22339976996664,17.593897275740918
1104,83,361,USNC03,USNC03022,12073.053752986041,15.944303692711799,,24.587184465995257,4.050363655064017,,49.822754697969245,21.539697180971473
1131,83,370,USNC03,USNC03025,11726.78197865395,18.080634074480873,,28.276199505090364,3.977317698514038,,48.13367920362898,19.612803592766607
1128,83,369,USNC03,USNC03026,10268.152180216195,17.27416812564629,,28.08536956659115,2.3972451410874513,,49.16020968753951,20.357175604781872
1125,83,368,USNC03,USNC03027,7826.673480490996,18.950893781570322,,31.091244765321473,1.1131774067122404,,48.105400741656105,19.690177086310193
1134,83,371,USNC03,USNC03028,13302.30933780991,13.720280257305905,,50.69584068853084,3.6965043963896567,0.58113844,32.19383029911031,12.832686176277434
1138,83,372,USNC03,USNC03029,8515.116786505476,18.517980448217518,,32.252274101312636,2.506239126888904,,46.22746386948119,19.01402290231726
1117,83,365,USNC03,USNC03030,11745.09622990936,14.998644169426234,,35.58525814997144,0.9135813618446057,,47.71406832764978,15.787092160534177
1123,83,367,USNC03,USNC03032,19750.919785012953,14.44245870771881,0.592030306,37.58116934133618,3.259590214168153,0.6885956017385615,43.129800397569916,14.74881413923978
1132,83,370,USNC03,USNC03033,10508.463813417326,17.37851099927909,,32.852427295502146,,,47.969753778990544,19.177818925507314
1135,83,371,USNC03,USNC03034,9262.114335312426,19.591963997779438,,29.948235408602798,3.8765303856987297,1.432069661634717,44.41796097311979,20.325203570943966
1126,83,368,USNC03,USNC03035,9210.385331448262,17.415348208890226,,26.080271981009826,4.4464671302911185,1.5792037520986644,47.027617440966004,20.866439695634394
1129,83,369,USNC03,USNC03036,13409.454537215055,16.359850093541084,0.9938974011161676,28.969114268518695,4.915766865502125,2.323061884537254,44.18409130775084,18.614068272574915
1099,83,359,USNC03,USNC03038,9191.3693,15.645415187166149,,24.50814035069739,3.877195914100032,2.865051960200217,51.18647931252603,17.563132462476336
1120,83,366,USNC03,USNC03039,20878.23676728268,12.711727048621393,3.397373734104871,37.38952338318316,2.7290945517837972,3.231418255205042,38.788826189334266,14.46376388638886
1105,83,361,USNC03,USNC03041,18625.297529902153,13.681659696877883,2.7274070518305624,32.21897709813945,2.021023146060396,2.3333702792995057,41.316414779317036,19.382807645353047
1690,122,493,USWI01,USWI01001,15646.442572548372,12.072973488589493,2.7996577473550577,35.11685683859815,2.9062601456999877,2.330518888418992,41.60973956024717,15.236966819680642
1691,122,493,USWI01,USWI01002,20671.536769405688,12.705371743819086,2.795720496657925,35.899526769561255,3.057431375609718,1.757611400806432,41.06271770933507,15.42699224802961
1692,122,493,USWI01,USWI01003,11520.482496088958,19.064366529114444,,29.826419685604296,5.704306849,2.7176311518084355,45.244264802810676,16.507377510985577
1693,122,493,USWI01,USWI01004,14010.838244840752,17.15784653886594,1.882682889810935,33.626831010175636,3.5164039097370074,2.515416405981003,42.15502250302082,16.303643281274613
1702,122,496,USWI01,USWI01005,11748.840014584137,14.66825036,1.848204208958722,37.18424508958822,2.167402323160167,2.2599992321347404,39.88629519123872,16.653853954919438
1703,122,496,USWI01,USWI01006,16652.85875713387,12.868560619401011,4.174442224114577,37.01060921256115,2.167886150790986,2.0839743919889298,37.44869302225104,17.114394998293324
1704,122,496,USWI01,USWI01007,16483.35590286525,11.636976577048008,4.237014833,37.67582999841431,2.769325646921205,2.109810356888272,36.560896690217156,16.647122474912365
1705,122,496,USWI01,USWI01008,19078.556557655927,11.04122611261976,5.509968118410656,38.864408433271024,2.3895288755777933,1.7203288558602758,35.84046867380501,15.67529704307524
1706,122,497,USWI01,USWI01009,17023.371833901365,10.679390276714097,4.842149132258282,38.62757267839525,2.3230841837474685,3.098224960657561,34.656615079863535,16.452353965077897
1707,122,497,USWI01,USWI01010,16652.700084826593,11.981172992899614,4.415696917754101,39.15168812348111,2.858343394047668,2.2370841435276887,35.874361527536976,15.462825893652452
1708,122,497,USWI01,USWI01011,18911.80866088092,12.179478317976683,4.287463786030547,38.73424837617277,2.232707002734389,2.149649846,36.61990541060034,15.976025578163377
1709,122,497,USWI01,USWI01012,19402.348377860817,10.248446690334612,4.862796938208495,39.463291160028184,3.0372073888441937,2.3920686800119437,34.69604250018316,15.548593332724021
1694,122,494,USWI01,USWI01013,19868.269023458353,10.581301389880608,5.174931856313564,39.89338413233246,1.953923167735453,1.4734575549359143,35.17283309717465,16.331470191507957
1695,122,494,USWI01,USWI01014,21615.68264514911,11.319601799170794,5.236802753613633,38.46283636264365,1.9244283557467345,1.7040836248783418,35.98849989920575,16.683349
1696,122,494,USWI01,USWI01015,22105.718971214366,10.639208702376985,5.392308018685328,38.044564640350714,1.1696139022469922,1.5165752389404707,36.25491909830499,17.62201910147149
1697,122,494,USWI01,USWI01016,24292.281973320336,10.468945618089599,4.765571033717143,39.66282279357566,1.4583269123776155,1.8690854499964207,35.60555668608532,16.638637124247836
1286,88,391,USNE03,USNE03001,9062.960966626359,17.990911205138584,2.010306323883058,38.811241442910784,1.237601436877302,1.5683031347677323,40.60851043,15.764037233089827
1287,88,391,USNE03,USNE03002,8708.299881723136,17.19193807973228,1.7197631664601407,35.90648367020947,1.5249627522992562,2.042936630912369,40.256873713105364,18.548980067013407
1288,88,391,USNE03,USNE03003,11995.01091,13.015249500608014,2.920812077675206,36.725321415090136,2.2360357834045366,1.820053316,37.683113219714535,18.614664187759328
1289,88,391,USNE03,USNE03004,9874.318698,19.75758556,1.6223286359803586,38.357517721458485,1.6609525677112376,1.4974343561916854,39.983496465834115,16.878270252824123
1290,88,391,USNE03,USNE03005,9166.101492,17.970786284865493,2.1501243741222673,33.42702262620902,1.6065525089250132,1.2768931505493297,42.561814013751125,18.977593326443245
1291,88,391,USNE03,USNE03006,12537.509831257115,13.869942519776112,3.3118829005090307,34.395961388850836,2.1213060068704848,2.040357967970686,38.62716242807263,19.503329307726347
1292,89,392,USNE04,USNE04001,9307.998700504546,15.560254561998192,2.1173662536381967,32.30321726056953,1.5840487475961376,1.632648423446057,41.593020932927544,20.769698381822536
1293,89,392,USNE04,USNE04002,13677.683821047767,13.67789905958311,2.849061827,37.32585171577215,1.6024997175122082,1.5229509500354124,36.75453417219097,19.945101617932345
1294,89,392,USNE04,USNE04003,8445.049718414797,14.126708334968733,1.9697999471462186,34.21203495025952,2.7810372806326336,1.7069524442331039,39.17667215538792,20.15350322234061
1295,89,392,USNE04,USNE04004,11892.11062,15.677188902651963,2.5984427223126914,35.19746439456129,2.7390729866324883,1.8338608962069036,39.60367538,18.027483618972727
1296,89,392,USNE04,USNE04005,13859.093149467728,14.65190632986772,2.947678956866415,35.30994620748914,1.9492912007699639,1.6460864219411806,39.01492721893969,19.13206999
1297,89,392,USNE04,USNE04006,12598.07332127651,13.235805201707826,2.799087111508023,37.49391411712495,2.5521683453233814,1.6330066589214576,38.050232885046604,17.471590882075574
1298,90,393,USNE05,USNE05001,11501.202316131883,16.08252067409361,2.388781541558339,35.73169626161303,2.2282793902507727,3.0377856676639863,40.13467946578889,16.478777673124984
1299,90,393,USNE05,USNE05002,11061.608948021232,17.28574588449936,1.8762950931649551,36.76085006452989,1.7240414785995664,1.9245403065931346,40.116552498126865,17.597720558985586
1300,90,393,USNE05,USNE05003,12577.75928,14.137579741537301,2.7529120488031436,37.84422144455374,2.8823202062394633,2.436587133728192,36.67784279413904,17.40611637253642
1301,90,393,USNE05,USNE05004,11190.876617141792,14.891382061755678,2.771545280604716,35.56899503244544,2.272838866423423,2.8041374,39.08106845,17.501414970684795
1302,90,393,USNE05,USNE05005,10498.076011209145,16.275890601355172,2.455579333180282,34.65959507865055,2.273408913531797,1.8374790789432276,40.871352818815055,17.902584776879102
1303,90,393,USNE05,USNE05006,8788.398271973287,17.442726290602497,1.9692243919268568,34.731725623961715,1.2264696090122675,1.8185021449658965,42.770125418826275,17.48395281
1698,122,495,USWI01,USWI01017,18924.75987075303,11.663059702707306,4.666322632861085,37.656441191014636,1.1972950967727014,1.5010738192505535,37.068585839549726,17.91028142055129
1699,122,495,USWI01,USWI01018,27398.946322039053,11.180860687313183,4.6481646017647265,39.209652970527685,1.7884375655763265,1.659391174679618,35.59242730346214,17.101926383989493
1700,122,495,USWI01,USWI01019,20708.14652120848,11.488598772357932,4.732729553189105,37.54137271361074,1.5794504014950035,1.7992769650388163,36.782631324393634,17.564539042272692
1710,122,498,USWI01,USWI01031,23508.124567592553,12.410289467730383,4.740820498479624,38.221080338111825,2.6895382599287854,2.6739960550347135,34.473674552400084,17.200890296044957
1711,122,498,USWI01,USWI01032,20214.308008912878,12.828126509081649,4.748918716092441,37.74230998491183,3.2161638891647706,2.5880010568599787,35.102544245905776,16.602062107065205
1712,122,498,USWI01,USWI01033,26823.338961893463,12.298506340825224,5.261824968035636,38.834864836010816,2.8695832510761736,2.1759451122901603,35.092329244517956,15.765452588069254
1701,122,495,USWI01,USWI01901,23160.42165924599,11.158996344421295,4.785304033309524,37.575371323963424,1.8628645718411243,1.6752824069220404,35.934212977318964,18.166964686644928
445,45,192,USCO01,USCO01001,2247.6173333651836,13.08715648,,20.92193719991292,3.4045521579873363,,44.546031725813435,31.127478916286297
439,45,191,USCO01,USCO01002,2878.5212709099133,12.940933899744687,,21.74882421494134,3.556314791354974,1.891885770193211,44.34283847930535,28.460136744205123
451,45,193,USCO01,USCO01003,3577.1649550159214,12.027625016619005,,20.401133493858485,3.207382473372576,1.8587839999303384,45.420775641282766,29.11192439155584
417,45,183,USCO01,USCO01004,1973.9753771222247,12.498179134951462,,20.288092550193213,,,43.77598542864731,35.93592202115948
415,45,182,USCO01,USCO01005,2124.969085354476,13.267835957834622,,21.74298405771055,,,41.588223226335835,36.66879271595361
419,45,184,USCO01,USCO01006,3754.2085029887953,12.174919718239574,,19.550527449913933,4.278309848247489,1.920540640416465,44.620246084829574,29.630375976592543
947,72,311,USMN03,USMN03001,11025.709092423755,10.84985224782806,3.4101697767804042,32.01039411860114,2.5596788571498577,1.8775537587379636,37.300224719953206,22.841978768777434
948,72,311,USMN03,USMN03002,10620.14474,14.972047723936699,2.104930522334627,36.15656446,1.6177621631695638,1.8955401973649826,40.898994815566745,17.32620783679329
949,72,311,USMN03,USMN03003,9091.676782,16.537306365661646,1.6069210302217436,33.58327572784939,3.258560892993463,1.8417714283383555,42.234908056242205,17.474562864354837
950,72,311,USMN03,USMN03004,10776.753305032076,12.402782524054698,2.602756687361829,32.341499571676444,2.895150926318784,1.634090568691783,38.32485514360994,22.201647102341227
951,72,312,USMN03,USMN03005,10033.417687073996,17.715937435239578,1.7878225861541508,31.688211860289627,3.017810503533777,1.1123822410970976,43.05267732,19.341095484831442
952,72,312,USMN03,USMN03006,8650.387089796643,18.57748044497159,1.6609526357323336,32.239551139547885,2.7143861232921616,0.8436595434349939,44.16755847059708,18.373892087395546
953,72,312,USMN03,USMN03007,12029.479582186703,18.34258559,1.9127691648051712,37.28902474112951,2.6992233100843572,0.9617348777133704,41.37940087186227,15.757847034405303
954,72,312,USMN03,USMN03008,11774.262444648582,19.559733627972214,1.7321426789373076,35.01455450248341,2.835043178941949,0.7918546901309281,42.19405150732179,17.43235344
955,72,313,USMN03,USMN03009,11425.648937595202,15.674152463478535,2.533439254873095,35.29351102031298,2.063613749074149,1.1798113564602495,41.88553132477025,17.04409329450928
956,72,313,USMN03,USMN03010,15040.138574655803,15.30605999670583,2.7922433014910357,35.744416824302895,1.196843478491443,1.5987056998059208,41.22346349788163,17.444327198027068
957,72,313,USMN03,USMN03011,16016.347141081695,15.034337880522042,2.4649475263468488,36.90641868261429,2.1591167309376775,1.7450321952226064,40.44616364066158,16.27832122421699
958,72,313,USMN03,USMN03012,15957.571517373091,15.244276308987688,2.7153232768061932,35.72989834861181,2.0962583958930536,1.328192997394923,40.94005942454884,17.19026755674517
943,72,310,USMN03,USMN03013,12726.907108366897,17.20604305735636,2.6967947743483727,34.69504843715394,0.6354643780032232,0.9330712108865187,41.63139247,19.40822873068274
944,72,310,USMN03,USMN03014,17697.939293760173,15.106391393381683,3.0488747161047325,36.14802173668403,2.0077036363956586,1.1907775870167046,40.52359030576665,17.08103201803223
945,72,310,USMN03,USMN03015,12262.192264588795,14.373931617369445,3.154714965702818,35.54519283697401,,0.9065862880671343,40.20692240357155,20.186583505684506
946,72,310,USMN03,USMN03016,14543.863507221444,17.156406397431482,2.5980037420781796,36.74303630318476,0.6152485630824401,0.8706294688116747,40.986162848446725,18.186919074396226
459,46,195,USCO02,USCO02001,10093.54726122543,13.902300607054471,2.896655273247066,35.030202703551566,,1.9957925134574355,39.46343710293386,20.613912406810083
491,46,204,USCO02,USCO02002,8160.624680818323,12.491610236298571,2.789227848748567,31.16032698559525,,1.9251124770294028,41.610765798525065,22.514566890101715
475,46,201,USCO02,USCO02003,10728.803576921306,10.642750804884587,2.8263544763288455,36.58931002,0.7539727685385034,3.703120534780831,36.01482385395256,20.112418344541055
457,46,194,USCO02,USCO02005,11519.917340187576,8.805537441,4.171224201834857,37.32118054492366,0.9963798059970848,2.336239968434958,34.024290773507154,21.150684705302282
487,46,203,USCO02,USCO02006,8038.263048664991,9.200008811882283,2.909372737160539,35.110069279125454,2.3949707599543886,2.108337498061962,34.81493817247372,22.662311553223965
469,46,200,USCO02,USCO02007,8518.268061693163,9.899941488722876,3.963959533504444,34.16812997996059,,2.5895766067620833,37.549484851548435,21.728849028224445
461,46,196,USCO02,USCO02009,17722.652479215605,8.996979491397184,4.515731311520689,36.43021674825115,1.9558796033471297,1.8688745035151082,36.04821030785871,19.181087525507223
495,46,205,USCO02,USCO02010,16558.036891728632,8.336067481195434,4.338558950502201,35.647266873289425,1.7302480851391375,3.129739945,36.23771042059518,18.91647572550723
481,46,202,USCO02,USCO02011,19028.462564046084,9.189927336913467,4.194566562210769,36.21673978031122,1.6715900141927964,1.329586313,36.909149677081956,19.67836765328442
460,46,195,USCO02,USCO02014,11478.00054443764,10.963011706112802,3.4825746001824043,36.72494210093499,1.1306112054511048,2.169615315130095,36.916525371016114,19.57573140728529
492,46,204,USCO02,USCO02015,9156.533472604726,10.239932080971975,3.331487354345421,33.15360635357117,0.9652155684131871,2.3018380493349233,38.416930538715874,21.83092213561942
476,46,201,USCO02,USCO02016,11538.38911196316,8.932601587906735,4.009724863694467,34.618382255456304,1.7779842632772325,3.9824263680497176,35.61745750855654,19.994024740965745
458,46,194,USCO02,USCO02018,7031.6973537168105,15.142698247837895,2.4676583119343456,31.801703922069656,,1.5497674683138185,40.85986440986745,23.32100588781474
488,46,203,USCO02,USCO02019,6636.995248182708,14.025903451472798,1.7441491766730293,34.937263128226434,,3.438462086111633,38.13121776093134,21.748907848057556
470,46,200,USCO02,USCO02020,7911.880081446201,12.302703575215752,2.887788185177946,35.17871164224199,,2.441820860887007,37.53842965344233,21.95324965825073
462,46,196,USCO02,USCO02022,18848.176030009636,8.595345444875564,4.577359024749913,37.549923500333946,2.032903269271118,1.953364453596191,35.26129351315577,18.625156238893066
496,46,205,USCO02,USCO02023,16512.014887480673,8.618086628,4.312681571167346,37.89522859702409,1.7322672306523716,1.8742205736620072,35.71302273779103,18.472579289703162
482,46,202,USCO02,USCO02024,18352.287390749018,7.961323837860451,4.116027305,37.95732335965611,1.1390936517301793,2.975488813407794,34.859653835509526,18.952413034332835
533,47,216,USCO03,USCO03001,6148.121163083332,13.314854091657617,1.9206327780738184,31.518027137702784,1.491787093187402,1.6294815735889312,40.19784660709896,23.24222481034811
517,47,213,USCO03,USCO03002,6206.594087981635,15.154548657079703,1.298473270370311,32.06446157302328,1.509752035033653,1.3454714458223265,38.86756626551727,24.914275410233174
501,47,207,USCO03,USCO03003,7230.947028955703,15.274136890713335,2.5541959540657326,35.51141736991754,,1.813464064306375,39.868515784655514,20.252406827054855
529,47,215,USCO03,USCO03005,4908.625067529686,14.16081806066182,1.6030420340390248,34.71980161580859,,,37.49641205695965,26.180744293192735
511,47,212,USCO03,USCO03006,7396.7723658941495,10.592679006297281,3.0431437821017453,37.37673790347121,0.8840886414693332,1.7001113590708228,33.25010425698331,23.745814056903566
499,47,206,USCO03,USCO03007,9775.542289614827,10.304275415985538,3.8029893864600997,37.949000484451204,,2.538733892,34.30401538,21.40526085716275
537,47,217,USCO03,USCO03009,7435.389206485036,16.38043191806734,2.1359265909024656,34.851744523466934,,1.8004412882873335,38.969656802478625,22.242230794864636
523,47,214,USCO03,USCO03010,10546.213412933661,14.050948867070185,2.722136676082073,35.48816665554024,0.958005585,1.7176932340435902,40.29311779368938,18.820880055962714
503,47,208,USCO03,USCO03011,14424.14554758633,12.317417090226618,2.8878130179573485,37.237238548457746,1.1541775722641965,4.801771043467926,36.795806198604026,17.123193619248752
518,47,213,USCO03,USCO03014,5872.131372,13.838870288893533,2.254797903373025,32.76619174110007,2.5237903809735287,1.528056634672734,39.80823929631879,21.11892404356185
534,47,216,USCO03,USCO03015,5961.958921174149,14.19170821980055,1.6690571453831566,32.964089576717214,1.6095591565061955,1.6830732701251787,38.85348709095718,23.220733760311077
502,47,207,USCO03,USCO03016,6941.208015049855,17.600704317398762,2.043013595742708,32.46266404211862,,2.073330969525575,43.394668214500115,20.026323178112985
512,47,212,USCO03,USCO03018,5566.435882175597,13.841265770937316,2.083022365539953,35.61149792905764,1.0565980981606822,1.0280633186031707,37.30263846558751,22.918179823051048
530,47,215,USCO03,USCO03019,6357.559374079627,12.633051271397242,2.1366134577565723,37.71430509465857,,1.1343180354669717,34.94590599333471,24.06885741878317
500,47,206,USCO03,USCO03020,8158.707577400236,14.42433577122499,2.495241803,34.809404295767344,1.609742941034724,2.0824853403251034,39.32185737489932,19.681268244824395
524,47,214,USCO03,USCO03022,7654.743198,14.535306772593424,2.8364265716739725,34.01558883020931,,1.754788608749308,41.25190028226568,20.14129570710174
504,47,208,USCO03,USCO03024,9102.532203551484,14.804628138205116,2.902270535201046,34.89488135527077,2.2132087762693047,1.5991161895811468,39.44718961,18.943333533336936
1541,108,463,USSD02,USSD02001,12343.403837384767,14.479589119758554,3.5400861742687053,35.98537822980606,2.0627878929620427,0.8896933681618653,39.156867711100986,18.365186623700332
1542,108,463,USSD02,USSD02002,13098.986988816061,12.68394329617875,4.136947205214296,38.76009646330598,1.5496507744643233,1.731582706458069,36.85756421911502,16.964158631442302
1543,108,463,USSD02,USSD02003,11228.622463013055,13.98870742089439,3.4779359603956097,37.41954362724961,2.7037276510494266,0.9604042424450305,37.95253940466891,17.485849114191417
1544,108,463,USSD02,USSD02004,16326.688499170876,12.44098033151111,4.678345780000676,39.05231106971659,1.4826382208461855,1.148568062112165,37.334932483185966,16.30320438413842
1524,108,461,USSD02,USSD02005,15037.491441727783,12.95537799441443,3.686396332201976,38.072322444609206,2.9729238105391205,1.1554836051027497,37.02918546080078,17.083688346746165
1525,108,461,USSD02,USSD02006,14571.057173414374,13.17085113538854,3.9077067075227294,37.45557852,2.3743674326122517,1.291696618573612,38.05515275347556,16.91549796810936
1526,108,461,USSD02,USSD02007,8885.815982,14.202636839709077,3.2221917453010835,36.29311405528732,,0.8485061072383602,39.94339043289531,19.69279765927792
1527,108,461,USSD02,USSD02008,11961.676259012065,12.91171730718672,3.914593177300558,37.11737185270921,1.6192280495782103,1.869991089786136,38.06645448054194,17.412361350083955
1557,108,464,USSD02,USSD02009,16075.169710175405,12.983357481238551,3.8925403415137843,37.28047454635924,1.849180916090295,1.853227214935004,37.47311542036893,17.651461560732766
1558,108,464,USSD02,USSD02010,13284.656424966146,13.024697984580737,3.62688905,37.762296261831075,3.0445714290965853,1.7901024496846867,37.347544609852854,16.428596199604904
1559,108,464,USSD02,USSD02011,12621.573263244585,13.47439416209927,3.6040403522032114,37.205337420158536,2.176421382005771,1.5020162677778548,38.683048016767536,16.829136561087086
1560,108,464,USSD02,USSD02012,10542.150182449559,13.959578858049102,3.138944349478706,36.42175589504106,2.3010721953574182,0.9746711421174916,39.21407115,17.94948527141423
1532,108,462,USSD02,USSD02013,13310.670217312188,12.7586509,3.803698536076618,36.34637257367248,2.036438604435415,1.1107600684644474,37.84072858307114,18.862001634279903
1533,108,462,USSD02,USSD02014,13664.953627118473,12.169452214053285,4.365600675972082,37.708090600309035,2.332124533,1.5916010675379915,37.001505597458674,17.00107752551103
1534,108,462,USSD02,USSD02015,12573.712961079074,12.599369872837038,3.824142199966807,36.49555460532705,2.4957427503645437,0.9547548329015993,37.132780234540995,19.097025376899012
1535,108,462,USSD02,USSD02016,13403.543932489692,12.774867728787262,3.978088121145574,38.64731058541028,2.337431596172471,1.446849371131914,37.55975006086052,16.030570265279223
1322,93,400,USNY02,USNY02009,35466.15009176361,13.281015857376529,3.7667827219113597,35.849533713321215,2.140724578712076,2.371780325851789,35.49893209317726,20.372246567026302
334,38,164,USAR01,USAR01002,45719.90611232443,18.06168806678376,3.1910955515189174,42.82245644436027,1.6172754672673106,1.5289194382978202,38.05460385572511,12.785649242830559
335,38,164,USAR01,USAR01005,46783.241443574356,18.32432694055701,3.607874495840155,42.344303567083884,1.892486901715157,1.6950839295463664,38.18505209635216,12.275199009462266
336,38,164,USAR01,USAR01007,42543.326480959244,18.487333186259452,3.2364391417019225,41.373278240303215,3.0782525579382676,1.9554656623688689,37.83846703625497,12.518097361432764
612,56,243,USIA03,USIA03001,22414.051798865286,14.184521192376838,3.531668891429536,34.32830113108046,2.6794364410408855,2.462689671482149,40.09787598629367,16.900027878673285
613,56,243,USIA03,USIA03002,22738.620977749713,17.062776750765785,2.1709351470882683,32.891441600249976,3.072591722646957,1.2763258130293529,42.70891101130698,17.879794705678464
614,56,243,USIA03,USIA03003,23063.40240360653,14.66485176204918,2.674558802084517,36.50019754,3.0575741246384314,1.305904864615554,38.54098422828214,17.920780443605462
615,56,243,USIA03,USIA03004,27720.22029791732,12.728273417898995,3.7120662071907478,33.011677316997115,1.6900205904308454,1.2284203054176157,39.671996564216535,20.685819015747164
616,56,244,USIA03,USIA03005,32730.49389366383,12.70287446493129,4.163833251498676,35.188831845093496,2.2690395456421775,1.4858766908385688,38.078183009317485,18.814235657609597
617,56,244,USIA03,USIA03006,19656.472436274595,14.825899793512633,4.050594513618379,32.97291947165947,0.9577040393209659,1.0099599864426887,41.75028251075413,19.25853947820437
618,56,244,USIA03,USIA03007,29593.451078697384,13.560178405838398,3.6240695372733254,33.06377598641838,1.3471494765683374,1.082843243171544,37.56401515528296,23.318146601285456
619,56,244,USIA03,USIA03008,31285.338305484227,13.099844655832856,3.4433858775837427,31.741793082929398,1.872943632377384,0.8359881887144275,37.23615691137594,24.86973230701911
620,56,245,USIA03,USIA03009,24972.07437791794,14.485821827580601,3.3717898073758263,32.61248574460886,3.1822612908750387,0.9870230220672855,39.18391348741961,20.662526647653394
621,56,245,USIA03,USIA03010,21611.568463226253,14.95707100565366,2.409651174123093,34.97013378549986,2.070816244151248,0.8406816124804606,39.739120089983416,19.96959709376193
622,56,245,USIA03,USIA03011,29400.566146641235,12.51472826906173,4.615236546,33.063258217822224,1.8132962412315359,1.135373602146862,37.25317521161349,22.11966018078415
623,56,245,USIA03,USIA03012,32635.605290670308,14.496630263498375,2.9520998255380424,30.727194565071294,2.3725261656328325,1.0029638355441468,38.86473986842571,24.080475739787964
1422,98,430,USOK01,USOK01007,18383.286806587537,15.443381490244784,3.691801644595053,36.76204537940148,1.3514833651757072,2.316066261,41.36738068568875,14.51122266372239
582,54,235,USIA01,USIA01004,8601.933410659038,18.006306984341766,1.9745899396808064,32.67788075434641,2.0625630031160265,1.5861087016188349,41.57526002327718,20.12359757796074
583,54,235,USIA01,USIA01005,8939.572831473215,19.589624304977963,1.8074503313016814,34.16233416770191,2.7461039428430243,1.2235834765052436,41.17237939199695,18.88814868965119
584,54,235,USIA01,USIA01006,10077.616352782148,16.868793028978747,1.7534102803938025,29.779041815134484,2.3312220476208694,1.0706913406649698,41.37034866468076,23.695285851505105
585,54,236,USIA01,USIA01007,10055.13354357195,16.84150504009372,1.680274930698538,30.45842858696781,2.3396737966999885,0.9583850776149889,42.835114580957644,21.728123027061034
586,54,236,USIA01,USIA01008,10131.692934148396,17.218447423919258,2.207360617177202,34.380762418210274,3.1174696493031218,1.3704119707475548,41.54663978241388,17.377355562147972
587,54,236,USIA01,USIA01009,7462.963455324321,19.10520929,1.827810572230441,36.506528248519054,2.6051412947505117,1.4914925250075466,39.924607493376875,17.64441986611558
